round,probe_loss,probe_entropy,output_drift_vs_0,output_drift_vs_prev,delta_norm,theta_norm,applied_change,gross_drift,net_drift,drift_ratio,nan_count,inf_count,layer_drift_sum,delta_cosine,param_hash,hash_changed
0,3.2205093363525066,4.568333983421326,0.0,0.0,,,,,,,,,,,,
1,,,,,1.4648929238319397,13.890587218105793,0.35157431941479445,0.35157431941479445,0.35157431941479445,0.9999999999971557,0,0,0.35157431941479445,,,
2,,,,,1.4481428861618042,13.928159385919571,0.3475542841479182,0.6991286035627127,0.6984439985826612,0.9990207738925831,0,0,0.6984439985826612,0.9960876107215881,,
3,,,,,1.4302638173103333,13.965571627020836,0.34326330525800586,1.0423919088207185,1.040624625980854,0.9983045888730446,0,0,1.040624625980854,0.9976540803909302,,
4,,,,,1.401730716228485,14.002458781003952,0.33641535229980946,1.378807261120528,1.375014141201973,0.9972489846648547,0,0,1.375014141201973,0.9973487854003906,,
5,,,,,1.371813952922821,14.038796588778496,0.3292353292927146,1.7080425904132426,1.7005204372107983,0.9955960388542653,0,0,1.7005204372107983,0.9967805743217468,,
6,,,,,1.3501152992248535,14.074625179171562,0.32402767101302743,2.03207026142627,2.016526021063328,0.9923505399104534,0,0,2.016526021063328,0.9882006049156189,,
7,,,,,1.330802857875824,14.110142350196838,0.3193926722742617,2.3514629337005317,2.325882602483034,0.9891215247955321,0,0,2.325882602483034,0.9970641732215881,,
8,,,,,1.308427333831787,14.145279586315155,0.31402255967259407,2.665485493373126,2.627348218113184,0.9856921842734677,0,0,2.627348218113184,0.9961317777633667,,
9,,,,,1.2947702407836914,14.180206060409546,0.31074485974386334,2.976230353116989,2.9238126054406166,0.98238787275909,0,0,2.9238126054406166,0.9973666667938232,,
10,3.2204083730183433,4.5679450035095215,0.033965048380196095,0.03999210335314274,1.277510166168213,14.214717388153076,0.30660243378952146,3.2828327869065106,3.21311017498374,0.9787614488919947,0,0,3.21311017498374,0.9972478747367859,,
11,,,,,1.2564293146133423,14.248633801937103,0.30154303228482604,3.5843758191913366,3.494919754564762,0.9750427775601579,0,0,3.494919754564762,0.9967561960220337,,
12,,,,,1.2448658347129822,14.282183945178986,0.29876779997721314,3.8831436191685498,3.7704237550497055,0.9709720074314556,0,0,3.7704237550497055,0.9972387552261353,,
13,,,,,1.2323216795921326,14.315298438072205,0.2957571796141565,4.178900798782706,4.0390330627560616,0.9665300176380464,0,0,4.0390330627560616,0.9973397850990295,,
14,,,,,1.2233690023422241,14.348120957612991,0.2936085546389222,4.4725093534216285,4.302256919443607,0.9619335767629565,0,0,4.302256919443607,0.9976726174354553,,
15,,,,,1.2151514291763306,14.380586862564087,0.2916363263502717,4.7641456797719,4.560523599386215,0.9572594764993855,0,0,4.560523599386215,0.9981160163879395,,
16,,,,,1.204769492149353,14.412518620491028,0.2891446785070002,5.0532903582789,4.813474752008915,0.9525426822390992,0,0,4.813474752008915,0.9975600242614746,,
17,,,,,1.1988985538482666,14.444239735603333,0.2877356419339776,5.341026000212878,5.06291476637125,0.9479292492057723,0,0,5.06291476637125,0.9982775449752808,,
18,,,,,1.2028678953647614,14.476066827774048,0.2886882941238582,5.629714294336736,5.312101893126965,0.9435828561441882,0,0,5.312101893126965,0.998329222202301,,
19,,,,,1.2000341713428497,14.507783830165863,0.2880082046613097,5.917722498998046,5.559065327048302,0.9393927018356455,0,0,5.559065327048302,0.998721182346344,,
20,3.2202942137699204,4.5679322481155396,0.05913622211664915,0.037022107280790806,1.2012690901756287,14.539553880691528,0.28830457851290703,6.206027077510953,5.804847605526447,0.9353564741218722,0,0,5.804847605526447,0.9987786412239075,,
21,,,,,1.2020383477210999,14.571292102336884,0.2884891973808408,6.494516274891794,6.050006866455078,0.931556194545828,0,0,6.050006866455078,0.9988990426063538,,
22,,,,,1.2031273543834686,14.603038430213928,0.28875054651871324,6.783266821410507,6.294061549007893,0.9278805794783969,0,0,6.294061549007893,0.9990791082382202,,
23,,,,,1.2093198001384735,14.634928345680237,0.2902367413043976,7.0735035627149045,6.538524530827999,0.9243685922902826,0,0,6.538524530827999,0.9990881681442261,,
24,,,,,1.207578867673874,14.666761934757233,0.2898189169354737,7.363322479650378,6.781559027731419,0.9209917189519176,0,0,6.781559027731419,0.9992030262947083,,
25,,,,,1.2104008793830872,14.698700606822968,0.2904961947351694,7.653818674385548,7.0247029066085815,0.9178036749311428,0,0,7.0247029066085815,0.999426543712616,,
26,,,,,1.228722482919693,14.731291830539703,0.29489337792620063,7.948712052311748,7.2709663808345795,0.914735158725372,0,0,7.2709663808345795,0.9969207644462585,,
27,,,,,1.2302540242671967,14.763992965221405,0.29526093835011125,8.24397299066186,7.517489492893219,0.9118770162647964,0,0,7.517489492893219,0.9995280504226685,,
28,,,,,1.2310922741889954,14.796747922897339,0.2954621254466474,8.539435116108507,7.763799205422401,0.9091701148681508,0,0,7.763799205422401,0.9994631409645081,,
29,,,,,1.2333885729312897,14.829641044139862,0.29601325979456306,8.83544837590307,8.010904386639595,0.9066777424094106,0,0,8.010904386639595,0.9996753931045532,,
30,3.220192731677457,4.568129539489746,0.08466621488332748,0.037800106685608625,1.234111875295639,14.862570822238922,0.2961868243291974,9.131635200232267,8.257696032524109,0.9042954357520947,0,0,8.257696032524109,0.9994442462921143,,
31,,,,,1.231178194284439,14.89547073841095,0.2954827672801912,9.427117967512459,8.504968777298927,0.902181218757172,0,0,8.504968777298927,0.9992929697036743,,
32,,,,,1.2302313446998596,14.928402543067932,0.2952555073425174,9.722373474854976,8.75167778134346,0.900158567656043,0,0,8.75167778134346,0.9994299411773682,,
33,,,,,1.2350988984107971,14.961575388908386,0.29642374627292156,10.018797221127898,9.000474616885185,0.8983587967928779,0,0,9.000474616885185,0.999713122844696,,
34,,,,,1.234906256198883,14.994774341583252,0.2963775033131242,10.315174724441022,9.249192759394646,0.896658855179495,0,0,9.249192759394646,0.9996762871742249,,
35,,,,,1.2394176125526428,15.02816915512085,0.297460213303566,10.612634937744588,9.49932111799717,0.8950954380058119,0,0,9.49932111799717,0.9998008608818054,,
36,,,,,1.2331295013427734,15.061312079429626,0.2959510679356754,10.908586005680263,9.748217955231667,0.8936280055137055,0,0,9.748217955231667,0.9993319511413574,,
37,,,,,1.2374723851680756,15.094659447669983,0.2969933832064271,11.20557938888669,9.998773783445358,0.8923031497470721,0,0,9.998773783445358,0.9998489618301392,,
38,,,,,1.238946110010147,15.12808096408844,0.2973470510914922,11.502926439978182,10.250019878149033,0.8910793206956805,0,0,10.250019878149033,0.99982088804245,,
39,,,,,1.2398981153964996,15.161611080169678,0.2975755464285612,11.800501986406744,10.50195698440075,0.8899584946892338,0,0,10.50195698440075,0.9998001456260681,,
40,3.220115436690737,4.568390429019928,0.1111661959439516,0.037952243350446224,1.2419190108776093,15.195231080055237,0.29806055407971144,12.098562540486455,10.754663601517677,0.88892077596223,0,0,10.754663601517677,0.9998236298561096,,
41,,,,,1.244066298007965,15.229012966156006,0.29857591120526195,12.397138451691717,11.0086510181427,0.8879993605814387,0,0,11.0086510181427,0.999746561050415,,
42,,,,,1.2435376048088074,15.262786626815796,0.2984490152448416,12.695587466936558,11.262875139713287,0.8871487963077402,0,0,11.262875139713287,0.9998371005058289,,
43,,,,,1.2491072118282318,15.296827554702759,0.2997857262380421,12.9953731931746,11.519052669405937,0.8863964503501185,0,0,11.519052669405937,0.9998359084129333,,
44,,,,,1.2528087496757507,15.331042289733887,0.3006740999408066,13.296047293115407,11.776868745684624,0.8857420920713566,0,0,11.776868745684624,0.9999122023582458,,
45,,,,,1.252398669719696,15.365263104438782,0.30057568196207285,13.59662297507748,12.034805417060852,0.8851319507145036,0,0,12.034805417060852,0.9997704029083252,,
46,,,,,1.267257034778595,15.400154709815979,0.30414168164134026,13.90076465671882,12.296648040413857,0.8846022750604218,0,0,12.296648040413857,0.9986972212791443,,
47,,,,,1.2701265215873718,15.435200095176697,0.3048303406685591,14.20559499738738,12.560062691569328,0.8841630846070458,0,0,12.560062691569328,0.9999057650566101,,
48,,,,,1.2699105739593506,15.470303654670715,0.30477852700278163,14.510373524390161,12.823857307434082,0.8837716882944374,0,0,12.823857307434082,0.9998896718025208,,
49,,,,,1.2708369493484497,15.505480170249939,0.3050008681602776,14.815374392550439,13.08854229748249,0.8834432361063296,0,0,13.08854229748249,0.9999194741249084,,
50,3.2200623936545485,4.568684637546539,0.13867677561938763,0.038312370888888836,1.2727156281471252,15.540748000144958,0.3054517349228263,15.120826127473265,13.354015156626701,0.8831538068123606,0,0,13.354015156626701,0.9999023675918579,,
51,,,,,1.2687744498252869,15.575931549072266,0.3045058739371598,15.425332001410425,13.619207441806793,0.8829117869593102,0,0,13.619207441806793,0.9997507929801941,,
52,,,,,1.270035445690155,15.611186623573303,0.3048085090704262,15.730140510480851,13.88499467074871,0.8826999772504499,0,0,13.88499467074871,0.9999029636383057,,
53,,,,,1.2717114686965942,15.646577715873718,0.30521076079458,16.03535127127543,14.151883974671364,0.8825428102732708,0,0,14.151883974671364,0.9999496936798096,,
54,,,,,1.273338794708252,15.682093501091003,0.3056013025343418,16.340952573809773,14.419946119189262,0.8824421987675152,0,0,14.419946119189262,0.9999589323997498,,
55,,,,,1.272929608821869,15.717669248580933,0.3055031024850905,16.646455676294863,14.688444212079048,0.8823766751137918,0,0,14.688444212079048,0.9999195337295532,,
56,,,,,1.2723113298416138,15.75320565700531,0.3053546976298094,16.951810373924673,14.957117155194283,0.8823315519267775,0,0,14.957117155194283,0.9998381733894348,,
57,,,,,1.2740131616592407,15.788856983184814,0.30576314497739077,17.257573518902063,15.226686805486679,0.8823191040622337,0,0,15.226686805486679,0.9999491572380066,,
58,,,,,1.2737727165222168,15.824580073356628,0.3057054462842643,17.563278965186328,15.496891736984253,0.8823461591483619,0,0,15.496891736984253,0.9999679327011108,,
59,,,,,1.2757766842842102,15.860412120819092,0.30618642177432775,17.869465386960655,15.767958641052246,0.8823967757064093,0,0,15.767958641052246,0.9999577403068542,,
60,3.22003298654341,4.569012820720673,0.1667991653084755,0.03854324575513601,1.2772899866104126,15.896387934684753,0.30654960265383124,18.176014989614487,16.040179282426834,0.8824915302716839,0,0,16.040179282426834,0.999976396560669,,
61,,,,,1.277829349040985,15.932455778121948,0.3066790271550417,18.48269401676953,16.313138008117676,0.8826168952056299,0,0,16.313138008117676,0.9998993873596191,,
62,,,,,1.2787591218948364,15.968620538711548,0.30690218787640333,18.78959620464593,16.586825042963028,0.8827664449149192,0,0,16.586825042963028,0.9999598860740662,,
63,,,,,1.2802019715309143,16.004895448684692,0.30724847689270973,19.09684468153864,16.86133086681366,0.8829380532750006,0,0,16.86133086681366,0.9999651908874512,,
64,,,,,1.2820623517036438,16.041314840316772,0.30769495852291584,19.404539640061557,17.136905997991562,0.8831390136466188,0,0,17.136905997991562,0.9999732375144958,,
65,,,,,1.2816014289855957,16.077765464782715,0.30758433789014816,19.712123977951705,17.412692070007324,0.8833493584700862,0,0,17.412692070007324,0.9999416470527649,,
66,,,,,1.29035085439682,16.114686727523804,0.30968422070145607,20.02180819865316,17.69117185473442,0.8835951118502673,0,0,17.69117185473442,0.9994837045669556,,
67,,,,,1.2924994826316833,16.15176773071289,0.3101998879574239,20.332008086610585,17.970848888158798,0.8838698475627902,0,0,17.970848888158798,0.9999731183052063,,
68,,,,,1.2902299761772156,16.188793182373047,0.30965518951416016,20.641663276124746,18.25006127357483,0.8841371467716435,0,0,18.25006127357483,0.9998540878295898,,
69,,,,,1.2945974469184875,16.226075649261475,0.31070336420089006,20.952366640325636,18.531024366617203,0.8844358579975821,0,0,18.531024366617203,0.9998925924301147,,
70,3.220022481687832,4.569355487823486,0.19545827060937881,0.03888377686962485,1.2935453653335571,16.263347148895264,0.31045088032260537,21.26281752064824,18.81221652030945,0.8847471179226409,0,0,18.81221652030945,0.999936044216156,,
71,,,,,1.29086834192276,16.300565719604492,0.3098084032535553,21.572625923901796,19.093008756637573,0.8850572398551737,0,0,19.093008756637573,0.9998704195022583,,
72,,,,,1.2924085855484009,16.337903022766113,0.3101780670695007,21.882803990971297,19.374704360961914,0.8853849062923977,0,0,19.374704360961914,0.9999805688858032,,
73,,,,,1.2911797761917114,16.37522554397583,0.30988314747810364,22.1926871384494,19.65634635090828,0.8857127678266716,0,0,19.65634635090828,0.9999479651451111,,
74,,,,,1.2933712601661682,16.412719011306763,0.3104090872220695,22.50309622567147,19.93901762366295,0.8860566307722441,0,0,19.93901762366295,0.9999772906303406,,
75,,,,,1.294990360736847,16.45033073425293,0.31079767644405365,22.813893902115524,20.222512185573578,0.8864121255380024,0,0,20.222512185573578,0.9999882578849792,,
76,,,,,1.2925381660461426,16.48784065246582,0.31020915834233165,23.124103060457855,20.505567282438278,0.8867616282813515,0,0,20.505567282438278,0.9998805522918701,,
77,,,,,1.293394148349762,16.52544593811035,0.3104146020486951,23.43451766250655,20.789294242858887,0.8871227708739785,0,0,20.789294242858887,0.9999868869781494,,
78,,,,,1.294485092163086,16.56316900253296,0.3106764075346291,23.74519407004118,21.073675602674484,0.8874922453997468,0,0,21.073675602674484,0.9999861121177673,,
79,,,,,1.295266568660736,16.600972175598145,0.3108639642596245,24.056058034300804,21.35862922668457,0.8878690430588861,0,0,21.35862922668457,0.9999842643737793,,
80,3.220031106044572,4.569717645645142,0.22456400282680988,0.039121315348893404,1.294766366481781,16.638818740844727,0.3107439042069018,24.366801938507706,21.643707275390625,0.8882457094702048,0,0,21.643707275390625,0.9999619126319885,,
81,,,,,1.2955451607704163,16.6767635345459,0.3109308131970465,24.677732751704752,21.92954221367836,0.888636830389638,0,0,21.92954221367836,0.9999601244926453,,
82,,,,,1.2958460450172424,16.714791297912598,0.3110030428506434,24.988735794555396,22.21576714515686,0.8890312550343742,0,0,22.21576714515686,0.9999791383743286,,
83,,,,,1.295799195766449,16.752878665924072,0.3109918050467968,25.299727599602193,22.502295345067978,0.8894283646524681,0,0,22.502295345067978,0.9999855160713196,,
84,,,,,1.2973041534423828,16.79106569290161,0.3113529812544584,25.61108058085665,22.789544373750687,0.8898314267451937,0,0,22.789544373750687,0.9999849796295166,,
85,,,,,1.2984299063682556,16.829376697540283,0.3116231635212898,25.92270374437794,23.07751414179802,0.890243331458129,0,0,23.07751414179802,0.9999762177467346,,
86,,,,,1.3043579459190369,16.868031978607178,0.31304589891806245,26.235749643296003,23.36723256111145,0.8906638033528258,0,0,23.36723256111145,0.9997704029083252,,
87,,,,,1.302635908126831,16.906670808792114,0.3126326142810285,26.548382257577032,23.6569042801857,0.8910864718859854,0,0,23.6569042801857,0.9999690055847168,,
88,,,,,1.3048802018165588,16.945484161376953,0.3131712335161865,26.86155349109322,23.947506099939346,0.8915160512916349,0,0,23.947506099939346,0.9999747276306152,,
89,,,,,1.305899739265442,16.984384059906006,0.31341592175886035,27.17496941285208,24.238524854183197,0.8919430408896425,0,0,24.238524854183197,0.9999818801879883,,
90,3.2200570115371847,4.570106506347656,0.254046693444252,0.03942197794094682,1.3054115772247314,17.02333092689514,0.31329878279939294,27.48826819565147,24.529760867357254,0.8923720000387972,0,0,24.529760867357254,0.9999693632125854,,
91,,,,,1.3031965494155884,17.062206268310547,0.31276713917031884,27.80103533482179,24.820695161819458,0.892797511419647,0,0,24.820695161819458,0.9998882412910461,,
92,,,,,1.3027364611625671,17.101135730743408,0.31265672529116273,28.113692060112953,25.11178568005562,0.8932226200088013,0,0,25.11178568005562,0.9999823570251465,,
93,,,,,1.3045931458473206,17.140198230743408,0.3131023459136486,28.426794406026602,25.403627336025238,0.893650792037201,0,0,25.403627336025238,0.9999858140945435,,
94,,,,,1.3061487078666687,17.179360151290894,0.3134756996296346,28.740270105656236,25.696190983057022,0.8940831414802529,0,0,25.696190983057022,0.9999787211418152,,
95,,,,,1.3055819869041443,17.21855354309082,0.31333969440311193,29.05360980005935,25.988816618919373,0.8945124821930179,0,0,25.988816618919373,0.9999779462814331,,
96,,,,,1.3034993410110474,17.257701635360718,0.3128398568369448,29.366449656896293,26.281045466661453,0.8949343817082372,0,0,26.281045466661453,0.9999397397041321,,
97,,,,,1.3030076026916504,17.29687738418579,0.31272181728854775,29.67917147418484,26.57339856028557,0.8953551342697827,0,0,26.57339856028557,0.9999889135360718,,
98,,,,,1.3034160137176514,17.33613085746765,0.31281986413523555,29.991991338320076,26.866133898496628,0.8957769290953846,0,0,26.866133898496628,0.999994158744812,,
99,,,,,1.3051539659500122,17.37553358078003,0.31323694810271263,30.30522828642279,27.15960195660591,0.8962018599534173,0,0,27.15960195660591,0.9999783039093018,,
100,3.220098155554864,4.570522367954254,0.2837592139840126,0.039597379975020885,1.3043214678764343,17.41494369506836,0.31303716031834483,30.618265446741134,27.453056126832962,0.8966234934041322,0,0,27.453056126832962,0.999980628490448,aee7e5c65807890185a5a47157fdf903423bf625f43f542da7126cb0b7e2be87,True
101,,,,,1.3041606545448303,17.454429626464844,0.31299853743985295,30.931263984180987,27.7468099296093,0.8970473998023103,0,0,27.7468099296093,0.999961256980896,,
102,,,,,1.3049741387367249,17.494006633758545,0.3131937989965081,31.244457783177495,28.041007548570633,0.8974714089507245,0,0,28.041007548570633,0.999988853931427,,
103,,,,,1.305322289466858,17.533658981323242,0.3132773330435157,31.55773511622101,28.335584074258804,0.8978966319954031,0,0,28.335584074258804,0.9999896287918091,,
104,,,,,1.3057236671447754,17.573383331298828,0.31337366346269846,31.87110877968371,28.630443334579468,0.898319651584544,0,0,28.630443334579468,0.9999932050704956,,
105,,,,,1.3054461479187012,17.613152265548706,0.3133070836775005,32.18441586336121,28.925432085990906,0.8987403160831874,0,0,28.925432085990906,0.9999905824661255,,
106,,,,,1.3098262548446655,17.653197526931763,0.3143583182245493,32.49877418158576,29.22179165482521,0.8991659652006742,0,0,29.22179165482521,0.9998629093170166,,
107,,,,,1.310409128665924,17.693320512771606,0.314498164691031,32.81327234627679,29.51840043067932,0.899587219438898,0,0,29.51840043067932,0.9999813437461853,,
108,,,,,1.3109189867973328,17.73353672027588,0.3146205758675933,33.12789292214438,29.81545826792717,0.9000107051178038,0,0,29.81545826792717,0.9999933242797852,,
109,,,,,1.3103686571121216,17.773772954940796,0.31448846450075507,33.44238138664514,30.11259976029396,0.9004322811867161,0,0,30.11259976029396,0.9999779462814331,,
110,3.220149415359396,4.570962309837341,0.31384890526533127,0.03981492621824145,1.3118209838867188,17.814131498336792,0.31483707670122385,33.75721846334636,30.410368978977203,0.9008552944608255,0,0,30.410368978977203,0.9999836683273315,,
111,,,,,1.3092440366744995,17.85441565513611,0.3142185634933412,34.0714370268397,30.707509458065033,0.9012683977454298,0,0,30.707509458065033,0.9999247193336487,,
112,,,,,1.3110485672950745,17.894840478897095,0.31465162243694067,34.386088649276644,31.00543737411499,0.901685495269795,0,0,31.00543737411499,0.9999743103981018,,
113,,,,,1.310873031616211,17.935302257537842,0.31460954900830984,34.700698198284954,31.303447663784027,0.9020984962582184,0,0,31.303447663784027,0.9999887347221375,,
114,,,,,1.3098307847976685,17.97577953338623,0.3143593920394778,35.01505759032443,31.601328313350677,0.9025068210106854,0,0,31.601328313350677,0.9999822378158569,,
115,,,,,1.3104175329208374,18.016340732574463,0.3145002112723887,35.32955780159682,31.89958882331848,0.9029150322927558,0,0,31.89958882331848,0.9999933838844299,,
116,,,,,1.3091513514518738,18.056869983673096,0.31419631745666265,35.64375411905348,32.19760328531265,0.9033168385621989,0,0,32.19760328531265,0.9999498724937439,,
117,,,,,1.3095353841781616,18.09747076034546,0.314288476947695,35.95804259600118,32.49588203430176,0.9037166566434474,0,0,32.49588203430176,0.9999938607215881,,
118,,,,,1.3099039196968079,18.138147354125977,0.31437692465260625,36.272419520653784,32.79446291923523,0.9041156711523176,0,0,32.79446291923523,0.9999924302101135,,
119,,,,,1.3099620938301086,18.178884506225586,0.3143908870406449,36.58681040769443,33.09319692850113,0.9045116685421838,0,0,33.09319692850113,0.9999909400939941,,
120,3.2202152328187252,4.571428120136261,0.3441352881491184,0.03996857861056924,1.3105888962745667,18.219703674316406,0.31454134033992887,36.90135174803436,33.39228814840317,0.9049069090045186,0,0,33.39228814840317,0.999995768070221,,
121,,,,,1.3097887635231018,18.26054859161377,0.3143492806702852,37.21570102870464,33.691383481025696,0.9053002509623147,0,0,33.691383481025696,0.9999824166297913,,
122,,,,,1.309535801410675,18.30144214630127,0.3142886129207909,37.529989641625434,33.99054193496704,0.9056901496521168,0,0,33.99054193496704,0.999989926815033,,
123,,,,,1.3105214834213257,18.34243631362915,0.3145251553505659,37.844514796976,34.29017114639282,0.9060803482445995,0,0,34.29017114639282,0.9999833106994629,,
124,,,,,1.3101667165756226,18.383470058441162,0.31443999568000436,38.158954792656004,34.58980166912079,0.906466171756281,0,0,34.58980166912079,0.9999811053276062,,
125,,,,,1.3110825419425964,18.424602508544922,0.31465978221967816,38.47361457487568,34.88987022638321,0.9068518934835496,0,0,34.88987022638321,0.9999898076057434,,
126,,,,,1.3144913911819458,18.465962886810303,0.31547793466597795,38.78909250954166,35.191025733947754,0.9072402435115043,0,0,35.191025733947754,0.9999071359634399,,
127,,,,,1.31427401304245,18.507357597351074,0.31542575918138027,39.10451826872304,35.49212747812271,0.9076221636134938,0,0,35.49212747812271,0.9999794363975525,,
128,,,,,1.3138041496276855,18.548770427703857,0.315312996506691,39.41983126522973,35.79324471950531,0.9080009622231904,0,0,35.79324471950531,0.9999843239784241,,
129,,,,,1.3158764839172363,18.590349674224854,0.315810349304229,39.73564161453396,36.095157623291016,0.9083824032197761,0,0,36.095157623291016,0.9999540448188782,,
130,3.2202899015915505,4.571919083595276,0.37473198398947716,0.04017730103805661,1.3163552284240723,18.63199472427368,0.31592526752501726,40.05156688205898,36.397323071956635,0.9087615268370396,0,0,36.397323071956635,0.9999957084655762,,
131,,,,,1.3132323026657104,18.673547744750977,0.31517574470490217,40.36674262676388,36.69870740175247,0.909132246341315,0,0,36.69870740175247,0.9999052882194519,,
132,,,,,1.3131957650184631,18.7151517868042,0.3151669716462493,40.68190959841013,37.00024300813675,0.9095011363375585,0,0,37.00024300813675,0.9999971389770508,,
133,,,,,1.3143255710601807,18.756861686706543,0.31543812388554215,40.99734772229567,37.302263259887695,0.9098701582493011,0,0,37.302263259887695,0.999991238117218,,
134,,,,,1.3135504722595215,18.798585891723633,0.31525213923305273,41.312599861528724,37.60418289899826,0.9102352072984702,0,0,37.60418289899826,0.9999907612800598,,
135,,,,,1.3140518069267273,18.840391159057617,0.3153724526055157,41.62797231413424,37.90635967254639,0.9105982723947104,0,0,37.90635967254639,0.9999953508377075,,
136,,,,,1.313202977180481,18.88219118118286,0.3151686955243349,41.943141009658575,38.208413779735565,0.9109573784885615,0,0,38.208413779735565,0.9999729990959167,,
137,,,,,1.3134474754333496,18.924057483673096,0.3152273800224066,42.25836838968098,38.51061826944351,0.9113134211506012,0,0,38.51061826944351,0.9999926090240479,,
138,,,,,1.3129109144210815,18.965951442718506,0.31509859347715974,42.57346698315814,38.81281715631485,0.9116668175431449,0,0,38.81281715631485,0.9999939799308777,,
139,,,,,1.3137714862823486,19.0079345703125,0.3153051361441612,42.8887721193023,39.11534357070923,0.9120182658039833,0,0,39.11534357070923,0.999993622303009,,
140,3.2203757236678285,4.572433412075043,0.405525129288435,0.04039163375273347,1.3133110404014587,19.04995059967041,0.3151946486905217,43.203966767992824,39.417863845825195,0.9123667754282823,0,0,39.417863845825195,0.9999962449073792,,
141,,,,,1.312921941280365,19.09201145172119,0.31510126451030374,43.51906803250313,39.72043514251709,0.9127133676863239,0,0,39.72043514251709,0.9999909400939941,,
142,,,,,1.3132883310317993,19.13414478302002,0.31518923537805676,43.834257267881185,40.023244857788086,0.9130585836825283,0,0,40.023244857788086,0.9999973177909851,,
143,,,,,1.3143262267112732,19.17638635635376,0.31543828547000885,44.149695553351194,40.326504707336426,0.9134039137054597,0,0,40.326504707336426,0.9999896883964539,,
144,,,,,1.3142328262329102,19.21867084503174,0.31541588669642806,44.46511144004762,40.629844665527344,0.9137466060398322,0,0,40.629844665527344,0.9999959468841553,,
145,,,,,1.3136661648750305,19.260980129241943,0.31527988659217954,44.7803913266398,40.93308162689209,0.9140849468758468,0,0,40.93308162689209,0.999989926815033,,
146,,,,,1.3170653581619263,19.30351495742798,0.3160956846550107,45.09648701129481,41.23734611272812,0.914424799927297,0,0,41.23734611272812,0.9999027252197266,,
147,,,,,1.3169828653335571,19.346096515655518,0.31607586285099387,45.412562874145806,41.54171133041382,0.914762539289835,0,0,41.54171133041382,0.9999951124191284,,
148,,,,,1.3165318965911865,19.388702869415283,0.31596763292327523,45.72853050706908,41.84601545333862,0.9150964395601738,0,0,41.84601545333862,0.9999915957450867,,
149,,,,,1.317574918270111,19.431413650512695,0.31621797662228346,46.044748483691365,42.150766491889954,0.9154304862110053,0,0,42.150766491889954,0.9999913573265076,,
150,3.220470624014359,4.572973728179932,0.43664221838116646,0.04069993505254388,1.3191832900047302,19.474242210388184,0.3166040061041713,46.361352489795536,42.45602422952652,0.9157632801776108,0,0,42.45602422952652,0.9999806880950928,,
151,,,,,1.316339910030365,19.517000675201416,0.3159215576015413,46.67727404739708,42.76065158843994,0.9160914483784757,0,0,42.76065158843994,0.9999389052391052,,
152,,,,,1.3165541887283325,19.5598087310791,0.31597300339490175,46.99324705079198,43.06538724899292,0.9164165055980361,0,0,43.06538724899292,0.9999957084655762,,
153,,,,,1.3163464069366455,19.602663040161133,0.31592311756685376,47.30917016835883,43.37016409635544,0.916739058030682,0,0,43.37016409635544,0.9999974966049194,,
154,,,,,1.3168362975120544,19.645589351654053,0.3160407105460763,47.62521087890491,43.67519760131836,0.9170604559078795,0,0,43.67519760131836,0.9999949932098389,,
155,,,,,1.316462218761444,19.688554763793945,0.31595094222575426,47.94116182113066,43.980215549468994,0.9173790095775953,0,0,43.980215549468994,0.9999946355819702,,
156,,,,,1.3152610659599304,19.73149013519287,0.31566264806315303,48.256824469193816,44.2848858833313,0.9176916709801524,0,0,44.2848858833313,0.999964714050293,,
157,,,,,1.3152263164520264,19.77447748184204,0.3156543434597552,48.57247881265357,44.589640617370605,0.9180021631046279,0,0,44.589640617370605,0.999997615814209,,
158,,,,,1.3156930208206177,19.81754779815674,0.3157663242891431,48.888245136942714,44.89465808868408,0.9183119165543177,0,0,44.89465808868408,0.999993622303009,,
159,,,,,1.3157779574394226,19.860671520233154,0.31578670535236597,49.20403184229508,45.1997766494751,0.9186193683140635,0,0,45.1997766494751,0.9999980330467224,,
160,3.220575672570136,4.5735408663749695,0.4680105745792389,0.04102126834914088,1.3160516619682312,19.90385866165161,0.3158524092286825,49.51988425152376,45.5050830245018,0.9189254723086445,0,0,45.5050830245018,0.9999976754188538,,
161,,,,,1.3157908916473389,19.947094917297363,0.3157898229546845,49.83567407447845,45.8104550242424,0.9192301674454858,0,0,45.8104550242424,0.9999929070472717,,
162,,,,,1.315874695777893,19.990391731262207,0.3158099288120866,50.151484003290534,46.11596632003784,0.9195334342850386,0,0,46.11596632003784,0.9999982714653015,,
163,,,,,1.3154901266098022,20.033714294433594,0.3157175970263779,50.46720160031691,46.42138636112213,0.919832780282981,0,0,46.42138636112213,0.9999913573265076,,
164,,,,,1.3158361911773682,20.077110290527344,0.315800650510937,50.78300225082785,46.727024495601654,0.9201311939929467,0,0,46.727024495601654,0.9999978542327881,,
165,,,,,1.316090166568756,20.120564460754395,0.3158616330474615,51.09886388387531,47.03281903266907,0.9204278815190989,0,0,47.03281903266907,0.9999983310699463,,
166,,,,,1.3185674548149109,20.16419553756714,0.31645619263872504,51.415320076514035,47.339378356933594,0.9207251513067365,0,0,47.339378356933594,0.9999367594718933,,
167,,,,,1.318315863609314,20.207863807678223,0.3163958149962127,51.73171589151025,47.64587128162384,0.9210185755590244,0,0,47.64587128162384,0.9999871850013733,,
168,,,,,1.3189790844917297,20.251612186431885,0.3165549789555371,52.048270870465785,47.95268726348877,0.9213118219206408,0,0,47.95268726348877,0.9999831914901733,,
169,,,,,1.3192329406738281,20.29542350769043,0.3166159060783684,52.364886776544154,48.25963997840881,0.9216030616918066,0,0,48.25963997840881,0.9999971985816956,,
170,3.2206902208872843,4.57413637638092,0.4997273311018944,0.041441372595727444,1.3185951709747314,20.33926296234131,0.3164628273807466,52.6813496039249,48.566468596458435,0.9218911239289735,0,0,48.566468596458435,0.9999861121177673,,
171,,,,,1.3176546692848206,20.383106231689453,0.3162371087819338,52.997586712706834,48.87311840057373,0.922176299564502,0,0,48.87311840057373,0.999988317489624,,
172,,,,,1.317840576171875,20.427005767822266,0.3162817107513547,53.31386842345819,49.17992752790451,0.9224603087751992,0,0,49.17992752790451,0.9999971389770508,,
173,,,,,1.317686378955841,20.470952033996582,0.3162447242066264,53.630113147664815,49.48680627346039,0.9227429026152304,0,0,49.48680627346039,0.9999932050704956,,
174,,,,,1.31821870803833,20.514967441558838,0.31637249467894435,53.94648564234376,49.79382562637329,0.9230226034833328,0,0,49.79382562637329,0.9999911785125732,,
175,,,,,1.3176753520965576,20.559006214141846,0.3162420727312565,54.262727715075016,50.100786209106445,0.9233001789400785,0,0,50.100786209106445,0.9999963641166687,,
176,,,,,1.3166428208351135,20.603034019470215,0.31599429063498974,54.578722005710006,50.4074764251709,0.923573776972945,0,0,50.4074764251709,0.9999788403511047,,
177,,,,,1.3167979717254639,20.647117137908936,0.3160314681008458,54.89475347381085,50.71428656578064,0.9238457840961878,0,0,50.71428656578064,0.9999982118606567,,
178,,,,,1.3171326518058777,20.69126605987549,0.31611184403300285,55.210865317843854,51.02127248048782,0.924116515594569,0,0,51.02127248048782,0.9999973177909851,,
179,,,,,1.3170628547668457,20.735468864440918,0.3160950909368694,55.526960408780724,51.328328132629395,0.9243856993928249,0,0,51.328328132629395,0.9999971985816956,,
180,3.22081553343916,4.574761986732483,0.5318733379244804,0.04186975443735719,1.3172610402107239,20.77973508834839,0.31614265497773886,55.84310306375846,51.635524451732635,0.9246535672055548,0,0,51.635524451732635,0.9999982714653015,,
181,,,,,1.3166271448135376,20.824026584625244,0.3159905052743852,56.15909356903285,51.94263553619385,0.9249194072611429,0,0,51.94263553619385,0.9999902844429016,,
182,,,,,1.3169490694999695,20.868381023406982,0.31606778502464294,56.47516135405749,52.24990910291672,0.9251838835014123,0,0,52.24990910291672,0.9999976754188538,,
183,,,,,1.3169571161270142,20.912779808044434,0.31606968119740486,56.791231035254896,52.557220458984375,0.9254460504009315,0,0,52.557220458984375,0.9999979138374329,,
184,,,,,1.3168632984161377,20.957229614257812,0.31604717345908284,57.10727820871398,52.86457586288452,0.9257064514557272,0,0,52.86457586288452,0.9999949336051941,,
185,,,,,1.316899061203003,21.00172758102417,0.3160557635128498,57.42333397222683,53.171998500823975,0.9259650184459863,0,0,53.171998500823975,0.999997079372406,,
186,,,,,1.3193734884262085,21.046401977539062,0.316649645101279,57.73998361732811,53.48017644882202,0.9262243093669909,0,0,53.48017644882202,0.9999305605888367,,
187,,,,,1.320273220539093,21.09116268157959,0.3168655363842845,58.05684915371239,53.78869742155075,0.9264832350639262,0,0,53.78869742155075,0.9999897480010986,,
188,,,,,1.3194352984428406,21.135937690734863,0.3166644684970379,58.37351362220943,54.09701871871948,0.9267391212533796,0,0,54.09701871871948,0.9999826550483704,,
189,,,,,1.319143533706665,21.18074941635132,0.31659441674128175,58.69010803895071,54.40531539916992,0.9269929331713269,0,0,54.40531539916992,0.999997079372406,,
190,3.2209501512180445,4.575418472290039,0.5644999295473099,0.04235823964700103,1.3198602795600891,21.225640296936035,0.3167664771899581,59.00687451614067,54.71388798952103,0.927245993592725,0,0,54.71388798952103,0.9999949336051941,,
191,,,,,1.3183891773223877,21.270506858825684,0.3164133937098086,59.32328790985048,55.02209007740021,0.9274956263552446,0,0,55.02209007740021,0.9999757409095764,,
192,,,,,1.3184592127799988,21.31542444229126,0.31643018359318376,59.63971809344366,55.33037281036377,0.9277437013312348,0,0,55.33037281036377,0.9999971985816956,,
193,,,,,1.3189855813980103,21.36041259765625,0.3165565365925431,59.956274630036205,55.638840198516846,0.9279902819486154,0,0,55.638840198516846,0.9999984502792358,,
194,,,,,1.3192946910858154,21.405461311340332,0.3166306894272566,60.27290531946346,55.94745111465454,0.9282355117629768,0,0,55.94745111465454,0.9999978542327881,,
195,,,,,1.318666696548462,21.450534343719482,0.3164799897931516,60.58938530925661,56.25594800710678,0.9284786059466968,0,0,56.25594800710678,0.9999944567680359,,
196,,,,,1.3176513314247131,21.49559211730957,0.31623629713431,60.90562160639092,56.56417894363403,0.9287185230484165,0,0,56.56417894363403,0.999980092048645,,
197,,,,,1.3180639147758484,21.54071617126465,0.3163353307172656,61.22195693710819,56.872594594955444,0.928957476047006,0,0,56.872594594955444,0.9999966025352478,,
198,,,,,1.3180148601531982,21.585888862609863,0.3163235727697611,61.53828050987795,57.18106555938721,0.9291950487665598,0,0,57.18106555938721,0.999998152256012,,
199,,,,,1.3183229565620422,21.631126403808594,0.3163974997587502,61.8546780096367,57.48968118429184,0.9294314194851077,0,0,57.48968118429184,0.9999988079071045,,
200,3.2210943336030877,4.576107740402222,0.5976272225379944,0.04286899045109749,1.318515419960022,21.676420211791992,0.31644371524453163,62.17112172488123,57.79840135574341,0.9296663748727447,0,0,57.79840135574341,0.9999992251396179,03db80c79560d7bbd34d4899df4bdcbc96376d3350e1cee7db710b09619556ac,True
201,,,,,1.3176798224449158,21.721728801727295,0.3162431297823787,62.48736485466361,58.106979846954346,0.9298996682305563,0,0,58.106979846954346,0.999994695186615,,
202,,,,,1.3179538249969482,21.767093658447266,0.31630890211090446,62.803673756774515,58.41566002368927,0.9301312571286827,0,0,58.41566002368927,0.9999985694885254,,
203,,,,,1.3179315328598022,21.812509059906006,0.31630359031260014,63.119977347087115,58.724403738975525,0.9303616098601885,0,0,58.724403738975525,0.9999990463256836,,
204,,,,,1.3181021213531494,21.85798406600952,0.31634450471028686,63.4363218517974,59.033244609832764,0.930590596783776,0,0,59.033244609832764,0.9999974370002747,,
205,,,,,1.3180336952209473,21.903494358062744,0.3163280957378447,63.75264994753525,59.34210777282715,0.9308179004584335,0,0,59.34210777282715,0.999995231628418,,
206,,,,,1.3206279873847961,21.94918155670166,0.3169506979174912,64.06960064545274,59.65169596672058,0.9310452284043285,0,0,59.65169596672058,0.9999353289604187,,
207,,,,,1.320644736289978,21.994922161102295,0.3169547151774168,64.38655536063015,59.9613561630249,0.9312713784295407,0,0,59.9613561630249,0.9999979138374329,,
208,,,,,1.3205662369728088,22.040703296661377,0.3169358912855387,64.7034912519157,60.27106475830078,0.9314963318384368,0,0,60.27106475830078,0.9999983906745911,,
209,,,,,1.3204814791679382,22.08652973175049,0.31691554794088006,65.02040679985657,60.58077597618103,0.9317194240672413,0,0,60.58077597618103,0.999998152256012,,
210,3.2212494423348272,4.576830446720123,0.6313260868191719,0.043448174837976694,1.3208501935005188,22.132412433624268,0.3170040240511298,65.3374108239077,60.89063632488251,0.9319413725926373,0,0,60.89063632488251,0.9999983906745911,,
211,,,,,1.3195663690567017,22.17827606201172,0.31669593369588256,65.65410675760359,61.200167536735535,0.9321605389086624,0,0,61.200167536735535,0.9999796748161316,,
212,,,,,1.3208525776863098,22.22424030303955,0.3170046261511743,65.97111138375476,61.510122179985046,0.9323796566375695,0,0,61.510122179985046,0.9999840259552002,,
213,,,,,1.319970190525055,22.27021884918213,0.3167928671464324,66.28790425090119,61.8198881149292,0.9325968110401955,0,0,61.8198881149292,0.9999908804893494,,
214,,,,,1.3193939924240112,22.316218852996826,0.3166545368731022,66.6045587877743,62.129539489746094,0.932812117076128,0,0,62.129539489746094,0.9999968409538269,,
215,,,,,1.319746196269989,22.362285137176514,0.3167390408925712,66.92129782866687,62.43935811519623,0.933026706610707,0,0,62.43935811519623,0.9999969601631165,,
216,,,,,1.3189855813980103,22.40834665298462,0.3165565053932369,67.2378543340601,62.74895393848419,0.9332384942970594,0,0,62.74895393848419,0.9999821782112122,,
217,,,,,1.3190727829933167,22.45446014404297,0.31657748483121395,67.55443181889132,63.05863082408905,0.9334492071984837,0,0,63.05863082408905,0.9999994039535522,,
218,,,,,1.318854570388794,22.500601768493652,0.3165251240134239,67.87095694290474,63.36826229095459,0.9336580055039022,0,0,63.36826229095459,0.9999968409538269,,
219,,,,,1.3190724849700928,22.546806812286377,0.31657734978944063,68.18753429269418,63.6780366897583,0.9338662462323415,0,0,63.6780366897583,0.9999954700469971,,
220,3.2214150559221446,4.577584266662598,0.6655778512358665,0.044020507019013166,1.3192300200462341,22.59306526184082,0.3166151777841151,68.5041494704783,63.98789119720459,0.9340732158827706,0,0,63.98789119720459,0.9999985098838806,,
221,,,,,1.3187940120697021,22.639358520507812,0.3165105590596795,68.82066002953798,64.29770565032959,0.9342791194204174,0,0,64.29770565032959,0.999993085861206,,
222,,,,,1.3186491131782532,22.685685634613037,0.31647575553506613,69.13713578507304,64.60751152038574,0.9344834839735118,0,0,64.60751152038574,0.999997079372406,,
223,,,,,1.3189263939857483,22.732072830200195,0.3165423385798931,69.45367812365294,64.91744613647461,0.9346869437338782,0,0,64.91744613647461,0.9999979138374329,,
224,,,,,1.3191812634468079,22.778515815734863,0.31660351250320673,69.77028163615614,65.22749888896942,0.9348894308485419,0,0,65.22749888896942,0.9999991059303284,,
225,,,,,1.3189725875854492,22.824993133544922,0.31655343621969223,70.08683507237583,65.53750169277191,0.9350900440160133,0,0,65.53750169277191,0.9999967217445374,,
226,,,,,1.3213078379631042,22.87162685394287,0.3171138712204993,70.40394894359633,65.84818410873413,0.9352910610381677,0,0,65.84818410873413,0.9999526143074036,,
227,,,,,1.3213469982147217,22.91831398010254,0.3171233027242124,70.72107224632055,66.1589183807373,0.9354908838246364,0,0,66.1589183807373,0.9999974966049194,,
228,,,,,1.3210893869400024,22.965031623840332,0.31706145079806447,71.03813369711861,66.469606757164,0.9356890911656813,0,0,66.469606757164,0.9999982714653015,,
229,,,,,1.3213090300559998,23.011805534362793,0.3171141631901264,71.35524786030874,66.7804069519043,0.9358864127644616,0,0,66.7804069519043,0.9999982714653015,,
230,3.22159143374419,4.578372597694397,0.7005360722541809,0.04466021806001663,1.3214495778083801,23.058629989624023,0.3171478817239404,71.67239574203268,67.09128105640411,0.9360825790989589,0,0,67.09128105640411,0.9999982714653015,,
231,,,,,1.32010817527771,23.10543441772461,0.3168259165249765,71.98922165855765,67.40184116363525,0.9362768427101336,0,0,67.40184116363525,0.9999819993972778,,
232,,,,,1.3202103972434998,23.152283668518066,0.31685049924999475,72.30607215780765,67.71244525909424,0.9364696938773168,0,0,67.71244525909424,0.9999986886978149,,
233,,,,,1.3204070925712585,23.199186325073242,0.3168976791203022,72.62296983692795,68.02314949035645,0.9366616325812459,0,0,68.02314949035645,0.9999973177909851,,
234,,,,,1.3204057216644287,23.246134757995605,0.3168973638676107,72.93986720079556,68.33390247821808,0.9368525759733194,0,0,68.33390247821808,0.999999463558197,,
235,,,,,1.3208821415901184,23.29314613342285,0.317011724691838,73.2568789254874,68.64481449127197,0.9370425753613189,0,0,68.64481449127197,0.999998927116394,,
236,,,,,1.3194412589073181,23.340123176574707,0.31666586827486753,73.57354479376227,68.95531833171844,0.9372297953701927,0,0,68.95531833171844,0.999975323677063,,
237,,,,,1.319441556930542,23.387149810791016,0.3166659530252218,73.89021074678749,69.26586890220642,0.9374160420190295,0,0,69.26586890220642,0.999998927116394,,
238,,,,,1.3196721076965332,23.434231758117676,0.3167213029228151,74.2069320497103,69.57653260231018,0.9376015242848309,0,0,69.57653260231018,0.9999986886978149,,
239,,,,,1.3197208046913147,23.481359481811523,0.3167329696007073,74.52366501931101,69.88724625110626,0.9377859534014562,0,0,69.88724625110626,0.9999992251396179,,
240,3.2217762089662183,4.579192578792572,0.7360541746020317,0.04530856804922223,1.3197851181030273,23.52853298187256,0.3167484374716878,74.8404134567827,70.19801115989685,0.9379693125350306,0,0,70.19801115989685,0.9999988079071045,,
241,,,,,1.3193280100822449,23.575733184814453,0.3166387234814465,75.15705218026415,70.50870084762573,0.9381514947993134,0,0,70.50870084762573,0.9999953508377075,,
242,,,,,1.3198536038398743,23.623001098632812,0.31676485668867826,75.47381703695282,70.81958413124084,0.9383331453418587,0,0,70.81958413124084,0.9999964833259583,,
243,,,,,1.319762945175171,23.670308113098145,0.31674310797825456,75.79056014493108,71.13046360015869,0.9385134964583715,0,0,71.13046360015869,0.9999980926513672,,
244,,,,,1.3194527626037598,23.7176456451416,0.3166686212643981,76.10722876619548,71.44129371643066,0.9386926166488115,0,0,71.44129371643066,0.9999983906745911,,
245,,,,,1.3199108839035034,23.76504611968994,0.31677858624607325,76.42400735244155,71.75229680538177,0.9388711648485486,0,0,71.75229680538177,0.9999961853027344,,
246,,,,,1.3212218284606934,23.812557220458984,0.31709324289113283,76.74110059533268,72.06367194652557,0.9390492368167506,0,0,72.06367194652557,0.9999791383743286,,
247,,,,,1.3221860527992249,23.86015796661377,0.31732465932145715,77.05842525465414,72.37532532215118,0.9392266333366183,0,0,72.37532532215118,0.9999925494194031,,
248,,,,,1.3211131691932678,23.907752990722656,0.31706714117899537,77.37549239583313,72.6867424249649,0.9394026477158591,0,0,72.6867424249649,0.999991238117218,,
249,,,,,1.3216055631637573,23.955416679382324,0.3171853283420205,77.69267772417516,72.99833106994629,0.9395780041087567,0,0,72.99833106994629,0.9999980926513672,,
250,3.2219747312832006,4.580049157142639,0.7722954452037811,0.04602082632482052,1.3215386867523193,24.00311279296875,0.31716927886009216,78.00984700303525,73.30988132953644,0.9397516357990437,0,0,73.30988132953644,0.9999947547912598,,
251,,,,,1.3209834098815918,24.05082416534424,0.3170360210351646,78.32688302407041,73.6213448047638,0.9399243524364232,0,0,73.6213448047638,0.9999936819076538,,
252,,,,,1.3213916420936584,24.09859561920166,0.31713398126885295,78.64401700533926,73.93296110630035,0.9400964488027105,0,0,73.93296110630035,0.9999983310699463,,
253,,,,,1.3214675188064575,24.14641284942627,0.31715221470221877,78.96116922004148,74.24462246894836,0.9402675163288118,0,0,74.24462246894836,0.9999992847442627,,
254,,,,,1.3212332129478455,24.194259643554688,0.31709592742845416,79.27826514746994,74.55624675750732,0.9404374152085713,0,0,74.55624675750732,0.9999976754188538,,
255,,,,,1.3208509683609009,24.242135047912598,0.31700422801077366,79.59526937548071,74.86780023574829,0.9406061544005573,0,0,74.86780023574829,0.9999984502792358,,
256,,,,,1.320310890674591,24.290016174316406,0.31687462516129017,79.912144000642,75.17921304702759,0.9407733203406815,0,0,75.17921304702759,0.9999933242797852,,
257,,,,,1.3202178478240967,24.33793830871582,0.3168522580526769,80.22899625869468,75.49063396453857,0.9409395291587793,0,0,75.49063396453857,0.9999983906745911,,
258,,,,,1.3202064633369446,24.385899543762207,0.3168495702557266,80.5458458289504,75.80207347869873,0.9411046925954862,0,0,75.80207347869873,0.999999463558197,,
259,,,,,1.320036232471466,24.433894157409668,0.31680872291326523,80.86265455186367,76.11348152160645,0.9412686479738043,0,0,76.11348152160645,0.999998152256012,,
260,3.22218375845576,4.580939769744873,0.8092935308814049,0.0467471806332469,1.3205356001853943,24.48195457458496,0.3169285338371992,81.17958308570087,76.42507553100586,0.9414322250253905,0,0,76.42507553100586,0.9999977946281433,,
261,,,,,1.320259690284729,24.530048370361328,0.3168623400852084,81.49644542578608,76.73664093017578,0.9415949435494619,0,0,76.73664093017578,0.9999966025352478,,
262,,,,,1.3201164603233337,24.578181266784668,0.316827978938818,81.8132734047249,77.04820919036865,0.9417568321611492,0,0,77.04820919036865,0.9999993443489075,,
263,,,,,1.320227563381195,24.626362800598145,0.3168546329252422,82.13012803765014,77.35983753204346,0.9419178976146144,0,0,77.35983753204346,0.999999463558197,,
264,,,,,1.320410132408142,24.674591064453125,0.3168984604999423,82.44702649815008,77.67154026031494,0.9420781265174769,0,0,77.67154026031494,0.9999991059303284,,
265,,,,,1.320370614528656,24.72286033630371,0.31688896426931024,82.76391546241939,77.98326301574707,0.9422374784957581,0,0,77.98326301574707,0.999998927116394,,
266,,,,,1.322202742099762,24.77126121520996,0.3173286900855601,83.08124415250495,78.29549419879913,0.9423967466721854,0,0,78.29549419879913,0.9999685883522034,,
267,,,,,1.3228238224983215,24.819729804992676,0.3174777035601437,83.3987218560651,78.60791015625,0.942555334264183,0,0,78.60791015625,0.9999966621398926,,
268,,,,,1.3218041062355042,24.86819839477539,0.3172330046072602,83.71595486067235,78.92009735107422,0.9427127419429095,0,0,78.92009735107422,0.9999913573265076,,
269,,,,,1.3220682740211487,24.916717529296875,0.31729638716205955,84.03325124783441,79.23237085342407,0.9428692770644763,0,0,79.23237085342407,0.9999982118606567,,
270,3.222405527629067,4.581869006156921,0.8469994217157364,0.04752425290644169,1.3221385478973389,24.965279579162598,0.3173132250085473,84.35056447284296,79.54469203948975,0.9430250115883761,0,0,79.54469203948975,0.9999984502792358,,
271,,,,,1.3213445544242859,25.013840675354004,0.3171226712875068,84.66768714413047,79.85681533813477,0.943179364309231,0,0,79.85681533813477,0.9999913573265076,,
272,,,,,1.3212690353393555,25.062437057495117,0.3171045808121562,84.98479172494262,80.16893577575684,0.94333273222845,0,0,80.16893577575684,0.9999986290931702,,
273,,,,,1.3212614059448242,25.1110782623291,0.3171027428470552,85.30189446778968,80.48109340667725,0.9434854162244459,0,0,80.48109340667725,0.9999966621398926,,
274,,,,,1.3212788105010986,25.15975856781006,0.3171068849042058,85.61900135269389,80.79328536987305,0.9436373245823902,0,0,80.79328536987305,0.9999974966049194,,
275,,,,,1.3215026259422302,25.2084903717041,0.317160630133003,85.93616198282689,81.10554313659668,0.9437882873196446,0,0,81.10554313659668,0.9999977946281433,,
276,,,,,1.3209211230278015,25.257227897644043,0.31702106026932597,86.25318304309621,81.4176664352417,0.943938108284776,0,0,81.4176664352417,0.9999915361404419,,
277,,,,,1.3208047151565552,25.305997848510742,0.31699312198907137,86.57017616508529,81.72976970672607,0.9440869052971578,0,0,81.72976970672607,0.9999988079071045,,
278,,,,,1.3209097981452942,25.35480785369873,0.3170183305628598,86.88719449564815,82.04191589355469,0.9442348365576808,0,0,82.04191589355469,0.9999986886978149,,
279,,,,,1.3207805156707764,25.403656005859375,0.3169873273000121,87.20418182294816,82.35407781600952,0.9443822084497414,0,0,82.35407781600952,0.999999463558197,,
280,3.222639066131308,4.582834303379059,0.8855203092098236,0.04832627158612013,1.3210353255271912,25.452553749084473,0.3170484574511647,87.52123028039932,82.6663213968277,0.9445287861240241,0,0,82.6663213968277,0.9999995827674866,,
281,,,,,1.3205859065055847,25.50147819519043,0.3169406298547983,87.83817091025412,82.97848892211914,0.9446745994619907,0,0,82.97848892211914,0.9999966025352478,,
282,,,,,1.3206974864006042,25.550445556640625,0.3169673909433186,88.15513830119744,83.29071235656738,0.9448197117221819,0,0,83.29071235656738,0.9999995231628418,,
283,,,,,1.3205690383911133,25.599448204040527,0.31693659350275993,88.4720748947002,83.60291290283203,0.9449638544403485,0,0,83.60291290283203,0.9999988079071045,,
284,,,,,1.320731282234192,25.648496627807617,0.3169754957780242,88.78905039047822,83.91518521308899,0.945107362270958,0,0,83.91518521308899,0.9999993443489075,,
285,,,,,1.3206462264060974,25.697580337524414,0.31695509469136596,89.10600548516959,84.22745823860168,0.9452500735499718,0,0,84.22745823860168,0.9999988079071045,,
286,,,,,1.322026014328003,25.74677562713623,0.3172862660139799,89.42329175118357,84.54012680053711,0.9453926951801932,0,0,84.54012680053711,0.9999780654907227,,
287,,,,,1.3224177956581116,25.796034812927246,0.3173801824450493,89.74067193362862,84.85294318199158,0.9455349659599952,0,0,84.85294318199158,0.9999974370002747,,
288,,,,,1.322420060634613,25.8453311920166,0.3173808343708515,90.05805276799947,85.165766954422,0.9456763091893454,0,0,85.165766954422,0.9999989867210388,,
289,,,,,1.3228163123130798,25.89468479156494,0.31747594801709056,90.37552871601656,85.47872257232666,0.9458171231387439,0,0,85.47872257232666,0.9999987483024597,,
290,3.222887259555528,4.58383983373642,0.925098180770874,0.04916618298739195,1.3223296403884888,25.944055557250977,0.31735910940915346,90.69288782542571,85.79156970977783,0.9459569737697255,0,0,85.79156970977783,0.9999973177909851,,
291,,,,,1.3220043778419495,25.993440628051758,0.3172810305841267,91.01016885600984,86.10434520244598,0.9460958735135799,0,0,86.10434520244598,0.9999966025352478,,
292,,,,,1.3216445446014404,26.0428524017334,0.3171947202645242,91.32736357627437,86.41704940795898,0.9462339218386027,0,0,86.41704940795898,0.9999979138374329,,
293,,,,,1.3216230273246765,26.092297554016113,0.31718953466042876,91.6445531109348,86.72976493835449,0.9463711916775682,0,0,86.72976493835449,0.9999994039535522,,
294,,,,,1.3216623663902283,26.14178466796875,0.3171989410184324,91.96175205195323,87.04251301288605,0.9465077716626252,0,0,87.04251301288605,0.9999993443489075,,
295,,,,,1.322096049785614,26.19133186340332,0.3173030260950327,92.27905507804826,87.35540127754211,0.9466438641320858,0,0,87.35540127754211,0.9999987483024597,,
296,,,,,1.3211740851402283,26.24086284637451,0.3170817559584975,92.59613683400676,87.66803252696991,0.9467785106859026,0,0,87.66803252696991,0.9999891519546509,,
297,,,,,1.3212329149246216,26.29043674468994,0.31709586177021265,92.91323269577697,87.98071491718292,0.946912644889395,0,0,87.98071491718292,0.9999989867210388,,
298,,,,,1.3211166858673096,26.340044021606445,0.3170680105686188,93.23030070634559,88.29339051246643,0.9470460766888412,0,0,88.29339051246643,0.9999994039535522,,
299,,,,,1.3209586143493652,26.389684677124023,0.3170300745405257,93.54733078088611,88.6060438156128,0.947178749794068,0,0,88.6060438156128,0.9999995827674866,,
300,3.2231499457897574,4.5848841071128845,0.965501144528389,0.05003584362566471,1.3215559124946594,26.439391136169434,0.3171734055504203,93.86450418643653,88.91887485980988,0.9473109737328986,0,0,88.91887485980988,0.9999979734420776,74936fad1caa52383cfaa4a030be3a5d3537d9551bf18d98f86cd5259eb835e1,True
301,,,,,1.3209694027900696,26.48910903930664,0.3170326449908316,94.18153683142737,89.23158657550812,0.9474424561070823,0,0,89.23158657550812,0.9999954104423523,,
302,,,,,1.3212425112724304,26.538881301879883,0.3170981742441654,94.49863500567153,89.54439067840576,0.9475733768326985,0,0,89.54439067840576,0.9999988079071045,,
303,,,,,1.3211347460746765,26.588682174682617,0.31707230443134904,94.81570731010288,89.85718953609467,0.9477036251199192,0,0,89.85718953609467,0.9999994039535522,,
304,,,,,1.3209909200668335,26.63851261138916,0.31703783106058836,95.13274514116347,90.16995334625244,0.9478329802472546,0,0,90.16995334625244,0.9999984502792358,,
305,,,,,1.3210811614990234,26.688386917114258,0.317059472668916,95.44980461383238,90.48276662826538,0.9479617794330389,0,0,90.48276662826538,0.9999988675117493,,
306,,,,,1.3227656483650208,26.738389015197754,0.3174638100899756,95.76726842392236,90.79605686664581,0.9480907032320064,0,0,90.79605686664581,0.9999716281890869,,
307,,,,,1.3228159546852112,26.78843116760254,0.3174758409149945,96.08474426483735,91.10939311981201,0.948219135273829,0,0,91.10939311981201,0.999999463558197,,
308,,,,,1.3223628401756287,26.838486671447754,0.3173670805990696,96.40211134543642,91.42262077331543,0.9483466647916144,0,0,91.42262077331543,0.9999977350234985,,
309,,,,,1.3229596614837646,26.888607025146484,0.31751034688204527,96.71962169231847,91.73601222038269,0.948473645939286,0,0,91.73601222038269,0.9999977350234985,,
310,3.2234289729104417,4.585971236228943,1.006730318069458,0.05095272418111563,1.322881281375885,26.93876361846924,0.31749147828668356,97.03711317060515,92.04941403865814,0.948600087440989,0,0,92.04941403865814,0.999998152256012,,
311,,,,,1.3220795392990112,26.988911628723145,0.31729908706620336,97.35441225767136,92.36261940002441,0.9487255611544761,0,0,92.36261940002441,0.9999912977218628,,
312,,,,,1.3221405148506165,27.03910255432129,0.3173137465491891,97.67172600422055,92.67587184906006,0.9488505593220954,0,0,92.67587184906006,0.9999993443489075,,
313,,,,,1.32212895154953,27.08932876586914,0.3173109642229974,97.98903696844354,92.98912525177002,0.9489747846150928,0,0,92.98912525177002,0.9999994039535522,,
314,,,,,1.322431743144989,27.13960361480713,0.31738363206386566,98.30642060050741,93.30247581005096,0.9490984946874207,0,0,93.30247581005096,0.9999992847442627,,
315,,,,,1.3218066692352295,27.189887046813965,0.3172335745766759,98.62365417508408,93.61566925048828,0.9492212596817169,0,0,93.61566925048828,0.9999967813491821,,
316,,,,,1.3216611742973328,27.240192413330078,0.31719864159822464,98.94085281668231,93.92883956432343,0.9493433388769542,0,0,93.92883956432343,0.9999959468841553,,
317,,,,,1.3215720653533936,27.290529251098633,0.31717719370499253,99.2580300103873,94.2419958114624,0.9494647012599291,0,0,94.2419958114624,0.9999992847442627,,
318,,,,,1.321434199810028,27.340893745422363,0.317144179251045,99.57517418963835,94.55511474609375,0.9495852306119499,0,0,94.55511474609375,0.9999987483024597,,
319,,,,,1.321731686592102,27.391313552856445,0.3172155525535345,99.89238974219188,94.86835670471191,0.9497055476353381,0,0,94.86835670471191,0.9999982714653015,,
320,3.223722395573954,4.587098956108093,1.0488177686929703,0.05192434974014759,1.3215006589889526,27.441757202148438,0.31716014351695776,100.20954988570884,95.18154001235962,0.9498250428318986,0,0,95.18154001235962,0.9999992847442627,,
321,,,,,1.321335256099701,27.492233276367188,0.31712052831426263,100.5266704140231,95.49471473693848,0.9499440729871858,0,0,95.49471473693848,0.9999978542327881,,
322,,,,,1.3216654062271118,27.542762756347656,0.31719968747347593,100.84387010149658,95.80800795555115,0.9500627837777554,0,0,95.80800795555115,0.9999985098838806,,
323,,,,,1.3215060234069824,27.5933198928833,0.3171614306047559,101.16103153210133,96.1212729215622,0.9501808301654099,0,0,96.1212729215622,0.9999991059303284,,
324,,,,,1.3215786814689636,27.643917083740234,0.3171789008192718,101.4782104329206,96.43457221984863,0.9502983133861345,0,0,96.43457221984863,0.9999991059303284,,
325,,,,,1.3215780854225159,27.694546699523926,0.31717870524153113,101.79538913816214,96.74787533283234,0.9504151037874614,0,0,96.74787533283234,0.9999993443489075,,
326,,,,,1.323252022266388,27.745299339294434,0.31758052855730057,102.11296966671944,97.0616683959961,0.950532226344891,0,0,97.0616683959961,0.9999744892120361,,
327,,,,,1.3228367567062378,27.796069145202637,0.3174808179028332,102.43045048462227,97.37535071372986,0.9506484668672597,0,0,97.37535071372986,0.999996542930603,,
328,,,,,1.323116660118103,27.846887588500977,0.31754797836765647,102.74799846298993,97.6891279220581,0.9507642911140991,0,0,97.6891279220581,0.9999994039535522,,
329,,,,,1.322969675064087,27.89773464202881,0.3175126612186432,103.06551112420857,98.00287890434265,0.950879473020168,0,0,98.00287890434265,0.9999995231628418,,
330,3.224035077139359,4.588272929191589,1.0920567363500595,0.05297299288213253,1.3228195309638977,27.948610305786133,0.31747666327282786,103.3829877874814,98.31660747528076,0.9509940617830058,0,0,98.31660747528076,0.9999993443489075,,
331,,,,,1.3223941326141357,27.99949359893799,0.3173745474778116,103.70036233495921,98.63023567199707,0.9511079175732653,0,0,98.63023567199707,0.9999948143959045,,
332,,,,,1.322207510471344,28.050403594970703,0.31732979230582714,104.01769212726504,98.94381809234619,0.9512210477741427,0,0,98.94381809234619,0.9999984502792358,,
333,,,,,1.3224043250083923,28.101356506347656,0.3173770676366985,104.33506919490173,99.25747489929199,0.9513337717146134,0,0,99.25747489929199,0.9999988675117493,,
334,,,,,1.3223471641540527,28.152344703674316,0.31736332830041647,104.65243252320215,99.57114028930664,0.9514460188704176,0,0,99.57114028930664,0.9999994039535522,,
335,,,,,1.3221049904823303,28.203356742858887,0.3173052188940346,104.96973774209619,99.88475477695465,0.9515576291365426,0,0,99.88475477695465,0.9999983310699463,,
336,,,,,1.3218205571174622,28.25438117980957,0.3172369012609124,105.2869746433571,100.19829392433167,0.9516684686186161,0,0,100.19829392433167,0.9999955892562866,,
337,,,,,1.3219310641288757,28.305448532104492,0.3172634416259825,105.60423808498308,100.5118761062622,0.9517788104808461,0,0,100.5118761062622,0.9999991059303284,,
338,,,,,1.3219273090362549,28.35654926300049,0.3172625652514398,105.92150065023452,100.8254759311676,0.9518886657781073,0,0,100.8254759311676,0.9999998807907104,,
339,,,,,1.3221024870872498,28.407692909240723,0.31730459025129676,106.23880524048582,101.13914394378662,0.9519981302015175,0,0,101.13914394378662,0.9999992847442627,,
340,3.2243647804614874,4.589490354061127,1.1365747302770615,0.05410260520875454,1.3219531178474426,28.45886516571045,0.3172687394544482,106.55607397994027,101.45278251171112,0.9521069867008162,0,0,101.45278251171112,0.9999993443489075,,
341,,,,,1.321806788444519,28.510066032409668,0.31723366864025593,106.87330764858052,101.76640748977661,0.9522153822019124,0,0,101.76640748977661,0.9999984502792358,,
342,,,,,1.3217899799346924,28.561301231384277,0.31722957361489534,107.19053722219542,102.08005428314209,0.952323376004164,0,0,102.08005428314209,0.9999985098838806,,
343,,,,,1.3219562768936157,28.612579345703125,0.3172694919630885,107.5078067141585,102.39374804496765,0.9524308157193733,0,0,102.39374804496765,0.9999987483024597,,
344,,,,,1.321867287158966,28.663886070251465,0.31724814837798476,107.82505486253649,102.70743477344513,0.9525377464855767,0,0,102.70743477344513,0.9999990463256836,,
345,,,,,1.3216681480407715,28.71521759033203,0.3172003827057779,108.14225524524227,103.02109336853027,0.9526442104883119,0,0,103.02109336853027,0.999998927116394,,
346,,,,,1.3230004906654358,28.766654014587402,0.31752005871385336,108.45977530395612,103.33511853218079,0.9527506233770581,0,0,103.33511853218079,0.9999821782112122,,
347,,,,,1.3230505585670471,28.818123817443848,0.31753206765279174,108.77730737160891,103.64914906024933,0.9528563591499692,0,0,103.64914906024933,0.9999988675117493,,
348,,,,,1.3230801224708557,28.869630813598633,0.3175392462871969,109.09484661789611,103.96321153640747,0.9529617095529443,0,0,103.96321153640747,0.9999995231628418,,
349,,,,,1.322886347770691,28.921161651611328,0.31749271880835295,109.41233933670446,104.27724945545197,0.9530666292999114,0,0,104.27724945545197,0.9999995231628418,,
350,3.224713223927208,4.590754449367523,1.1823217272758484,0.055335274897515774,1.3233206868171692,28.972745895385742,0.3175969533622265,109.72993629006669,104.59139728546143,0.9531710381110339,0,0,104.59139728546143,0.9999983906745911,,
351,,,,,1.3223991990089417,29.024316787719727,0.31737578846514225,110.04731207853183,104.90532863140106,0.9532747929048707,0,0,104.90532863140106,0.9999932646751404,,
352,,,,,1.322828769683838,29.07594108581543,0.31747890869155526,110.36479098722339,105.21939194202423,0.9533782558805755,0,0,105.21939194202423,0.9999984502792358,,
353,,,,,1.3225970268249512,29.12758731842041,0.3174233133904636,110.68221430061385,105.53338360786438,0.9534809569424935,0,0,105.53338360786438,0.9999982118606567,,
354,,,,,1.322556972503662,29.179264068603516,0.31741366209462285,110.99962796270847,105.84739446640015,0.9535833264410559,0,0,105.84739446640015,0.9999998211860657,,
355,,,,,1.3224441409111023,29.230969429016113,0.31738658901304007,111.31701455172151,106.16139149665833,0.9536852198576645,0,0,106.16139149665833,0.9999994039535522,,
356,,,,,1.3220941424369812,29.28268527984619,0.31730262702330947,111.63431717874482,106.47528123855591,0.9537862901787683,0,0,106.47528123855591,0.9999961853027344,,
357,,,,,1.3220027089118958,29.33442783355713,0.31728064408525825,111.95159782283008,106.78917288780212,0.9538869919195013,0,0,106.78917288780212,0.9999998211860657,,
358,,,,,1.3220134377479553,29.386207580566406,0.3172832205891609,112.26888104341924,107.10308468341827,0.9539872820322839,0,0,107.10308468341827,0.9999997615814209,,
359,,,,,1.3221906423568726,29.438023567199707,0.3173257438465953,112.58620678726584,107.41704082489014,0.9540870404121181,0,0,107.41704082489014,0.9999995827674866,,
360,3.225083260707171,4.59206360578537,1.2293381690979004,0.05664281826466322,1.3220930695533752,29.4898681640625,0.31730231968685985,112.9035091069527,107.73099434375763,0.9541864127686578,0,0,107.73099434375763,0.9999996423721313,,
361,,,,,1.3218753337860107,29.541739463806152,0.31725002033635974,113.22075912728906,108.04490673542023,0.9542853057004255,0,0,108.04490673542023,0.9999973177909851,,
362,,,,,1.3217726945877075,29.593639373779297,0.3172254622913897,113.53798458958045,108.35881519317627,0.9543838177581987,0,0,108.35881519317627,0.999999463558197,,
363,,,,,1.322094440460205,29.645586013793945,0.3173026442527771,113.85528723383322,108.67281782627106,0.9544819609745528,0,0,108.67281782627106,0.999998927116394,,
364,,,,,1.3220254778862,29.697562217712402,0.3172861458733678,114.17257337970659,108.98681318759918,0.9545796329310898,0,0,108.98681318759918,0.9999979138374329,,
365,,,,,1.3219202160835266,29.74956703186035,0.3172608455643058,114.4898342252709,109.30080151557922,0.9546769130656382,0,0,109.30080151557922,0.9999980330467224,,
366,,,,,1.3231164813041687,29.80166530609131,0.31754790944978595,114.80738213472068,109.61511898040771,0.9547741350968089,0,0,109.61511898040771,0.9999819397926331,,
367,,,,,1.3235191702842712,29.853812217712402,0.3176445667631924,115.12502670148388,109.92954480648041,0.9548709603475171,0,0,109.92954480648041,0.9999975562095642,,
368,,,,,1.3231735229492188,29.905978202819824,0.31756163015961647,115.44258833164349,110.24390685558319,0.9549673863762784,0,0,110.24390685558319,0.9999976754188538,,
369,,,,,1.3231448531150818,29.958173751831055,0.31755475979298353,115.76014309143648,110.55826568603516,0.955063312237845,0,0,110.55826568603516,0.9999995231628418,,
370,3.22547378843999,4.593420743942261,1.2776343524456024,0.058027093298733234,1.3232843279838562,30.01041030883789,0.3175881686620414,116.07773126009852,110.87268161773682,0.9551589302628637,0,0,110.87268161773682,0.9999986290931702,,
371,,,,,1.3226924538612366,30.06264591217041,0.3174462141469121,116.39517747424543,111.18695068359375,0.9552539297274146,0,0,111.18695068359375,0.9999946355819702,,
372,,,,,1.3227986693382263,30.114919662475586,0.31747166300192475,116.71264913724735,111.50126326084137,0.9553485769114995,0,0,111.50126326084137,0.9999992251396179,,
373,,,,,1.3231332898139954,30.167235374450684,0.31755198165774345,117.0302011189051,111.81567192077637,0.9554428758707199,0,0,111.81567192077637,0.9999978542327881,,
374,,,,,1.3225978016853333,30.21955680847168,0.31742346100509167,117.34762457991019,112.12993156909943,0.9555364411551541,0,0,112.12993156909943,0.9999955892562866,,
375,,,,,1.323046088218689,30.271933555603027,0.31753101106733084,117.66515559097752,112.44433617591858,0.9556298600988701,0,0,112.44433617591858,0.9999971985816956,,
376,,,,,1.322381854057312,30.32430076599121,0.31737160310149193,117.98252719407901,112.75855624675751,0.9557225033946838,0,0,112.75855624675751,0.9999934434890747,,
377,,,,,1.3224716186523438,30.376708030700684,0.3173931925557554,118.29992038663477,113.07282269001007,0.9558148671652344,0,0,113.07282269001007,0.9999995231628418,,
378,,,,,1.3223294615745544,30.42913818359375,0.3173591191880405,118.61727950582281,113.38706862926483,0.9559068383767629,0,0,113.38706862926483,0.9999995827674866,,
379,,,,,1.3223204016685486,30.48159885406494,0.31735689425840974,118.93463640008122,113.70131480693817,0.9559983386543534,0,0,113.70131480693817,0.9999995231628418,,
380,3.2258861364438083,4.594825983047485,1.3272454142570496,0.05944163538515568,1.3222779631614685,30.534090995788574,0.3173466878943145,119.25198308797553,114.01556813716888,0.9560894937324057,0,0,114.01556813716888,0.9999998807907104,,
381,,,,,1.3221275806427002,30.5866060256958,0.3173105912283063,119.56929367920384,114.32979261875153,0.9561802123335237,0,0,114.32979261875153,0.9999984502792358,,
382,,,,,1.3221396207809448,30.639155387878418,0.3173135183751583,119.886607197579,114.64404773712158,0.9562706829144112,0,0,114.64404773712158,0.9999994039535522,,
383,,,,,1.3223810195922852,30.69174289703369,0.31737135956063867,120.20397855713964,114.95836424827576,0.956360726393334,0,0,114.95836424827576,0.999999463558197,,
384,,,,,1.3223272562026978,30.744362831115723,0.3173584840260446,120.52133704116568,115.27268660068512,0.9564504462916076,0,0,115.27268660068512,0.9999996423721313,,
385,,,,,1.3221688866615295,30.797003746032715,0.3173204776830971,120.83865751884878,115.58697891235352,0.9565397471775368,0,0,115.58697891235352,0.9999988675117493,,
386,,,,,1.3235757946968079,30.84974765777588,0.3176582404412329,121.15631575929001,115.90165972709656,0.9566291199987114,0,0,115.90165972709656,0.9999816417694092,,
387,,,,,1.3234136700630188,30.902515411376953,0.31761922873556614,121.47393498802558,116.21631133556366,0.9567180922147526,0,0,116.21631133556366,0.999998927116394,,
388,,,,,1.3235344290733337,30.9553165435791,0.3176482506096363,121.79158323863521,116.53098356723785,0.9568065417041929,0,0,116.53098356723785,0.9999978542327881,,
389,,,,,1.323526680469513,31.008150100708008,0.3176463642157614,122.10922960285097,116.84567856788635,0.9568947322648355,0,0,116.84567856788635,0.9999997615814209,,
390,3.22632293093252,4.596284866333008,1.3782275468111038,0.0609153201803565,1.3233796954154968,31.06100559234619,0.31761112809181213,122.42684073094279,117.16034841537476,0.956982535168549,0,0,117.16034841537476,0.9999993443489075,,
391,,,,,1.3229296803474426,31.11386489868164,0.31750311655923724,122.74434384750202,117.47490739822388,0.9570698226565465,0,0,117.47490739822388,0.9999975562095642,,
392,,,,,1.3226722478866577,31.166743278503418,0.31744141271337867,123.0617852602154,117.78940773010254,0.9571566630618488,0,0,117.78940773010254,0.9999986886978149,,
393,,,,,1.3230830430984497,31.2196683883667,0.31753991823643446,123.37932517845184,118.10401177406311,0.9572431329417661,0,0,118.10401177406311,0.9999984502792358,,
394,,,,,1.3229470252990723,31.272621154785156,0.3175073186866939,123.69683249713853,118.41861534118652,0.9573294073146533,0,0,118.41861534118652,0.9999992251396179,,
395,,,,,1.3231101036071777,31.32560920715332,0.3175463639199734,124.0143788610585,118.73325490951538,0.9574152287819716,0,0,118.73325490951538,0.9999988675117493,,
396,,,,,1.3227407336235046,31.3786039352417,0.3174577630124986,124.331836624071,119.04780173301697,0.957500548254332,0,0,119.04780173301697,0.9999943971633911,,
397,,,,,1.3225188851356506,31.431617736816406,0.3174044657498598,124.64924108982086,119.36229515075684,0.9575854141361738,0,0,119.36229515075684,0.9999992847442627,,
398,,,,,1.3226537704467773,31.484667778015137,0.3174368990585208,124.96667798887938,119.67684173583984,0.9576700258167123,0,0,119.67684173583984,0.999999463558197,,
399,,,,,1.322498857975006,31.53774070739746,0.3173997406847775,125.28407772956416,119.99134969711304,0.9577541845031827,0,0,119.99134969711304,0.9999995827674866,,
400,3.226785177000332,4.59779679775238,1.430539146065712,0.06241211201995611,1.3224362134933472,31.590835571289062,0.31738461181521416,125.60146234137937,120.30584335327148,0.9578379193252099,0,0,120.30584335327148,0.9999995231628418,8962b10c4b33a405fa9574aeb39b63d3854a2462cf4ecfbed792b7a8cecd9dbc,True
401,,,,,1.3225457668304443,31.643973350524902,0.317410986404866,125.91887332778424,120.62040734291077,0.957921589950366,0,0,120.62040734291077,0.9999960660934448,,
402,,,,,1.3225613236427307,31.69714069366455,0.31741469260305166,126.23628802038729,120.93499422073364,0.9580049929953705,0,0,120.93499422073364,0.9999997615814209,,
403,,,,,1.3224241137504578,31.75032901763916,0.317381810862571,126.55366983124986,121.24953413009644,0.9580878554669567,0,0,121.24953413009644,0.9999994039535522,,
404,,,,,1.3223965764045715,31.80354404449463,0.3173752259463072,126.87104505719617,121.56408596038818,0.9581704470518356,0,0,121.56408596038818,0.9999995827674866,,
405,,,,,1.3224034309387207,31.856788635253906,0.31737680546939373,127.18842186266556,121.8786392211914,0.9582526257994736,0,0,121.8786392211914,0.9999995827674866,,
406,,,,,1.3236461877822876,31.910123825073242,0.3176751551218331,127.5060970177874,122.1935293674469,0.9583347951619887,0,0,122.1935293674469,0.9999844431877136,,
407,,,,,1.3234552145004272,31.963481903076172,0.3176292101852596,127.82372622797266,122.50840187072754,0.958416762567489,0,0,122.50840187072754,0.9999995231628418,,
408,,,,,1.3237026929855347,32.016879081726074,0.3176885638386011,128.14141479181126,122.82333111763,0.9584983224758179,0,0,122.82333111763,0.9999991655349731,,
409,,,,,1.323347568511963,32.07028865814209,0.31760338926687837,128.45901818107814,123.13817596435547,0.9585794575416786,0,0,123.13817596435547,0.9999980926513672,,
410,3.227277738006308,4.599365830421448,1.484185516834259,0.06393148377537727,1.3238345384597778,32.12374973297119,0.3177203182131052,128.77673849929124,123.45315265655518,0.9586603457675991,0,0,123.45315265655518,0.9999969005584717,,
411,,,,,1.3231711387634277,32.17720413208008,0.3175610760226846,129.09429957531393,123.76797866821289,0.9587408512643535,0,0,123.76797866821289,0.9999945759773254,,
412,,,,,1.3231139779090881,32.23068332672119,0.3175473427399993,129.41184691805393,124.0827887058258,0.9588209399746568,0,0,124.0827887058258,0.999999463558197,,
413,,,,,1.3230971097946167,32.2841911315918,0.3175432877615094,129.72939020581543,124.39760971069336,0.9589007511199723,0,0,124.39760971069336,0.9999994039535522,,
414,,,,,1.3232104182243347,32.33773422241211,0.3175705010071397,130.04696070682257,124.71247673034668,0.9589803256647966,0,0,124.71247673034668,0.9999992251396179,,
415,,,,,1.3231280446052551,32.3912992477417,0.3175506596453488,130.36451136646792,125.0273208618164,0.9590594829167189,0,0,125.0273208618164,0.9999991655349731,,
416,,,,,1.322611689567566,32.44486141204834,0.317426813300699,130.68193817976862,125.34203338623047,0.9591381573619345,0,0,125.34203338623047,0.9999967217445374,,
417,,,,,1.322654366493225,32.49845504760742,0.3174370313063264,130.99937521107495,125.65676283836365,0.9592165049329138,0,0,125.65676283836365,0.9999986290931702,,
418,,,,,1.322710931301117,32.55207824707031,0.317450569011271,131.31682578008622,125.97150993347168,0.959294509177619,0,0,125.97150993347168,0.9999997615814209,,
419,,,,,1.3227921724319458,32.60573387145996,0.3174700131639838,131.6342957932502,126.28630208969116,0.9593723377989597,0,0,126.28630208969116,0.9999993443489075,,
420,3.227795264255478,4.600992441177368,1.5391065925359726,0.0655061500146985,1.322699785232544,32.659414291381836,0.3174479743465781,131.95174376759678,126.60106658935547,0.9594497425690237,0,0,126.60106658935547,0.9999994039535522,,
421,,,,,1.3225765824317932,32.71311855316162,0.317418331746012,132.2691620993428,126.91581916809082,0.9595269007054553,0,0,126.91581916809082,0.9999976754188538,,
422,,,,,1.3225955963134766,32.766852378845215,0.31742290826514363,132.58658500760794,127.23059439659119,0.9596038271088257,0,0,127.23059439659119,0.9999994039535522,,
423,,,,,1.3224170804023743,32.820600509643555,0.31738015124574304,132.90396515885368,127.54531645774841,0.9596802947549286,0,0,127.54531645774841,0.9999992251396179,,
424,,,,,1.3227081894874573,32.87439441680908,0.31744999159127474,133.22141515044495,127.86013984680176,0.9597566555077519,0,0,127.86013984680176,0.9999984502792358,,
425,,,,,1.322414219379425,32.92819595336914,0.31737939082086086,133.53879454126582,128.1748752593994,0.9598325018561568,0,0,128.1748752593994,0.9999978542327881,,
426,,,,,1.3235595226287842,32.982089042663574,0.3176542832516134,133.85644882451743,128.48993635177612,0.9599084502848448,0,0,128.48993635177612,0.9999867677688599,,
427,,,,,1.3235503435134888,33.03600883483887,0.317652044352144,134.17410086886957,128.80500984191895,0.9599841475204005,0,0,128.80500984191895,0.9999996423721313,,
428,,,,,1.3233862519264221,33.08994674682617,0.31761271553114057,134.4917135844007,129.12005066871643,0.9600595250627524,0,0,129.12005066871643,0.9999984502792358,,
429,,,,,1.3236352801322937,33.14392375946045,0.3176724575459957,134.8093860419467,129.43515753746033,0.9601346118228362,0,0,129.43515753746033,0.9999983310699463,,
430,3.2283473851987883,4.602681279182434,1.595568522810936,0.06717037316411734,1.323845386505127,33.19793891906738,0.3177229706197977,135.1271090125665,129.750337600708,0.9602095282645363,0,0,129.750337600708,0.9999986290931702,,
431,,,,,1.3230146169662476,33.25193691253662,0.31752350786700845,135.44463252043352,130.0652904510498,0.9602838298625593,0,0,130.0652904510498,0.9999907612800598,,
432,,,,,1.3231835961341858,33.30596733093262,0.31756410421803594,135.76219662465155,130.3802947998047,0.9603578760608343,0,0,130.3802947998047,0.9999992847442627,,
433,,,,,1.3234798312187195,33.36004161834717,0.31763514410704374,136.0798317687586,130.69539642333984,0.9604317901085481,0,0,130.69539642333984,0.9999988079071045,,
434,,,,,1.3232215642929077,33.41412925720215,0.3175731375813484,136.39740490633994,131.01043009757996,0.9605052983782205,0,0,131.01043009757996,0.9999988675117493,,
435,,,,,1.323107361793518,33.468238830566406,0.31754577392712235,136.71495068026707,131.3254508972168,0.9605785632351538,0,0,131.3254508972168,0.9999995827674866,,
436,,,,,1.3227923512458801,33.522353172302246,0.3174701570533216,137.0324208373204,131.6403694152832,0.9606512722384188,0,0,131.6403694152832,0.9999952912330627,,
437,,,,,1.3228594064712524,33.57649803161621,0.3174862894229591,137.34990712674335,131.9553337097168,0.9607238655643974,0,0,131.9553337097168,0.9999995827674866,,
438,,,,,1.3229535818099976,33.63067436218262,0.317508852109313,137.66741597885266,132.27032041549683,0.9607961293892097,0,0,132.27032041549683,0.9999997615814209,,
439,,,,,1.3227466940879822,33.6848669052124,0.3174591879360378,137.9848751667887,132.58525848388672,0.9608680540068165,0,0,132.58525848388672,0.9999988675117493,,
440,3.2289296589682936,4.604431509971619,1.6536909192800522,0.06893536821007729,1.3229946494102478,33.73909568786621,0.31751872785389423,138.3023938946426,132.90028309822083,0.9609398605165288,0,0,132.90028309822083,0.9999984502792358,,
441,,,,,1.3227298259735107,33.79334259033203,0.3174551031552255,138.61984899779782,133.2152407169342,0.9610112958574177,0,0,133.2152407169342,0.9999983310699463,,
442,,,,,1.322665810585022,33.84761047363281,0.3174397675320506,138.93728876532987,133.53019523620605,0.9610824885300767,0,0,133.53019523620605,0.9999996423721313,,
443,,,,,1.3227179050445557,33.90191078186035,0.3174523343332112,139.25474109966308,133.84517097473145,0.9611534222661688,0,0,133.84517097473145,0.9999997615814209,,
444,,,,,1.3227158784866333,33.956233978271484,0.3174518095329404,139.57219290919602,134.16015315055847,0.9612240830653173,0,0,134.16015315055847,0.999999463558197,,
445,,,,,1.3227403163909912,34.01058578491211,0.3174576945602894,139.8896506037563,134.47515511512756,0.9612945241820176,0,0,134.47515511512756,0.999999463558197,,
446,,,,,1.32332843542099,34.064992904663086,0.31759882206097245,140.20724942581728,134.79031562805176,0.961364809452078,0,0,134.79031562805176,0.9999932646751404,,
447,,,,,1.3237077593803406,34.11944580078125,0.31768981786444783,140.52493924368173,135.10559463500977,0.9614349976748587,0,0,135.10559463500977,0.9999989867210388,,
448,,,,,1.3237374424934387,34.17392539978027,0.3176969843916595,140.8426362280734,135.42088508605957,0.9615049015893521,0,0,135.42088508605957,0.9999996423721313,,
449,,,,,1.3239521384239197,34.22843933105469,0.3177485642954707,141.16038479236886,135.73623847961426,0.9615745853857378,0,0,135.73623847961426,0.9999992847442627,,
450,3.2295465922767264,4.606246292591095,1.713413804769516,0.07079832255840302,1.3239437937736511,34.28297805786133,0.3177465093322098,141.47813130170107,136.05159759521484,0.9616440105862358,0,0,136.05159759521484,0.9999997615814209,,
451,,,,,1.3235495686531067,34.337520599365234,0.3176518795080483,141.79578318120912,136.36685371398926,0.9617130400818559,0,0,136.36685371398926,0.9999967217445374,,
452,,,,,1.3233830332756042,34.39208221435547,0.3176118400879204,142.11339502129704,136.68207550048828,0.9617817903794658,0,0,136.68207550048828,0.9999995827674866,,
453,,,,,1.3232594728469849,34.4466609954834,0.317582281306386,142.43097730260342,136.99726939201355,0.9618502378239911,0,0,136.99726939201355,0.9999996423721313,,
454,,,,,1.3234722018241882,34.50127983093262,0.31763333827257156,142.748610640876,137.31253623962402,0.9619185477403427,0,0,137.31253623962402,0.999999463558197,,
455,,,,,1.323511779308319,34.555925369262695,0.31764271995052695,143.06625336082652,137.62782382965088,0.9619866362372658,0,0,137.62782382965088,0.9999995827674866,,
456,,,,,1.322941243648529,34.61056327819824,0.31750594079494476,143.38375930162147,137.94295120239258,0.9620542233951016,0,0,137.94295120239258,0.9999954104423523,,
457,,,,,1.3229535222053528,34.66522216796875,0.31750885723158717,143.70126815885305,138.25808715820312,0.9621215520893401,0,0,138.25808715820312,0.9999989867210388,,
458,,,,,1.3230932354927063,34.71991539001465,0.3175423126667738,144.01881047151983,138.57326889038086,0.9621886782475766,0,0,138.57326889038086,0.9999997615814209,,
459,,,,,1.3230025172233582,34.774627685546875,0.31752057652920485,144.33633104804903,138.8884334564209,0.9622555350266212,0,0,138.8884334564209,0.9999990463256836,,
460,3.2301969206507306,4.6081244349479675,1.7745748460292816,0.07279917970299721,1.322956144809723,34.829362869262695,0.31750943325459957,144.65384048130363,139.20358085632324,0.962322053760572,0,0,139.20358085632324,0.9999996423721313,,
461,,,,,1.3228718638420105,34.88412094116211,0.3174892710521817,144.9713297523558,139.51873397827148,0.9623884544385461,0,0,139.51873397827148,0.9999990463256836,,
462,,,,,1.3229709267616272,34.93890953063965,0.3175130723975599,145.28884282475337,139.8339295387268,0.9624546993425558,0,0,139.8339295387268,0.9999992251396179,,
463,,,,,1.3228992223739624,34.99371910095215,0.31749573862180114,145.60633856337517,140.1491117477417,0.9625206782240515,0,0,140.1491117477417,0.9999995827674866,,
464,,,,,1.3229464292526245,35.048553466796875,0.3175070686265826,145.92384563200176,140.46430730819702,0.9625863867542674,0,0,140.46430730819702,0.9999997615814209,,
465,,,,,1.322926640510559,35.103416442871094,0.317502380348742,146.2413480123505,140.77951192855835,0.9626519027755964,0,0,140.77951192855835,0.9999996423721313,,
466,,,,,1.324017882347107,35.158355712890625,0.31776423612609506,146.5591122484766,141.09500312805176,0.9627173702365095,0,0,141.09500312805176,0.9999880194664001,,
467,,,,,1.3236661553382874,35.21330261230469,0.3176798252388835,146.87679207371548,141.41040873527527,0.9627825249907578,0,0,141.41040873527527,0.9999988675117493,,
468,,,,,1.3237407207489014,35.26827812194824,0.3176978016272187,147.1944898753427,141.72584223747253,0.962847470428394,0,0,141.72584223747253,0.9999998807907104,,
469,,,,,1.3238328099250793,35.323280334472656,0.31771989027038217,147.51220976561308,142.0413100719452,0.9629122246737288,0,0,142.0413100719452,0.9999996423721313,,
470,3.2308876149049635,4.61006897687912,1.8387537598609924,0.07497871480882168,1.3238716125488281,35.37830924987793,0.3177291606552899,147.82993892626837,142.35679388046265,0.9629767482449109,0,0,142.35679388046265,0.9999998211860657,,
471,,,,,1.3238221406936646,35.433359146118164,0.31771728908643126,148.1476562153548,142.67227363586426,0.9630410448645086,0,0,142.67227363586426,0.9999983310699463,,
472,,,,,1.3239038586616516,35.488433837890625,0.31773701030761003,148.4653932256624,142.9877758026123,0.9631050893138089,0,0,142.9877758026123,0.9999998807907104,,
473,,,,,1.32345712184906,35.543514251708984,0.31762968143448234,148.7830229070969,143.30316352844238,0.9631687858494634,0,0,143.30316352844238,0.9999972581863403,,
474,,,,,1.323195993900299,35.598602294921875,0.3175670406781137,149.100589947775,143.61848831176758,0.9632321935283517,0,0,143.61848831176758,0.9999991655349731,,
475,,,,,1.3234854936599731,35.65372848510742,0.3176365103572607,149.41822645813227,143.93389892578125,0.9632954582425812,0,0,143.93389892578125,0.9999989867210388,,
476,,,,,1.3232048153877258,35.70886039733887,0.31756917806342244,149.7357956361957,144.24924063682556,0.9633584275819962,0,0,144.24924063682556,0.9999977350234985,,
477,,,,,1.3231208324432373,35.76401329040527,0.3175489823333919,150.05334461852908,144.56455397605896,0.9634210709769591,0,0,144.56455397605896,0.9999996423721313,,
478,,,,,1.3231669664382935,35.81919288635254,0.31756003480404615,150.37090465333313,144.87989044189453,0.9634835327745177,0,0,144.87989044189453,0.9999997615814209,,
479,,,,,1.32317453622818,35.874393463134766,0.3175618536770344,150.68846650701016,145.19523978233337,0.9635458051169284,0,0,145.19523978233337,0.9999996423721313,,
480,3.231615659756806,4.612077951431274,1.9050739109516144,0.07733116578310728,1.3231549859046936,35.92961883544922,0.31755717005580664,151.00602367706597,145.510596036911,0.9636078912195704,0,0,145.510596036911,0.9999993443489075,,
481,,,,,1.3230722546577454,35.98486137390137,0.31753733614459634,151.32356101321056,145.8259334564209,0.9636697185819552,0,0,145.8259334564209,0.9999990463256836,,
482,,,,,1.323012888431549,36.040130615234375,0.31752307899296284,151.64108409220353,146.1412696838379,0.9637313697584587,0,0,146.1412696838379,0.9999998211860657,,
483,,,,,1.322904109954834,36.095415115356445,0.3174970014952123,151.95858109369874,146.4565827846527,0.9637927764957583,0,0,146.4565827846527,0.9999995827674866,,
484,,,,,1.3230605721473694,36.15073013305664,0.317534560803324,152.27611565450206,146.77193641662598,0.963853955597571,0,0,146.77193641662598,0.9999997615814209,,
485,,,,,1.3230220675468445,36.206064224243164,0.31752530531957746,152.59364095982164,147.08729553222656,0.963914974484121,0,0,147.08729553222656,0.9999998807907104,,
486,,,,,1.323874592781067,36.2614688873291,0.31772992480546236,152.9113708846271,147.40287518501282,0.9639758922587159,0,0,147.40287518501282,0.9999908208847046,,
487,,,,,1.3242598176002502,36.31691360473633,0.31782236602157354,153.22919325064868,147.71856904029846,0.9640367211139915,0,0,147.71856904029846,0.9999969005584717,,
488,,,,,1.3240813612937927,36.372371673583984,0.3177795526571572,153.54697280330583,148.03422093391418,0.9640972936897007,0,0,148.03422093391418,0.9999989867210388,,
489,,,,,1.3238637447357178,36.42784309387207,0.317727267742157,153.864700071048,148.3498249053955,0.9641576322372388,0,0,148.3498249053955,0.9999989867210388,,
490,3.232385626763778,4.614153861999512,1.9735477268695831,0.07972205709666014,1.323967158794403,36.48334312438965,0.3177521373145282,154.18245220836252,148.66546440124512,0.9642177969794987,0,0,148.66546440124512,0.9999996423721313,,
491,,,,,1.3234978914260864,36.538841247558594,0.31763952784240246,154.50009173620492,148.98098945617676,0.9642776763559954,0,0,148.98098945617676,0.9999974966049194,,
492,,,,,1.3234137296676636,36.5943546295166,0.3176193432882428,154.81771107949317,149.29649329185486,0.9643372986905592,0,0,149.29649329185486,0.9999992251396179,,
493,,,,,1.3234930038452148,36.649898529052734,0.3176382347010076,155.13534931419417,149.61202263832092,0.9643967238911625,0,0,149.61202263832092,0.9999988079071045,,
494,,,,,1.3235386610031128,36.70546340942383,0.3176492368802428,155.45299855107442,149.92757606506348,0.9644559928884453,0,0,149.92757606506348,0.9999995231628418,,
495,,,,,1.3234773874282837,36.76104927062988,0.31763458577916026,155.77063313685358,150.2431125640869,0.9645150022089762,0,0,150.2431125640869,0.9999995827674866,,
496,,,,,1.3232377767562866,36.816640853881836,0.31757713202387094,156.08821026887745,150.55857682228088,0.9645736635901444,0,0,150.55857682228088,0.999997615814209,,
497,,,,,1.3232429027557373,36.872257232666016,0.31757821096107364,156.40578847983852,150.87405633926392,0.964632177655697,0,0,150.87405633926392,0.9999995827674866,,
498,,,,,1.3231649994850159,36.92788887023926,0.3175596073269844,156.7233480871655,151.18951630592346,0.9646904443480545,0,0,151.18951630592346,0.9999995231628418,,
499,,,,,1.3232915997505188,36.98354911804199,0.31758991489186883,157.04093800205737,151.50502395629883,0.9647485928434344,0,0,151.50502395629883,0.9999994039535522,,
500,3.2331964459868856,4.616301774978638,2.043945163488388,0.08195502124726772,1.3232960104942322,37.03923225402832,0.31759097101166844,157.35852897306904,151.82053184509277,0.9648065016614065,0,0,151.82053184509277,0.9999998211860657,53260caf7dbce844feb5bf5932fc59b50ae2891f41268ba38d0fed802a8cb27c,True
501,,,,,1.3230943083763123,37.09493064880371,0.3175425389781594,157.6760715120472,152.13600730895996,0.9648642679262533,0,0,152.13600730895996,0.9999988079071045,,
502,,,,,1.3232640624046326,37.15065956115723,0.3175832908600569,157.99365480290726,152.45152473449707,0.9649218186937646,0,0,152.45152473449707,0.9999992847442627,,
503,,,,,1.3230544924736023,37.20639610290527,0.3175330595113337,158.3111878624186,152.76699829101562,0.964979167636452,0,0,152.76699829101562,0.9999994039535522,,
504,,,,,1.3230639100074768,37.26215744018555,0.3175352946855128,158.6287231571041,153.08247756958008,0.9650363094580794,0,0,153.08247756958008,0.9999998211860657,,
505,,,,,1.3230313062667847,37.31793975830078,0.31752752512693405,158.94625068223104,153.39795684814453,0.9650932701446369,0,0,153.39795684814453,0.9999995231628418,,
506,,,,,1.3238712549209595,37.3737850189209,0.31772913644090295,159.26397981867194,153.71365356445312,0.9651501471924848,0,0,153.71365356445312,0.9999920725822449,,
507,,,,,1.3237727284431458,37.429649353027344,0.31770542496815324,159.5816852436401,154.02934384346008,0.9652069008313581,0,0,154.02934384346008,0.9999996423721313,,
508,,,,,1.3240907788276672,37.48554801940918,0.31778182089328766,159.89946706453338,154.34511256217957,0.9652634583196383,0,0,154.34511256217957,0.9999989867210388,,
509,,,,,1.323984682559967,37.54146766662598,0.3177563212811947,160.21722338581458,154.66086649894714,0.9653198528257584,0,0,154.66086649894714,0.9999998211860657,,
510,3.2340555097319057,4.618530035018921,2.1161167323589325,0.08405724074691534,1.3242019414901733,37.597415924072266,0.31780846463516355,160.53503185044974,154.97668647766113,0.9653761219048589,0,0,154.97668647766113,0.9999992847442627,,
511,,,,,1.3236652612686157,37.653358459472656,0.317679631523788,160.85271148197353,155.29236602783203,0.9654320688603028,0,0,155.29236602783203,0.9999969601631165,,
512,,,,,1.32369464635849,37.70932388305664,0.31768662575632334,161.17039810772985,155.60805749893188,0.9654878273299236,0,0,155.60805749893188,0.9999998211860657,,
513,,,,,1.3238672018051147,37.76531982421875,0.3177281911484897,161.48812629887834,155.92380547523499,0.9655434678005613,0,0,155.92380547523499,0.9999995231628418,,
514,,,,,1.3237403631210327,37.821327209472656,0.3176976917311549,161.8058239906095,156.23952054977417,0.9655988684241716,0,0,156.23952054977417,0.9999993443489075,,
515,,,,,1.3235763311386108,37.87735176086426,0.317658256739378,162.12348224734887,156.5551986694336,0.9656540588647066,0,0,156.5551986694336,0.9999997615814209,,
516,,,,,1.323409914970398,37.93338394165039,0.31761833699420094,162.44110058434308,156.8708300590515,0.9657089831006143,0,0,156.8708300590515,0.9999977350234985,,
517,,,,,1.3232145309448242,37.98942756652832,0.3175715743564069,162.75867215869948,157.18641686439514,0.9657636965182905,0,0,157.18641686439514,0.999998927116394,,
518,,,,,1.3232924342155457,38.04549789428711,0.3175901174545288,163.076262276154,157.50203704833984,0.9658182916997711,0,0,157.50203704833984,0.9999996423721313,,
519,,,,,1.3233286142349243,38.10158729553223,0.317598850466311,163.39386112662032,157.81766152381897,0.9658726492883285,0,0,157.81766152381897,0.9999996423721313,,
520,3.2349654117903386,4.620842278003693,2.1900855600833893,0.08614316489547491,1.3234142065048218,38.1577033996582,0.31761940848082304,163.71148053510115,158.13332176208496,0.9659268931245103,0,0,158.13332176208496,0.9999991655349731,,
521,,,,,1.3232733011245728,38.213836669921875,0.3175856242887676,164.0290661593899,158.44895553588867,0.9659809645073519,0,0,158.44895553588867,0.9999987483024597,,
522,,,,,1.3230648040771484,38.26997756958008,0.31753549398854375,164.34660165337846,158.7645378112793,0.9660348082288115,0,0,158.7645378112793,0.9999995827674866,,
523,,,,,1.323162853717804,38.32614326477051,0.31755909183993936,164.6641607452184,159.0801544189453,0.9660885143372876,0,0,159.0801544189453,0.9999998807907104,,
524,,,,,1.3231483697891235,38.382333755493164,0.3175554987974465,164.98171624401584,159.39575600624084,0.9661419436956635,0,0,159.39575600624084,0.9999997615814209,,
525,,,,,1.3232374787330627,38.43854331970215,0.31757698906585574,165.2992932330817,159.71139907836914,0.9661952931230368,0,0,159.71139907836914,0.9999995231628418,,
526,,,,,1.3240887522697449,38.494821548461914,0.31778130820021033,165.6170745412819,160.027272939682,0.9662486394166591,0,0,160.027272939682,0.9999920129776001,,
527,,,,,1.324046552181244,38.55111503601074,0.3177711721509695,165.93484571343288,160.34313583374023,0.9663017743159842,0,0,160.34313583374023,0.999999463558197,,
528,,,,,1.3240692615509033,38.607431411743164,0.3177766567096114,166.2526223701425,160.65902137756348,0.966354810451492,0,0,160.65902137756348,0.9999989867210388,,
529,,,,,1.323884665966034,38.663761138916016,0.3177323010750115,166.5703546712175,160.97485542297363,0.9664075923996834,0,0,160.97485542297363,0.9999988675117493,,
530,3.2359286162641103,4.623250722885132,2.2656866312026978,0.08811099734157324,1.3240827322006226,38.72011756896973,0.3177798353135586,166.88813450653106,161.29074692726135,0.9664602423903803,0,0,161.29074692726135,0.9999997615814209,,
531,,,,,1.3238984942436218,38.776485443115234,0.3177356431260705,167.20587014965713,161.60659217834473,0.9665126710784631,0,0,161.60659217834473,0.9999980926513672,,
532,,,,,1.3236740231513977,38.83286094665527,0.31768172420561314,167.52355187386274,161.92238092422485,0.9665648746878512,0,0,161.92238092422485,0.9999991655349731,,
533,,,,,1.3238394260406494,38.88926124572754,0.3177214418537915,167.84127331571653,162.23821592330933,0.9666169275189627,0,0,162.23821592330933,0.9999993443489075,,
534,,,,,1.3239272236824036,38.9456901550293,0.31774250557646155,168.159015821293,162.55408763885498,0.9666688809097487,0,0,162.55408763885498,0.9999995827674866,,
535,,,,,1.3237400650978088,39.002126693725586,0.3176976218819618,168.47671344317496,162.8699107170105,0.9667206071890967,0,0,162.8699107170105,0.9999989867210388,,
536,,,,,1.3233901858329773,39.05856895446777,0.31761353788897395,168.79432698106393,163.18563652038574,0.9667720440550803,0,0,163.18563652038574,0.9999983310699463,,
537,,,,,1.3234282732009888,39.11502647399902,0.3176227496005595,169.1119497306645,163.50139045715332,0.9668234014068919,0,0,163.50139045715332,0.9999998807907104,,
538,,,,,1.323350965976715,39.1715030670166,0.31760419299826026,169.42955392366275,163.8171157836914,0.966874503237487,0,0,163.8171157836914,0.9999998807907104,,
539,,,,,1.3233606815338135,39.22799873352051,0.3176065478473902,169.74716047151014,164.13285279273987,0.9669254692498168,0,0,164.13285279273987,0.9999998211860657,,
540,3.2369462903593957,4.625754415988922,2.3428616523742676,0.08995134849101305,1.3234629034996033,39.28451919555664,0.31763103092089295,170.06479150243104,164.44862937927246,0.9669763384087691,0,0,164.44862937927246,0.9999996423721313,,
541,,,,,1.323407232761383,39.341060638427734,0.3176177847199142,170.38240928715095,164.76440620422363,0.9670270944845012,0,0,164.76440620422363,0.9999992251396179,,
542,,,,,1.323383629322052,39.39761734008789,0.31761198583990335,170.70002127299085,165.08017349243164,0.9670776386631337,0,0,165.08017349243164,0.9999995827674866,,
543,,,,,1.3235422372817993,39.45420455932617,0.31765007600188255,171.01767134899274,165.39599990844727,0.9671281254375498,0,0,165.39599990844727,0.999999463558197,,
544,,,,,1.3233380913734436,39.510799407958984,0.31760116945952177,171.33527251845226,165.71175599098206,0.9671782905830699,0,0,165.71175599098206,0.9999991655349731,,
545,,,,,1.3233303427696228,39.567413330078125,0.3175993040204048,171.65287182247266,166.02752494812012,0.96722835560729,0,0,166.02752494812012,0.9999999403953552,,
546,,,,,1.3238670825958252,39.62407684326172,0.31772810965776443,171.97059993213043,166.3434500694275,0.9672784193058308,0,0,166.3434500694275,0.9999951124191284,,
547,,,,,1.3239266872406006,39.68075942993164,0.31774243572726846,172.2883423678577,166.6593725681305,0.9673282026957484,0,0,166.6593725681305,0.9999999403953552,,
548,,,,,1.3240554332733154,39.737470626831055,0.3177733779884875,172.60611574584618,166.9753532409668,0.9673779664147512,0,0,166.9753532409668,0.9999995827674866,,
549,,,,,1.32440984249115,39.79421424865723,0.3178584175184369,172.92397416336462,167.2914276123047,0.9674276133294293,0,0,167.2914276123047,0.9999992847442627,,
550,3.2380243349518594,4.628347039222717,2.421523869037628,0.091724650003016,1.3241657614707947,39.85096549987793,0.3177998261526227,173.24177398951724,167.60743975639343,0.9674770460762789,0,0,167.60743975639343,0.9999995231628418,,
551,,,,,1.3238301277160645,39.9077205657959,0.3177192755974829,173.55949326511472,167.92337036132812,0.9675262770260667,0,0,167.92337036132812,0.9999982118606567,,
552,,,,,1.3238539099693298,39.96449279785156,0.3177249226719141,173.87721818778664,168.23929524421692,0.9675752637272943,0,0,168.23929524421692,1.0,,
553,,,,,1.3237388134002686,40.021278381347656,0.3176972744986415,174.19491546228528,168.5552101135254,0.9676241678249105,0,0,168.5552101135254,0.9999994039535522,,
554,,,,,1.323729693889618,40.07808303833008,0.3176951087079942,174.51261057099327,168.87111353874207,0.9676728402962194,0,0,168.87111353874207,0.9999998211860657,,
555,,,,,1.3236217498779297,40.1348991394043,0.31766926031559706,174.83027983130887,169.18699836730957,0.9677213725823388,0,0,169.18699836730957,0.9999995231628418,,
556,,,,,1.3234853744506836,40.191728591918945,0.3176365224644542,175.14791635377333,169.50285530090332,0.967769750446424,0,0,169.50285530090332,0.9999994039535522,,
557,,,,,1.32346910238266,40.24857139587402,0.3176325997337699,175.4655489535071,169.81870698928833,0.9678179449020162,0,0,169.81870698928833,0.9999999403953552,,
558,,,,,1.323566734790802,40.30544090270996,0.31765609001740813,175.7832050435245,170.13459253311157,0.9678660284467149,0,0,170.13459253311157,0.9999999403953552,,
559,,,,,1.3236019611358643,40.362327575683594,0.3176644444465637,176.10086948797107,170.45048332214355,0.9679139223885863,0,0,170.45048332214355,0.9999996423721313,,
560,3.2391573030793492,4.631014406681061,2.5016289949417114,0.09373167902231216,1.3235148787498474,40.41923141479492,0.31764354230836034,176.41851303027943,170.7663631439209,0.9679616963703271,0,0,170.7663631439209,0.9999997615814209,,
561,,,,,1.323338806629181,40.47614669799805,0.31760131008923054,176.73611434036866,171.08220863342285,0.9680093356807757,0,0,171.08220863342285,0.9999992847442627,,
562,,,,,1.3234342336654663,40.53308296203613,0.31762426579371095,177.05373860616237,171.3980712890625,0.9680567755212373,0,0,171.3980712890625,0.9999997615814209,,
563,,,,,1.3234562873840332,40.59004020690918,0.31762947840616107,177.37136808456853,171.71395754814148,0.9681041500805777,0,0,171.71395754814148,0.9999997615814209,,
564,,,,,1.3234280943870544,40.64701271057129,0.3176227370277047,177.68899082159624,172.0298366546631,0.9681513517479762,0,0,172.0298366546631,0.9999997615814209,,
565,,,,,1.3234629034996033,40.70400619506836,0.3176310998387635,178.006621921435,172.3457317352295,0.9681984292207682,0,0,172.3457317352295,0.9999998211860657,,
566,,,,,1.324000060558319,40.76104927062988,0.3177599795162678,178.32438190095127,172.66177940368652,0.9682454948846482,0,0,172.66177940368652,0.9999948143959045,,
567,,,,,1.324137806892395,40.818115234375,0.3177931047976017,178.64217500574887,172.97784805297852,0.9682923310098019,0,0,172.97784805297852,0.9999992251396179,,
568,,,,,1.3242669701576233,40.87520408630371,0.3178240470588207,178.9599990528077,173.2939736843109,0.968339151774214,0,0,173.2939736843109,0.9999995827674866,,
569,,,,,1.32392019033432,40.932294845581055,0.31774087715893984,179.27773992996663,173.61000227928162,0.9683857145181547,0,0,173.61000227928162,0.9999984502792358,,
570,3.240351063195136,4.633763313293457,2.5835205614566803,0.09613982867449522,1.3240593075752258,40.989410400390625,0.31777425669133663,179.59551418665797,173.9260768890381,0.968432188725335,0,0,173.9260768890381,0.9999996423721313,,
571,,,,,1.3237839341163635,41.046525955200195,0.3177081774920225,179.91322236415,174.2420768737793,0.9684784396841435,0,0,174.2420768737793,0.9999983310699463,,
572,,,,,1.3237844705581665,41.10366439819336,0.31770830508321524,180.2309306692332,174.5580883026123,0.968524590393239,0,0,174.5580883026123,0.9999996423721313,,
573,,,,,1.3236160278320312,41.16080856323242,0.3176678726449609,180.54859854187816,174.87404608726501,0.9685704984672152,0,0,174.87404608726501,0.999999463558197,,
574,,,,,1.3238806128501892,41.21798515319824,0.31773138558492064,180.86632992746308,175.19009804725647,0.9686164258295945,0,0,175.19009804725647,0.9999990463256836,,
575,,,,,1.3237736225128174,41.275177001953125,0.3177057974971831,181.18403572496027,175.50611114501953,0.9686621144229237,0,0,175.50611114501953,0.9999997615814209,,
576,,,,,1.3237152695655823,41.33237648010254,0.3176917191594839,181.50172744411975,175.82211136817932,0.9687076472718971,0,0,175.82211136817932,0.9999987483024597,,
577,,,,,1.323622703552246,41.389591217041016,0.3176695955917239,181.81939703971148,176.13809156417847,0.9687530287305204,0,0,176.13809156417847,0.9999998211860657,,
578,,,,,1.323556900024414,41.44681739807129,0.3176537654362619,182.13705080514774,176.45405983924866,0.9687982706386316,0,0,176.45405983924866,0.9999997615814209,,
579,,,,,1.3235256671905518,41.50406265258789,0.317646162584424,182.45469696773216,176.7700173854828,0.9688433365831317,0,0,176.7700173854828,0.9999998807907104,,
580,3.241608889960989,4.636596977710724,2.667553961277008,0.09889078512787819,1.3236597180366516,41.561330795288086,0.31767833000048995,182.77237529773265,177.08602380752563,0.9688883427763905,0,0,177.08602380752563,0.9999998807907104,,
581,,,,,1.3235164880752563,41.61861038208008,0.3176439465023577,183.090019244235,177.40200090408325,0.9689332145813742,0,0,177.40200090408325,0.9999990463256836,,
582,,,,,1.3234248161315918,41.67590522766113,0.31762193515896797,183.40764117939398,177.71795678138733,0.9689779315549757,0,0,177.71795678138733,0.9999997615814209,,
583,,,,,1.3235796689987183,41.733224868774414,0.3176591033115983,183.72530028270558,178.03395080566406,0.9690225055107545,0,0,178.03395080566406,0.9999995231628418,,
584,,,,,1.3234995603561401,41.79055404663086,0.31763990176841617,184.042940184474,178.3499402999878,0.9690670020877692,0,0,178.3499402999878,0.999999463558197,,
585,,,,,1.3233675360679626,41.84789276123047,0.3176082302816212,184.3605484147556,178.66589283943176,0.9691113113717065,0,0,178.66589283943176,0.9999995231628418,,
586,,,,,1.3241515159606934,41.90529441833496,0.31779638724401593,184.67834480199963,178.98205375671387,0.9691556091679622,0,0,178.98205375671387,0.9999934434890747,,
587,,,,,1.3241531252861023,41.962711334228516,0.3177967141382396,184.99614151613787,179.29821395874023,0.9691997491909767,0,0,179.29821395874023,0.9999997615814209,,
588,,,,,1.3242796659469604,42.0201530456543,0.317827180493623,185.3139686966315,179.6144154071808,0.9692438010499784,0,0,179.6144154071808,0.9999999403953552,,
589,,,,,1.324204921722412,42.077606201171875,0.31780910305678844,185.63177779968828,179.93061447143555,0.9692877836121049,0,0,179.93061447143555,0.9999997615814209,,
590,3.2429322099622344,4.639528334140778,2.7537143528461456,0.1017032079398632,1.3241128325462341,42.135074615478516,0.317787095438689,185.94956489512697,180.24678587913513,0.9693315818232267,0,0,180.24678587913513,0.9999998211860657,,
591,,,,,1.323777437210083,42.19254112243652,0.3177065742202103,186.26727146934718,180.56287741661072,0.969375220844011,0,0,180.56287741661072,0.9999986886978149,,
592,,,,,1.3238992094993591,42.25002670288086,0.3177358377724886,186.58500730711967,180.8789985179901,0.9694187176586037,0,0,180.8789985179901,0.9999999403953552,,
593,,,,,1.3239735960960388,42.30753517150879,0.3177535920403898,186.90276089916006,181.19513487815857,0.9694620561325903,0,0,181.19513487815857,0.9999998211860657,,
594,,,,,1.3239529132843018,42.36505699157715,0.31774865835905075,187.2205095575191,181.51128959655762,0.969505371102473,0,0,181.51128959655762,0.9999998211860657,,
595,,,,,1.3239367604255676,42.422597885131836,0.31774481385946274,187.53825437137857,181.8274269104004,0.9695484663642538,0,0,181.8274269104004,0.9999998211860657,,
596,,,,,1.3236783146858215,42.48013877868652,0.31768286461010575,187.85593723598868,182.14349746704102,0.9695913802193404,0,0,182.14349746704102,0.9999984502792358,,
597,,,,,1.3236531615257263,42.537696838378906,0.3176767718978226,188.1736140078865,182.4595651626587,0.9696341653671524,0,0,182.4595651626587,0.9999996423721313,,
598,,,,,1.3237058520317078,42.59527015686035,0.31768933730199933,188.4913033451885,182.77566123008728,0.969676892176638,0,0,182.77566123008728,0.9999995231628418,,
599,,,,,1.3237194418907166,42.652862548828125,0.3176927035674453,188.80899604875594,183.09174156188965,0.9697193745715861,0,0,183.09174156188965,0.9999994039535522,,
600,3.2443343812250998,4.642570197582245,2.8413832783699036,0.10426732618361712,1.3236701488494873,42.71047019958496,0.3176807798445225,189.12667682860047,183.40783309936523,0.9697618346330962,0,0,183.40783309936523,0.9999995827674866,6009b2a1aec2ae7cc31f0191d90e4a5282fa27431718ee9d5a937c22f4a33903,True
601,,,,,1.3236539959907532,42.76809501647949,0.31767698749899864,189.44435381609946,183.7239282131195,0.9698041905828771,0,0,183.7239282131195,0.9999992847442627,,
602,,,,,1.3236057758331299,42.82573127746582,0.3176653627306223,189.7620191788301,184.0400047302246,0.9698463661307584,0,0,184.0400047302246,0.9999996423721313,,
603,,,,,1.3236311674118042,42.88338661193848,0.31767146196216345,190.07969064079225,184.35610270500183,0.9698884824754493,0,0,184.35610270500183,0.9999998807907104,,
604,,,,,1.3234970569610596,42.94105339050293,0.3176393238827586,190.397329964675,184.6721715927124,0.969930469229659,0,0,184.6721715927124,0.9999995231628418,,
605,,,,,1.3236310482025146,42.998741149902344,0.31767140608280897,190.71500137075782,184.98826217651367,0.9699722667169107,0,0,184.98826217651367,0.9999995827674866,,
606,,,,,1.3243220448493958,43.05648231506348,0.3178372783586383,191.03283864911646,185.30454564094543,0.9700140926100483,0,0,185.30454564094543,0.9999943375587463,,
607,,,,,1.323978304862976,43.11422157287598,0.317754824180156,191.3505934732966,185.62074851989746,0.9700557764185888,0,0,185.62074851989746,0.9999990463256836,,
608,,,,,1.3242883682250977,43.171993255615234,0.3178292764350772,191.6684227497317,185.93703436851501,0.9700973780709756,0,0,185.93703436851501,0.9999990463256836,,
609,,,,,1.3241955637931824,43.22977256774902,0.31780694890767336,191.98622969863936,186.25330257415771,0.9701388629096911,0,0,186.25330257415771,0.9999992847442627,,
610,3.245809762253071,4.645704388618469,2.928162604570389,0.10508896224200726,1.32436603307724,43.28757858276367,0.3178477813489735,192.30407747998834,186.5696074962616,0.9701801955586488,0,0,186.5696074962616,0.999999463558197,,
611,,,,,1.3240299820899963,43.34538459777832,0.3177671837620437,192.62184466375038,186.88583970069885,0.9702214202492686,0,0,186.88583970069885,0.9999986886978149,,
612,,,,,1.3239929676055908,43.4032039642334,0.3177582882344723,192.93960295198485,187.20205879211426,0.9702624859174225,0,0,187.20205879211426,0.9999996423721313,,
613,,,,,1.3239226341247559,43.46103286743164,0.3177414298988879,193.25734438188374,187.51827216148376,0.970303471576944,0,0,187.51827216148376,0.9999996423721313,,
614,,,,,1.3237849473953247,43.51887321472168,0.3177085416391492,193.5750529235229,187.83443641662598,0.9703442338245628,0,0,187.83443641662598,0.9999996423721313,,
615,,,,,1.3240277767181396,43.57674026489258,0.317766685038805,193.8928196085617,188.15067076683044,0.9703849330092539,0,0,188.15067076683044,0.9999995231628418,,
616,,,,,1.3238188028335571,43.63461112976074,0.3177164411172271,194.21053604967892,188.4668607711792,0.9704255217284841,0,0,188.4668607711792,0.9999990463256836,,
617,,,,,1.3237495422363281,43.692495346069336,0.3176998137496412,194.52823586342856,188.78303122520447,0.9704659603130388,0,0,188.78303122520447,0.9999996423721313,,
618,,,,,1.3237574696540833,43.75039100646973,0.3177018384449184,194.84593770187348,189.0992088317871,0.9705062936499081,0,0,189.0992088317871,0.9999997615814209,,
619,,,,,1.3237618207931519,43.808305740356445,0.31770283496007323,195.16364053683355,189.41538071632385,0.9705464613967079,0,0,189.41538071632385,0.9999998807907104,,
620,3.247360752303287,4.648928165435791,3.0157724618911743,0.10699542798101902,1.323800504207611,43.86623954772949,0.3177121039479971,195.48135264078155,189.73157501220703,0.9705865672049991,0,0,189.73157501220703,0.9999996423721313,,
621,,,,,1.323559045791626,43.924177169799805,0.3176541458815336,195.79900678666309,190.0477123260498,0.9706265391484815,0,0,190.0477123260498,0.9999993443489075,,
622,,,,,1.323630154132843,43.982133865356445,0.3176712477579713,196.11667803442106,190.36387825012207,0.9706664428443447,0,0,190.36387825012207,0.9999999403953552,,
623,,,,,1.3235337734222412,44.04010009765625,0.3176480419933796,196.43432607641444,190.6800138950348,0.9707061780070855,0,0,190.6800138950348,0.9999996423721313,,
624,,,,,1.323652744293213,44.098087310791016,0.31767676025629044,196.75200283667073,190.99618196487427,0.9707458079774899,0,0,190.99618196487427,0.9999996423721313,,
625,,,,,1.3237119317054749,44.15609359741211,0.3176909093745053,197.06969374604523,191.31238794326782,0.9707854328418577,0,0,191.31238794326782,0.9999995827674866,,
626,,,,,1.3242431282997131,44.21413993835449,0.3178182998672128,197.38751204591244,191.62872099876404,0.9708249473968248,0,0,191.62872099876404,0.9999961256980896,,
627,,,,,1.3242661356925964,44.2722110748291,0.31782381795346737,197.7053358638659,191.9450626373291,0.970864351225684,0,0,191.9450626373291,1.0,,
628,,,,,1.3242508172988892,44.33028984069824,0.31782020488753915,198.02315606875345,192.26141571998596,0.9709037040760627,0,0,192.26141571998596,0.9999998211860657,,
629,,,,,1.3241216540336609,44.38838005065918,0.31778912525624037,198.3409451940097,192.57772636413574,0.970942868986343,0,0,192.57772636413574,0.9999996423721313,,
630,3.248997532007387,4.652266263961792,3.108206570148468,0.10956241004168987,1.3241981267929077,44.44648361206055,0.3178076297044754,198.65875282371417,192.89406967163086,0.9709819825698809,0,0,192.89406967163086,0.999999463558197,,
631,,,,,1.323966920375824,44.504594802856445,0.3177520167082548,198.97650484042242,193.21033835411072,0.9710208675595288,0,0,193.21033835411072,0.9999988079071045,,
632,,,,,1.3241447806358337,44.56272888183594,0.31779475789517164,199.2942995983176,193.52666640281677,0.9710597181799651,0,0,193.52666640281677,0.9999992847442627,,
633,,,,,1.3239722847938538,44.62086868286133,0.3177533484995365,199.61205294681713,193.84295129776,0.9710984303608402,0,0,193.84295129776,0.9999994039535522,,
634,,,,,1.3241819739341736,44.67903137207031,0.31780359940603375,199.92985654622316,194.15929985046387,0.9711370938015648,0,0,194.15929985046387,0.9999995231628418,,
635,,,,,1.3240873217582703,44.73720741271973,0.3177808756008744,200.24763742182404,194.4756259918213,0.9711756328098647,0,0,194.4756259918213,0.9999998211860657,,
636,,,,,1.3237910270690918,44.79538154602051,0.3177098324522376,200.56534725427628,194.79187178611755,0.9712139931089886,0,0,194.79187178611755,0.9999983906745911,,
637,,,,,1.3238194584846497,44.85357093811035,0.31771675450727344,200.88306400878355,195.10813403129578,0.9712522804947049,0,0,195.10813403129578,0.9999998211860657,,
638,,,,,1.3238158822059631,44.91177749633789,0.3177158199250698,201.20077982870862,195.42438125610352,0.9712903768189975,0,0,195.42438125610352,0.9999998807907104,,
639,,,,,1.3238344192504883,44.96999549865723,0.3177202409133315,201.51850006962195,195.74065017700195,0.971328439370952,0,0,195.74065017700195,0.9999997615814209,,
640,3.250729471437168,4.655724287033081,3.2021531760692596,0.11154819466173649,1.3237709403038025,45.028228759765625,0.31770513765513897,201.8362052072771,196.05690693855286,0.9713663945336759,0,0,196.05690693855286,0.9999995827674866,,
641,,,,,1.3237614631652832,45.08647537231445,0.31770278234034777,202.15390798961744,196.37315940856934,0.9714042204845925,0,0,196.37315940856934,0.9999993443489075,,
642,,,,,1.3237833976745605,45.14473533630371,0.3177080280147493,202.4716160176322,196.68942832946777,0.9714419838104031,0,0,196.68942832946777,0.9999998807907104,,
643,,,,,1.3237241506576538,45.20301055908203,0.3176938761025667,202.78930989373475,197.00568056106567,0.9714796143065886,0,0,197.00568056106567,0.9999998807907104,,
644,,,,,1.323699712753296,45.26129722595215,0.3176880101673305,203.10699790390208,197.32193446159363,0.971517163357185,0,0,197.32193446159363,0.9999998211860657,,
645,,,,,1.3238047361373901,45.31960487365723,0.31771305901929736,203.42471096292138,197.6382179260254,0.97155462082504,0,0,197.6382179260254,0.9999996423721313,,
646,,,,,1.3242313265800476,45.37794876098633,0.3178154844790697,203.74252644740045,197.9546091556549,0.9715920019611578,0,0,197.9546091556549,0.9999972581863403,,
647,,,,,1.3244149684906006,45.436317443847656,0.31785958213731647,204.06038602953777,198.27105331420898,0.9716293160668051,0,0,198.27105331420898,0.9999993443489075,,
648,,,,,1.3243300318717957,45.49469184875488,0.3178392122499645,204.37822524178773,198.58749294281006,0.9716665887859239,0,0,198.58749294281006,0.9999995827674866,,
649,,,,,1.3244167566299438,45.55309295654297,0.3178600580431521,204.69608529983088,198.90394616127014,0.9717037131898365,0,0,198.90394616127014,0.9999998211860657,,
650,3.2525572514628984,4.659298896789551,3.298082411289215,0.11330022104084492,1.3242560029029846,45.611494064331055,0.3178215934894979,205.01390689332038,199.22036361694336,0.971740730352538,0,0,199.22036361694336,0.9999997615814209,,
651,,,,,1.324035108089447,45.669898986816406,0.31776848202571273,205.3316753753461,199.53672981262207,0.9717776346385338,0,0,199.53672981262207,0.9999985694885254,,
652,,,,,1.3240582942962646,45.72831726074219,0.31777398847043514,205.64944936381653,199.85310053825378,0.971814420882259,0,0,199.85310053825378,0.9999998807907104,,
653,,,,,1.3240907192230225,45.786752700805664,0.3177816984243691,205.9672310622409,200.16947150230408,0.9718510583939162,0,0,200.16947150230408,0.9999998807907104,,
654,,,,,1.3240832090377808,45.8452033996582,0.31777993217110634,206.285010994412,200.4858627319336,0.9718876895877012,0,0,200.4858627319336,0.9999998807907104,,
655,,,,,1.324126958847046,45.903669357299805,0.31779043609276414,206.60280143050477,200.80226397514343,0.9719242071491783,0,0,200.80226397514343,0.9999998807907104,,
656,,,,,1.3238299489021301,45.96213150024414,0.3177192020229995,206.92052063252777,201.11858367919922,0.9719605530877566,0,0,201.11858367919922,0.9999983906745911,,
657,,,,,1.3239049911499023,46.02061080932617,0.3177371872588992,207.23825781978667,201.43491220474243,0.9719967457934733,0,0,201.43491220474243,0.9999996423721313,,
658,,,,,1.3239030241966248,46.07910346984863,0.3177366694435477,207.55599448923022,201.75125885009766,0.9720329174138368,0,0,201.75125885009766,0.9999999403953552,,
659,,,,,1.3238723874092102,46.137611389160156,0.31772928358986974,207.87372377282009,202.06759643554688,0.972068969411355,0,0,202.06759643554688,0.9999998211860657,,
660,3.254483757677623,4.662984311580658,3.395038664340973,0.11497819982469082,1.3239270448684692,46.196136474609375,0.3177425670437515,208.19146633986384,202.38394904136658,0.9721049214907892,0,0,202.38394904136658,0.9999998807907104,,
661,,,,,1.3237059116363525,46.254661560058594,0.31768950214609504,208.50915584200993,202.70026421546936,0.972140831882975,0,0,202.70026421546936,0.9999992847442627,,
662,,,,,1.3237393498420715,46.31320571899414,0.31769740022718906,208.82685324223712,203.01657485961914,0.9721765745525118,0,0,203.01657485961914,0.9999999403953552,,
663,,,,,1.3237285017967224,46.371761322021484,0.31769482512027025,209.1445480673574,203.33290100097656,0.9722122947019872,0,0,203.33290100097656,0.9999998807907104,,
664,,,,,1.3237546682357788,46.43033218383789,0.31770116882398725,209.46224923618138,203.649231672287,0.9722478986781965,0,0,203.649231672287,0.9999998211860657,,
665,,,,,1.3238252997398376,46.48892021179199,0.31771806022152305,209.7799672964029,203.96558165550232,0.9722834085835933,0,0,203.96558165550232,0.9999995231628418,,
666,,,,,1.32435542345047,46.54755210876465,0.31784528587013483,210.09781258227304,204.28207397460938,0.972318899772518,0,0,204.28207397460938,0.9999957084655762,,
667,,,,,1.324303925037384,46.606191635131836,0.3178329640068114,210.41564554627985,204.5985550880432,0.9723542874241347,0,0,204.5985550880432,0.9999997615814209,,
668,,,,,1.3245037198066711,46.66485595703125,0.317880867049098,210.73352641332895,204.91508674621582,0.972389587142855,0,0,204.91508674621582,0.9999997615814209,,
669,,,,,1.3242546916007996,46.723520278930664,0.3178211431950331,211.05134755652398,205.23156309127808,0.9724247936219018,0,0,205.23156309127808,0.9999994039535522,,
670,3.256511551450448,4.66678112745285,3.4929503798484802,0.11691152863204479,1.3243833184242249,46.78220558166504,0.3178520631045103,211.3691996196285,205.54807662963867,0.9724599279343147,0,0,205.54807662963867,0.9999997615814209,,
671,,,,,1.3239984512329102,46.84088325500488,0.31775961676612496,211.6869592363946,205.8644826412201,0.9724948734859316,0,0,205.8644826412201,0.9999986290931702,,
672,,,,,1.324053406715393,46.89957618713379,0.31777274515479803,212.0047319815494,206.18091773986816,0.9725297912586731,0,0,206.18091773986816,0.9999998211860657,,
673,,,,,1.3241620063781738,46.95829200744629,0.3177988580428064,212.32253083959222,206.4973692893982,0.9725645623798831,0,0,206.4973692893982,0.9999996423721313,,
674,,,,,1.3242467641830444,47.01702117919922,0.3178192819468677,212.6403501215391,206.81385493278503,0.9725992964861807,0,0,206.81385493278503,0.9999997615814209,,
675,,,,,1.324194610118866,47.075761795043945,0.3178067118860781,212.95815683342516,207.1303367614746,0.9726339664157123,0,0,207.1303367614746,0.9999998807907104,,
676,,,,,1.3238951563835144,47.13450050354004,0.3177348840981722,213.27589171752334,207.44672393798828,0.9726684167976353,0,0,207.44672393798828,0.9999988079071045,,
677,,,,,1.3238679766654968,47.193246841430664,0.3177283639088273,213.59362008143216,207.76310920715332,0.9727027854481003,0,0,207.76310920715332,0.9999999403953552,,
678,,,,,1.3239098191261292,47.25201225280762,0.3177383504807949,213.91135843191296,208.07951545715332,0.972737104670312,0,0,208.07951545715332,0.9999998211860657,,
679,,,,,1.3239739537239075,47.310794830322266,0.3177537960000336,214.229112227913,208.39593315124512,0.9727713053748592,0,0,208.39593315124512,0.9999998807907104,,
680,3.258650002853171,4.6706883907318115,3.59209007024765,0.11932869255542755,1.3239051699638367,47.369585037231445,0.3177373418584466,214.54684956977144,208.7123508453369,0.9728054793806791,0,0,208.7123508453369,0.9999998807907104,,
681,,,,,1.3238958716392517,47.428388595581055,0.3177349208854139,214.86458449065685,209.0287585258484,0.9728395166721243,0,0,209.0287585258484,0.9999995827674866,,
682,,,,,1.3238729238510132,47.48720169067383,0.3177294950000942,215.18231398565695,209.3451690673828,0.972873491272781,0,0,209.3451690673828,0.9999998807907104,,
683,,,,,1.3239003419876099,47.54603385925293,0.31773615814745426,215.5000501438044,209.66159987449646,0.9729074296483324,0,0,209.66159987449646,0.9999998211860657,,
684,,,,,1.3239484429359436,47.60487937927246,0.3177475822158158,215.81779772602022,209.97803163528442,0.972941221010186,0,0,209.97803163528442,0.9999998211860657,,
685,,,,,1.323827862739563,47.66373252868652,0.3177186786197126,216.13551640463993,210.29444217681885,0.9729749449558922,0,0,210.29444217681885,0.9999998211860657,,
686,,,,,1.3244062662124634,47.72262954711914,0.3178574680350721,216.453373872675,210.61099457740784,0.9730086013872677,0,0,210.61099457740784,0.9999963045120239,,
687,,,,,1.3245103359222412,47.78154373168945,0.3178824190981686,216.77125629177317,210.92758965492249,0.9730422439911217,0,0,210.92758965492249,0.9999998807907104,,
688,,,,,1.3244285583496094,47.8404655456543,0.31786281941458583,217.08911911118776,211.24416661262512,0.9730757924556782,0,0,211.24416661262512,0.9999995231628418,,
689,,,,,1.324301302433014,47.89939308166504,0.3178323176689446,217.4069514288567,211.56071090698242,0.9731092291049013,0,0,211.56071090698242,0.9999999403953552,,
690,3.2609049479166665,4.674709916114807,3.6930386424064636,0.12242609448730946,1.3243805170059204,47.95833969116211,0.31785139441490173,217.7248028232716,211.87727165222168,0.9731425584259348,0,0,211.87727165222168,0.9999998807907104,,
691,,,,,1.3242318034172058,48.01728820800781,0.3178156930953264,218.04261851636693,212.1937963962555,0.9731757848079898,0,0,212.1937963962555,0.9999993443489075,,
692,,,,,1.3241607546806335,48.07624816894531,0.31779859913513064,218.36041711550206,212.51031303405762,0.9732089535332267,0,0,212.51031303405762,0.9999998211860657,,
693,,,,,1.3241849541664124,48.13521957397461,0.31780433002859354,218.67822144553065,212.82682061195374,0.9732419589161723,0,0,212.82682061195374,0.9999999403953552,,
694,,,,,1.3241361379623413,48.19420051574707,0.3177926535718143,218.99601409910247,213.14333724975586,0.9732749617684865,0,0,213.14333724975586,0.9999998807907104,,
695,,,,,1.3242300152778625,48.25319862365723,0.3178151804022491,219.31382927950472,213.45986938476562,0.9733078396653251,0,0,213.45986938476562,0.9999998807907104,,
696,,,,,1.3239758014678955,48.31219673156738,0.31775410613045096,219.63158338563517,213.7763421535492,0.9733406227746119,0,0,213.7763421535492,0.9999989867210388,,
697,,,,,1.3239728212356567,48.371206283569336,0.3177533969283104,219.94933678256348,214.0928134918213,0.9733733077970916,0,0,214.0928134918213,0.9999996423721313,,
698,,,,,1.3239996433258057,48.43023109436035,0.3177599268965423,220.26709670946002,214.40929412841797,0.9734059118744837,0,0,214.40929412841797,0.9999996423721313,,
699,,,,,1.3239642977714539,48.48926544189453,0.3177515990100801,220.5848483084701,214.72576904296875,0.9734384328278574,0,0,214.72576904296875,0.9999999403953552,,
700,3.263282222671813,4.678860902786255,3.7966398000717163,0.1256183348596096,1.3240445256233215,48.54832077026367,0.31777070742100477,220.9026190158911,215.04226732254028,0.9734708817873716,0,0,215.04226732254028,0.9999995231628418,25cf20a69d1db5d6bff392c42038c1d71fa0a22570038a5dcf52138c1b7362f1,True
701,,,,,1.3238144516944885,48.60736846923828,0.317715534940362,221.22033455083147,215.35872220993042,0.97350328416778,0,0,215.35872220993042,0.9999994039535522,,
702,,,,,1.3239734172821045,48.66644477844238,0.3177535510621965,221.53808810189366,215.6752049922943,0.9735355524648938,0,0,215.6752049922943,0.9999995827674866,,
703,,,,,1.323852777481079,48.72552299499512,0.3177247969433665,221.85581289883703,215.99167442321777,0.9735677943300309,0,0,215.99167442321777,0.9999998211860657,,
704,,,,,1.3239052891731262,48.78461456298828,0.31773735117167234,222.1735502500087,216.30816078186035,0.9735999651553973,0,0,216.30816078186035,0.9999998211860657,,
705,,,,,1.3239179253578186,48.84372520446777,0.3177402261644602,222.49129047617316,216.62463092803955,0.9736319586462067,0,0,216.62463092803955,0.9999998807907104,,
706,,,,,1.3243362307548523,48.90286445617676,0.31784074287861586,222.80913121905178,216.94123649597168,0.9736640294274469,0,0,216.94123649597168,0.9999971985816956,,
707,,,,,1.3247249722480774,48.96203804016113,0.3179339752532542,223.12706519430503,217.25792980194092,0.9736959952067936,0,0,217.25792980194092,0.999998927116394,,
708,,,,,1.3242851495742798,49.02120018005371,0.31782841915264726,223.44489361345768,217.5745153427124,0.9737278477220359,0,0,217.5745153427124,0.9999984502792358,,
709,,,,,1.3243549466133118,49.080379486083984,0.31784518621861935,223.7627387996763,217.8911304473877,0.9737596689074041,0,0,217.8911304473877,0.9999998807907104,,
710,3.265796287506225,4.683163940906525,3.900748312473297,0.1280235443264246,1.324357032775879,49.139570236206055,0.31784573569893837,224.08058453537524,218.20773553848267,0.9737913527445016,0,0,218.20773553848267,0.999999463558197,,
711,,,,,1.3241086602210999,49.19875907897949,0.3177860896103084,224.39837062498555,218.52428650856018,0.9738229644891535,0,0,218.52428650856018,0.9999991655349731,,
712,,,,,1.324272334575653,49.25797080993652,0.3178253946825862,224.71619601966813,218.84088134765625,0.9738545117081876,0,0,218.84088134765625,0.9999995827674866,,
713,,,,,1.324245810508728,49.31718826293945,0.31781902024522424,225.03401503991336,219.15747046470642,0.973885971975545,0,0,219.15747046470642,0.9999998807907104,,
714,,,,,1.3241827487945557,49.37641906738281,0.3178039211779833,225.35181896109134,219.47404885292053,0.9739173611499155,0,0,219.47404885292053,0.9999999403953552,,
715,,,,,1.3242127299308777,49.435659408569336,0.31781113892793655,225.66963010001928,219.7906391620636,0.9739486835895862,0,0,219.7906391620636,0.9999998211860657,,
716,,,,,1.3239668011665344,49.49490165710449,0.3177519729360938,225.98738207295537,220.10715460777283,0.9739798416564461,0,0,220.10715460777283,0.9999989867210388,,
717,,,,,1.3240660429000854,49.554155349731445,0.31777582690119743,226.30515789985657,220.42369651794434,0.9740109265007745,0,0,220.42369651794434,0.9999999403953552,,
718,,,,,1.3240888118743896,49.61342811584473,0.3177813752554357,226.622939275112,220.74026226997375,0.9740420055270845,0,0,220.74026226997375,0.9999998807907104,,
719,,,,,1.3239371180534363,49.672698974609375,0.31774488743394613,226.94068416254595,221.05678296089172,0.974072955568245,0,0,221.05678296089172,0.9999998211860657,,
720,3.2684497037890106,4.687618255615234,4.005728304386139,0.13088654167950153,1.3241362571716309,49.73199272155762,0.31779274996370077,227.25847691250965,221.37334489822388,0.9741037954040658,0,0,221.37334489822388,0.9999996423721313,,
721,,,,,1.323847770690918,49.79128456115723,0.3177233929745853,227.57620030548424,221.6898651123047,0.9741346626524255,0,0,221.6898651123047,0.9999992251396179,,
722,,,,,1.3240035772323608,49.85059928894043,0.31776077998802066,227.89396108547226,222.0064013004303,0.9741653541103058,0,0,222.0064013004303,0.9999997615814209,,
723,,,,,1.3239415884017944,49.90991973876953,0.3177459924481809,228.21170707792044,222.3229422569275,0.9741960441188793,0,0,222.3229422569275,0.9999998807907104,,
724,,,,,1.3239086866378784,49.96925354003906,0.3177380710840225,228.52944514900446,222.63946747779846,0.9742266136980002,0,0,222.63946747779846,0.9999999403953552,,
725,,,,,1.3239269852638245,50.02859687805176,0.3177424222230911,228.84718757122755,222.95601606369019,0.974257181964691,0,0,222.95601606369019,0.9999999403953552,,
726,,,,,1.3244354724884033,50.08797645568848,0.31786459824070334,229.16505216946825,223.27267456054688,0.9742876256517293,0,0,223.27267456054688,0.9999969005584717,,
727,,,,,1.3244057297706604,50.147369384765625,0.3178573162294924,229.48290948569775,223.58934807777405,0.9743180813720161,0,0,223.58934807777405,0.9999998211860657,,
728,,,,,1.3244949579238892,50.206777572631836,0.3178788600489497,229.8007883457467,223.90603113174438,0.9743484029953182,0,0,223.90603113174438,0.9999997615814209,,
729,,,,,1.3244438171386719,50.26619529724121,0.3178664627484977,230.1186548084952,224.22271728515625,0.9743787068099867,0,0,224.22271728515625,0.9999996423721313,,
730,3.271250252894671,4.692217111587524,4.112372517585754,0.13533114828169346,1.3245338201522827,50.32562446594238,0.3178881639614701,230.43654297245666,224.53942108154297,0.9744089118208151,0,0,224.53942108154297,0.9999998807907104,,
731,,,,,1.3241390585899353,50.385047912597656,0.3177932691760361,230.7543362416327,224.8560276031494,0.9744390127849737,0,0,224.8560276031494,0.9999986290931702,,
732,,,,,1.3241416811943054,50.44448471069336,0.31779392110183835,231.07213016273454,225.17263412475586,0.9744690282042024,0,0,225.17263412475586,0.9999999403953552,,
733,,,,,1.3243446350097656,50.50394248962402,0.31784269912168384,231.38997286185622,225.4893093109131,0.9744990524958188,0,0,225.4893093109131,0.9999997615814209,,
734,,,,,1.3242266178131104,50.56340217590332,0.317814405541867,231.7077872673981,225.80593872070312,0.9745289158543256,0,0,225.80593872070312,0.9999999403953552,,
735,,,,,1.3244179487228394,50.62288284301758,0.317860315553844,232.02564758295193,226.12261986732483,0.9745587275496443,0,0,226.12261986732483,0.9999996423721313,,
736,,,,,1.3240180015563965,50.68235206604004,0.31776425847783685,232.34341184142977,226.439208984375,0.9745884645049232,0,0,226.439208984375,0.9999982714653015,,
737,,,,,1.3241280913352966,50.74184226989746,0.3177907085046172,232.6612025499344,226.75580596923828,0.9746180432492623,0,0,226.75580596923828,0.9999997615814209,,
738,,,,,1.3240492343902588,50.80133628845215,0.3177716829814017,232.9789742329158,227.0724105834961,0.9746476536396984,0,0,227.0724105834961,0.9999996423721313,,
739,,,,,1.3240651488304138,50.8608455657959,0.31777563225477934,233.29674986517057,227.38901233673096,0.9746771546030759,0,0,227.38901233673096,0.9999999403953552,,
740,3.274200658304283,4.696954846382141,4.224494695663452,0.14158152602612972,1.3240519165992737,50.92036247253418,0.31777248391881585,233.61452234908938,227.70560932159424,0.9747065680331874,0,0,227.70560932159424,0.9999998807907104,,
741,,,,,1.3239222764968872,50.97988510131836,0.317741337697953,233.93226368678734,228.02219009399414,0.9747359620274219,0,0,228.02219009399414,0.999999463558197,,
742,,,,,1.3240532875061035,51.039424896240234,0.31777282152324915,234.2500365083106,228.33878660202026,0.9747652124439196,0,0,228.33878660202026,0.9999998211860657,,
743,,,,,1.323960781097412,51.09897232055664,0.3177505345083773,234.56778704281896,228.6553750038147,0.9747944416684718,0,0,228.6553750038147,0.9999997615814209,,
744,,,,,1.3241570591926575,51.15854072570801,0.31779771391302347,234.885584756732,228.97201538085938,0.974823617285845,0,0,228.97201538085938,0.9999993443489075,,
745,,,,,1.3240910172462463,51.21811485290527,0.31778189446777105,235.20336665119976,229.2886381149292,0.9748527046169245,0,0,229.2886381149292,0.999999463558197,,
746,,,,,1.3245022296905518,51.27772331237793,0.31788059463724494,235.521247245837,229.60537719726562,0.9748817989130409,0,0,229.60537719726562,0.9999974370002747,,
747,,,,,1.3245378732681274,51.33734321594238,0.31788897002115846,235.83913621585816,229.92212677001953,0.9749108246375873,0,0,229.92212677001953,0.9999998807907104,,
748,,,,,1.3244320154190063,51.396968841552734,0.31786371348425746,236.15699992934242,230.23884534835815,0.9749397452425466,0,0,230.23884534835815,0.9999996423721313,,
749,,,,,1.3245499730110168,51.456613540649414,0.31789193395525217,236.47489186329767,230.55561780929565,0.9749686996054329,0,0,230.55561780929565,0.9999997615814209,,
750,3.277318006619356,4.7018479108810425,4.346346199512482,0.14812678657472134,1.3243765234947205,51.51625633239746,0.31785031128674746,236.79274217458442,230.87231826782227,0.9749974435348273,0,0,230.87231826782227,0.999999463558197,,
751,,,,,1.3243001103401184,51.57590675354004,0.3178319036960602,237.11057407828048,231.18901014328003,0.9750261498964342,0,0,231.18901014328003,0.9999995827674866,,
752,,,,,1.3241588473320007,51.635562896728516,0.3177980650216341,237.4283721433021,231.50567150115967,0.9750547898354426,0,0,231.50567150115967,0.9999997615814209,,
753,,,,,1.3242841362953186,51.695234298706055,0.31782823987305164,237.74620038317516,231.82235050201416,0.975083303659051,0,0,231.82235050201416,0.9999996423721313,,
754,,,,,1.3244062066078186,51.754920959472656,0.31785744195804,238.0640578251332,232.1390733718872,0.9751118060097964,0,0,232.1390733718872,0.9999997615814209,,
755,,,,,1.3242539763450623,51.814613342285156,0.3178209946490824,238.3818788197823,232.45578002929688,0.975140313433948,0,0,232.45578002929688,0.9999998211860657,,
756,,,,,1.3241596817970276,51.874305725097656,0.3177983984351158,238.6996772182174,232.7724266052246,0.9751685855545791,0,0,232.7724266052246,0.9999992847442627,,
757,,,,,1.3240923285484314,51.93400764465332,0.31778210727497935,239.01745932549238,233.0890851020813,0.9751968988368384,0,0,233.0890851020813,0.9999998807907104,,
758,,,,,1.32405024766922,51.99371910095215,0.31777203967794776,239.33523136517033,233.40571784973145,0.9752250703683789,0,0,233.40571784973145,0.9999999403953552,,
759,,,,,1.3241591453552246,52.053443908691406,0.31779811484739184,239.65302948001772,233.7223892211914,0.9752532222451133,0,0,233.7223892211914,0.9999998211860657,,
760,3.280605540079266,4.7068963050842285,4.474737882614136,0.15555411390960217,1.3241119384765625,52.11318016052246,0.3177867950871587,239.97081627510488,234.0390486717224,0.9752812958864832,0,0,234.0390486717224,0.9999998807907104,,
761,,,,,1.3240508437156677,52.172922134399414,0.31777221662923694,240.28858849173412,234.35570526123047,0.9753093425378846,0,0,234.35570526123047,0.9999996423721313,,
762,,,,,1.3240596652030945,52.232675552368164,0.31777430698275566,240.60636279871687,234.67235898971558,0.9753372947415923,0,0,234.67235898971558,0.9999998807907104,,
763,,,,,1.324094831943512,52.292442321777344,0.31778284814208746,240.92414564685896,234.98902130126953,0.9753651742557594,0,0,234.98902130126953,0.9999999403953552,,
764,,,,,1.3240228295326233,52.35221481323242,0.3177653648890555,241.24191101174802,235.3056616783142,0.9753929600850091,0,0,235.3056616783142,0.9999998807907104,,
765,,,,,1.3240420818328857,52.4119987487793,0.31777003267779946,241.55968104442582,235.62231492996216,0.9754207072604444,0,0,235.62231492996216,0.9999999403953552,,
766,,,,,1.3245878219604492,52.47182273864746,0.31790108466520905,241.87758212909102,235.9391212463379,0.9754484858394825,0,0,235.9391212463379,0.9999971985816956,,
767,,,,,1.3243613839149475,52.53164482116699,0.31784676061943173,242.19542888971046,236.2558708190918,0.9754761760044433,0,0,236.2558708190918,0.9999992847442627,,
768,,,,,1.3245598673820496,52.59148597717285,0.31789426878094673,242.5133231584914,236.5726661682129,0.9755037912436793,0,0,236.5726661682129,0.9999992251396179,,
769,,,,,1.3246216177940369,52.65134239196777,0.31790916249156,242.83123232098296,236.88947296142578,0.9755313214747264,0,0,236.88947296142578,0.9999998807907104,,
770,3.284074930745767,4.712103605270386,4.6088215708732605,0.16288111731410027,1.324572205543518,52.711204528808594,0.3178973766043782,243.14912969758734,237.20629119873047,0.9755588740693864,0,0,237.20629119873047,0.9999998211860657,,
771,,,,,1.3242484331130981,52.771060943603516,0.3178196270018816,243.46694932458922,237.52300643920898,0.975586243217527,0,0,237.52300643920898,0.9999987483024597,,
772,,,,,1.324229121208191,52.83092498779297,0.31781506072729826,243.78476438531652,237.83973169326782,0.9756136003534118,0,0,237.83973169326782,0.9999997615814209,,
773,,,,,1.3242917656898499,52.890804290771484,0.3178299847058952,244.10259437002242,238.1564712524414,0.9756408852067808,0,0,238.1564712524414,0.9999996423721313,,
774,,,,,1.3243030905723572,52.950693130493164,0.31783270137384534,244.42042707139626,238.47319793701172,0.9756680355826057,0,0,238.47319793701172,0.9999998211860657,,
775,,,,,1.3243523240089417,53.01059532165527,0.31784458737820387,244.73827165877447,238.78996181488037,0.975695220025953,0,0,238.78996181488037,0.9999999403953552,,
776,,,,,1.324198305606842,53.07049560546875,0.31780758360400796,245.05607924237847,239.1066746711731,0.9757222730829626,0,0,239.1066746711731,0.9999993443489075,,
777,,,,,1.3242441415786743,53.13041305541992,0.3178186062723398,245.3738978486508,239.42341232299805,0.9757493132813823,0,0,239.42341232299805,0.9999998807907104,,
778,,,,,1.3241133093833923,53.190330505371094,0.31778713408857584,245.6916849827394,239.74010467529297,0.9757762241409778,0,0,239.74010467529297,0.9999998211860657,,
779,,,,,1.3241180181503296,53.25025939941406,0.31778831453993917,246.00947329727933,240.0568084716797,0.9758031073120206,0,0,240.0568084716797,0.9999998211860657,,
780,3.287732890054366,4.717462062835693,4.745275437831879,0.16813779436051846,1.324182152748108,53.31019973754883,0.3178037730976939,246.32727707037702,240.3735122680664,0.9758298598794215,0,0,240.3735122680664,0.9999998211860657,,
781,,,,,1.324058473110199,53.37014198303223,0.31777403876185417,246.64505110913888,240.69021606445312,0.9758566611496626,0,0,240.69021606445312,0.9999995231628418,,
782,,,,,1.3240610361099243,53.43010139465332,0.3177746678702533,246.96282577700913,241.0069079399109,0.9758833426919199,0,0,241.0069079399109,0.9999998807907104,,
783,,,,,1.3240246176719666,53.49006462097168,0.3177658705972135,247.28059164760634,241.32361221313477,0.9759100405139692,0,0,241.32361221313477,0.9999997615814209,,
784,,,,,1.3241265416145325,53.5500431060791,0.3177903760224581,247.5983820236288,241.64032745361328,0.9759366175121132,0,0,241.64032745361328,0.9999998211860657,,
785,,,,,1.324065089225769,53.61002731323242,0.317775581497699,247.9161576051265,241.9570188522339,0.9759630884470825,0,0,241.9570188522339,0.9999997615814209,,
786,,,,,1.3245058059692383,53.670047760009766,0.3178813923150301,248.23403899744153,242.2738494873047,0.9759896364970347,0,0,242.2738494873047,0.9999971389770508,,
787,,,,,1.3244215250015259,53.730072021484375,0.3178611886687577,248.5519001861103,242.5906467437744,0.9760160616842068,0,0,242.5906467437744,0.9999997615814209,,
788,,,,,1.3245479464530945,53.79011154174805,0.3178915395401418,248.86979172565043,242.90748262405396,0.9760424555336543,0,0,242.90748262405396,0.9999998807907104,,
789,,,,,1.3246279954910278,53.85016632080078,0.31791067542508245,249.1877024010755,243.22433853149414,0.9760687874557143,0,0,243.22433853149414,0.9999998807907104,,
790,3.291586129440571,4.722971737384796,4.8827433586120605,0.17254571616649628,1.324551522731781,53.910226821899414,0.31789228320121765,249.50559468427673,243.54116821289062,0.9760950191159664,0,0,243.54116821289062,0.9999998211860657,,
791,,,,,1.32451331615448,53.97028923034668,0.3178831757977605,249.8234778600745,243.8579978942871,0.9761212196031888,0,0,243.8579978942871,0.9999996423721313,,
792,,,,,1.3243688344955444,54.03035545349121,0.3178484393283725,250.14132629940286,244.1747932434082,0.9761473518020206,0,0,244.1747932434082,0.9999997615814209,,
793,,,,,1.324303686618805,54.09043502807617,0.3178327758796513,250.4591590752825,244.4915771484375,0.9761734330304437,0,0,244.4915771484375,0.9999999403953552,,
794,,,,,1.3243828415870667,54.15052032470703,0.3178519285283983,250.7770110038109,244.8083839416504,0.9761994648621488,0,0,244.8083839416504,1.0,,
795,,,,,1.3243921995162964,54.21061897277832,0.3178539825603366,251.09486498637125,245.12517929077148,0.9762253772257559,0,0,245.12517929077148,0.9999999403953552,,
796,,,,,1.3242201209068298,54.27071571350098,0.3178128944709897,251.41267788084224,245.44194316864014,0.9762512584387931,0,0,245.44194316864014,0.9999992251396179,,
797,,,,,1.32418555021286,54.3308219909668,0.31780449906364083,251.73048237990588,245.75869750976562,0.9762770689759822,0,0,245.75869750976562,0.9999998807907104,,
798,,,,,1.3241597414016724,54.390933990478516,0.31779826432466507,252.04828064423054,246.0754508972168,0.9763028347912223,0,0,246.0754508972168,0.9999998807907104,,
799,,,,,1.3240547180175781,54.4510498046875,0.3177731572650373,252.36605380149558,246.3921775817871,0.9763285270355405,0,0,246.3921775817871,0.9999998211860657,,
800,3.2956521894194055,4.728670299053192,5.020270884037018,0.17589365877211094,1.3241246342658997,54.51118087768555,0.3177898582071066,252.6838436597027,246.70890426635742,0.976354090127769,0,0,246.70890426635742,0.9999999403953552,a2500c52074c719364ac2827960cc72eda75b326d3dba806eb79a5dcc9097ece,True
801,,,,,1.324110507965088,54.57132148742676,0.3177864816971123,253.0016301413998,247.0256576538086,0.9763797075763809,0,0,247.0256576538086,0.999999463558197,,
802,,,,,1.3241685628890991,54.631473541259766,0.31780043710023165,253.31943057850003,247.34241485595703,0.9764052220199043,0,0,247.34241485595703,0.9999999403953552,,
803,,,,,1.3241365551948547,54.69163513183594,0.31779274344444275,253.63722332194448,247.65918350219727,0.976430747263937,0,0,247.65918350219727,0.9999998807907104,,
804,,,,,1.324133574962616,54.75180244445801,0.31779201747849584,253.95501533942297,247.97593688964844,0.9764561513314309,0,0,247.97593688964844,0.9999998807907104,,
805,,,,,1.3241044282913208,54.811981201171875,0.31778511218726635,254.27280045161024,248.29269790649414,0.9764815484216326,0,0,248.29269790649414,0.9999998807907104,,
806,,,,,1.324489712715149,54.87218475341797,0.3178774928674102,254.59067794447765,248.60953092575073,0.9765068105909507,0,0,248.60953092575073,0.9999978542327881,,
807,,,,,1.324448585510254,54.93239974975586,0.31786758871749043,254.90854553319514,248.92637729644775,0.9765321000744193,0,0,248.92637729644775,0.9999998807907104,,
808,,,,,1.3245556354522705,54.99262809753418,0.31789328483864665,255.22643881803378,249.24325799942017,0.976557362762561,0,0,249.24325799942017,0.9999998211860657,,
809,,,,,1.3245245218276978,55.05286407470703,0.31788585986942053,255.5443246779032,249.56013107299805,0.9765825611175329,0,0,249.56013107299805,0.9999998211860657,,
810,3.2999409263985724,4.73458194732666,5.158888638019562,0.18034978955984116,1.3245516419410706,55.11310958862305,0.3178922417573631,255.86221691966057,249.8770112991333,0.9766077004546256,0,0,249.8770112991333,0.9999998807907104,,
811,,,,,1.3243834376335144,55.173357009887695,0.31785216368734837,256.1800690833479,250.19384336471558,0.9766327421955463,0,0,250.19384336471558,0.9999994039535522,,
812,,,,,1.3244006037712097,55.23361396789551,0.317856065928936,256.49792514927685,250.51069831848145,0.9766577962480127,0,0,250.51069831848145,0.9999999403953552,,
813,,,,,1.3244823217391968,55.293880462646484,0.3178757452405989,256.81580089451745,250.82755279541016,0.9766827115845265,0,0,250.82755279541016,0.9999997615814209,,
814,,,,,1.32431560754776,55.35415077209473,0.31783565785735846,257.1336365523748,251.14437103271484,0.9767075766517189,0,0,251.14437103271484,0.9999996423721313,,
815,,,,,1.3243440985679626,55.41443061828613,0.3178426632657647,257.4514792156406,251.46121215820312,0.976732442650209,0,0,251.46121215820312,0.9999999403953552,,
816,,,,,1.3241900205612183,55.47471046447754,0.31780558126047254,257.76928479690105,251.77799606323242,0.9767571658570949,0,0,251.77799606323242,0.9999993443489075,,
817,,,,,1.3242323398590088,55.53499984741211,0.3178155939094722,258.0871003908105,252.09480094909668,0.9767818715749801,0,0,252.09480094909668,0.9999998807907104,,
818,,,,,1.3242036700248718,55.59530067443848,0.3178090304136276,258.40490942122415,252.41160011291504,0.9768065191883005,0,0,252.41160011291504,0.9999999403953552,,
819,,,,,1.3242363929748535,55.65561103820801,0.31781661277636886,258.7227260340005,252.7283935546875,0.9768310555040833,0,0,252.7283935546875,0.9999998807907104,,
820,3.3044691676004314,4.740717649459839,5.301851272583008,0.18848298490047455,1.3242153525352478,55.71592903137207,0.31781174428761005,259.0405377782881,253.0452003479004,0.9768556015139216,0,0,253.0452003479004,1.0,,
821,,,,,1.3241985440254211,55.7762508392334,0.31780753191560507,259.35834531020373,253.36200714111328,0.9768801032335414,0,0,253.36200714111328,0.9999997615814209,,
822,,,,,1.324146330356598,55.83658790588379,0.31779508478939533,259.6761403949931,253.6787929534912,0.976904511009828,0,0,253.6787929534912,0.9999999403953552,,
823,,,,,1.3241682052612305,55.89692687988281,0.31780037889257073,259.9939407738857,253.99560499191284,0.9769289400971443,0,0,253.99560499191284,0.9999999403953552,,
824,,,,,1.3241767287254333,55.957279205322266,0.31780248833820224,260.3117432622239,254.31240129470825,0.9769532411702486,0,0,254.31240129470825,1.0,,
825,,,,,1.3240932822227478,56.017635345458984,0.3177823852747679,260.62952564749867,254.62918853759766,0.9769775235749096,0,0,254.62918853759766,0.9999998807907104,,
826,,,,,1.3247460722923279,56.078033447265625,0.31793909845873713,260.9474647459574,254.9461588859558,0.9770018617891341,0,0,254.9461588859558,0.9999957084655762,,
827,,,,,1.3246800303459167,56.138437271118164,0.3179230825044215,261.2653878284618,255.26309871673584,0.9770260838543685,0,0,255.26309871673584,0.9999998807907104,,
828,,,,,1.3247867226600647,56.1988525390625,0.31794872507452965,261.58333655353636,255.5800666809082,0.9770502588134068,0,0,255.5800666809082,0.9999998211860657,,
829,,,,,1.3245598673820496,56.259267807006836,0.31789447739720345,261.90123103093356,255.89697647094727,0.9770743553348242,0,0,255.89697647094727,0.9999993443489075,,
830,3.309267292807935,4.747128009796143,5.4532647132873535,0.20092768222093582,1.3245379328727722,56.319692611694336,0.3178891958668828,262.21912022680044,256.2138977050781,0.9770984567543006,0,0,256.2138977050781,0.9999999403953552,,
831,,,,,1.3243553042411804,56.38011360168457,0.31784519040957093,262.53696541721,256.5307502746582,0.9771224020472391,0,0,256.5307502746582,0.9999995231628418,,
832,,,,,1.3243907690048218,56.44054412841797,0.3178537408821285,262.85481915809214,256.84761667251587,0.977146310252869,0,0,256.84761667251587,0.9999995827674866,,
833,,,,,1.3244139552116394,56.5009880065918,0.31785934418439865,263.17267850227654,257.16450214385986,0.9771702123768684,0,0,257.16450214385986,0.9999999403953552,,
834,,,,,1.3244094252586365,56.56143760681152,0.317858278285712,263.49053678056225,257.4813895225525,0.97719406802448,0,0,257.4813895225525,0.9999999403953552,,
835,,,,,1.3244197368621826,56.621896743774414,0.31786063127219677,263.80839741183445,257.7982716560364,0.9772178375868127,0,0,257.7982716560364,1.0,,
836,,,,,1.3242540955543518,56.68235206604004,0.31782090151682496,264.1262183133513,258.1151056289673,0.9772415145956711,0,0,258.1151056289673,0.9999992847442627,,
837,,,,,1.3242918252944946,56.74282264709473,0.3178300689905882,264.44404838234186,258.4319701194763,0.9772652162162709,0,0,258.4319701194763,0.9999998211860657,,
838,,,,,1.3242433667182922,56.80329895019531,0.31781827891245484,264.7618666612543,258.74881982803345,0.9772888486206543,0,0,258.74881982803345,0.9999999403953552,,
839,,,,,1.3243311047554016,56.86378288269043,0.31783951725810766,265.0797061785124,259.0656852722168,0.9773124054157257,0,0,259.0656852722168,0.9999999403953552,,
840,3.314351837441899,4.7537965178489685,5.611632168292999,0.21441018767654896,1.324257731437683,56.92427635192871,0.3178219059482217,265.39752808446065,259.38254165649414,0.9773359365048295,0,0,259.38254165649414,0.9999998807907104,,
841,,,,,1.3241851329803467,56.98477363586426,0.3178044259548187,265.71533251041546,259.69936752319336,0.9773593607475124,0,0,259.69936752319336,0.999999463558197,,
842,,,,,1.3242269158363342,57.0452823638916,0.3178143477998674,266.03314685821533,260.01622009277344,0.9773827929470396,0,0,260.01622009277344,0.9999998807907104,,
843,,,,,1.3242871761322021,57.10580253601074,0.3178289267234504,266.3509757849388,260.33308601379395,0.9774061658553679,0,0,260.33308601379395,0.9999999403953552,,
844,,,,,1.3241851925849915,57.166324615478516,0.31780445389449596,266.6687802388333,260.6499252319336,0.9774294726157666,0,0,260.6499252319336,0.9999998211860657,,
845,,,,,1.3241212964057922,57.22685241699219,0.3177891275845468,266.9865693664178,260.9667544364929,0.9774527424948324,0,0,260.9667544364929,0.9999998211860657,,
846,,,,,1.3245787620544434,57.28741264343262,0.3178989333100617,267.3044682997279,261.2836880683899,0.9774759461761489,0,0,261.2836880683899,0.9999971389770508,,
847,,,,,1.3246846199035645,57.34798622131348,0.3179242820478976,267.6223925817758,261.60066747665405,0.97749917319313,0,0,261.60066747665405,0.9999998211860657,,
848,,,,,1.3244765400886536,57.40855598449707,0.31787438550964,267.9402669672854,261.9175982475281,0.9775223456036427,0,0,261.9175982475281,0.9999995231628418,,
849,,,,,1.324520230293274,57.46913528442383,0.3178849630057812,268.2581519302912,262.2345314025879,0.977545433440287,0,0,262.2345314025879,0.9999998807907104,,
850,3.319708600493858,4.7606600522994995,5.783529579639435,0.22900056466460228,1.3245404958724976,57.52972984313965,0.3178898268379271,268.57604175712913,262.55148696899414,0.977568532365281,0,0,262.55148696899414,1.0,,
851,,,,,1.3244223594665527,57.5903205871582,0.31786133628338575,268.8939030934125,262.8683967590332,0.9775915100154313,0,0,262.8683967590332,0.9999996423721313,,
852,,,,,1.3243830800056458,57.65091896057129,0.31785188522189856,269.2117549786344,263.18529510498047,0.9776144252165615,0,0,263.18529510498047,0.9999995231628418,,
853,,,,,1.3243894577026367,57.711524963378906,0.31785343680530787,269.5296084154397,263.50220489501953,0.9776373232022404,0,0,263.50220489501953,0.9999997615814209,,
854,,,,,1.3244829177856445,57.772146224975586,0.31787594966590405,269.84748436510563,263.8191375732422,0.9776601704994661,0,0,263.8191375732422,0.9999997615814209,,
855,,,,,1.3244028091430664,57.8327693939209,0.31785672530531883,270.16534109041095,264.1360650062561,0.9776830141874558,0,0,264.1360650062561,0.9999997615814209,,
856,,,,,1.324257731437683,57.89339256286621,0.31782174156978726,270.48316283198074,264.4529342651367,0.9777057155657748,0,0,264.4529342651367,0.9999990463256836,,
857,,,,,1.3242669701576233,57.954023361206055,0.3178241099230945,270.80098694190383,264.7698097229004,0.9777283779977569,0,0,264.7698097229004,1.0,,
858,,,,,1.3242441415786743,58.014665603637695,0.317818621173501,271.11880556307733,265.086688041687,0.9777510176438575,0,0,265.086688041687,1.0,,
859,,,,,1.3243130445480347,58.07531547546387,0.31783524388447404,271.4366408069618,265.403582572937,0.9777736041232682,0,0,265.403582572937,0.9999999403953552,,
860,3.325368675039426,4.76776385307312,5.974098205566406,0.2416010368615389,1.3242813348770142,58.13597106933594,0.31782754696905613,271.75446835393086,265.7204761505127,0.9777961619546931,0,0,265.7204761505127,0.9999999403953552,,
861,,,,,1.3242570161819458,58.19663619995117,0.317821703851223,272.0722900577821,266.03735733032227,0.97781864251527,0,0,266.03735733032227,0.999999463558197,,
862,,,,,1.3241615891456604,58.25730323791504,0.31779877934604883,272.39008883712813,266.35422134399414,0.9778410898909613,0,0,266.35422134399414,0.9999997615814209,,
863,,,,,1.3242539763450623,58.317983627319336,0.31782088661566377,272.7079097237438,266.67110872268677,0.9778634913553722,0,0,266.67110872268677,0.9999997615814209,,
864,,,,,1.3242051601409912,58.378665924072266,0.31780930887907743,273.0257190326229,266.9879951477051,0.9778858786406223,0,0,266.9879951477051,0.9999998807907104,,
865,,,,,1.3242131471633911,58.439361572265625,0.3178110281005502,273.3435300607234,267.30487060546875,0.9779081675944034,0,0,267.30487060546875,0.9999999403953552,,
866,,,,,1.3246012926101685,58.500083923339844,0.317904360126704,273.6614344208501,267.6218605041504,0.97793048944042,0,0,267.6218605041504,0.9999977946281433,,
867,,,,,1.3246200680732727,58.56081581115723,0.317908909637481,273.9793433304876,267.93885040283203,0.977952743246157,0,0,267.93885040283203,0.9999998807907104,,
868,,,,,1.32466322183609,58.62155723571777,0.3179191770032048,274.2972625074908,268.25585174560547,0.9779749505822306,0,0,268.25585174560547,0.9999998807907104,,
869,,,,,1.3246386647224426,58.68230438232422,0.31791329151019454,274.615175799001,268.5728578567505,0.9779971448239478,0,0,268.5728578567505,0.9999999403953552,,
870,3.331338675246929,4.775068819522858,6.172018647193909,0.2516326270997524,1.324550449848175,58.743051528930664,0.31789202243089676,274.9330678214319,268.8898329734802,0.9780192506640281,0,0,268.8898329734802,0.9999998807907104,,
871,,,,,1.3245532512664795,58.80381202697754,0.3178927809931338,275.25096060242504,269.2068214416504,0.9780413512543346,0,0,269.2068214416504,0.9999996423721313,,
872,,,,,1.3243882656097412,58.86457061767578,0.31785309920087457,275.5688137016259,269.52375411987305,0.9780633392416488,0,0,269.52375411987305,0.9999997615814209,,
873,,,,,1.3244097828865051,58.92533874511719,0.3178582047112286,275.88667190633714,269.8406867980957,0.9780852584633192,0,0,269.8406867980957,0.9999999403953552,,
874,,,,,1.3244258165359497,58.98611259460449,0.3178622191771865,276.20453412551433,270.1576428413391,0.9781071976123739,0,0,270.1576428413391,1.0,,
875,,,,,1.3244705200195312,59.046897888183594,0.3178729130886495,276.522407038603,270.4746103286743,0.9781290898820891,0,0,270.4746103286743,0.9999998807907104,,
876,,,,,1.324300765991211,59.10767936706543,0.31783211417496204,276.84023915277794,270.79153060913086,0.9781509055108495,0,0,270.79153060913086,0.999999463558197,,
877,,,,,1.3243143558502197,59.16847038269043,0.31783540919423103,277.15807456197217,271.1084623336792,0.9781727007670444,0,0,271.1084623336792,0.9999998807907104,,
878,,,,,1.324287474155426,59.229265213012695,0.31782895559445024,277.4759035175666,271.4253730773926,0.9781943932302865,0,0,271.4253730773926,0.9999999403953552,,
879,,,,,1.3243062496185303,59.29007148742676,0.31783341197296977,277.7937369295396,271.74230098724365,0.9782160821579939,0,0,271.74230098724365,0.9999998807907104,,
880,3.3376632791749667,4.782572686672211,6.376887023448944,0.2614440284669399,1.3243176937103271,59.35088539123535,0.31783629627898335,278.1115732258186,272.0592155456543,0.9782376633594786,0,0,272.0592155456543,1.0,,
881,,,,,1.3243203163146973,59.41171073913574,0.317836937494576,278.42941016331315,272.37615966796875,0.9782592992177268,0,0,272.37615966796875,0.9999996423721313,,
882,,,,,1.32418555021286,59.472530364990234,0.3178045111708343,278.747214674484,272.693058013916,0.9782808353165469,0,0,272.693058013916,0.9999997615814209,,
883,,,,,1.3242511749267578,59.53336715698242,0.317820446100086,279.06503512058407,273.0099792480469,0.9783023485191479,0,0,273.0099792480469,0.9999998807907104,,
884,,,,,1.324296772480011,59.59421157836914,0.31783133978024125,279.3828664603643,273.3269233703613,0.9783238565530892,0,0,273.3269233703613,0.9999998807907104,,
885,,,,,1.3242923617362976,59.65506172180176,0.3178300876170397,279.70069654798135,273.643856048584,0.9783452791710894,0,0,273.643856048584,0.9999999403953552,,
886,,,,,1.324764609336853,59.715946197509766,0.3179436130449176,280.01864016102627,273.9609031677246,0.9783666651983628,0,0,273.9609031677246,0.9999973177909851,,
887,,,,,1.324743628501892,59.776832580566406,0.31793844513595104,280.3365786061622,274.27796173095703,0.9783880615746624,0,0,274.27796173095703,0.9999998211860657,,
888,,,,,1.3247193098068237,59.83772850036621,0.31793256336823106,280.65451116953045,274.5950059890747,0.9784093790076424,0,0,274.5950059890747,0.9999999403953552,,
889,,,,,1.3247341513633728,59.89863586425781,0.3179361526854336,280.9724473222159,274.9120674133301,0.978430696793779,0,0,274.9120674133301,0.9999999403953552,,
890,3.3443805182914175,4.790248990058899,6.589895486831665,0.27275216951966286,1.3246758580207825,59.95954513549805,0.31792226852849126,281.2903695907444,275.2291030883789,0.9784519231455199,0,0,275.2291030883789,1.0,,
891,,,,,1.3244496583938599,60.02044486999512,0.31786779779940844,281.6082373885438,275.54609298706055,0.9784731282802637,0,0,275.54609298706055,0.9999994039535522,,
892,,,,,1.3245159983634949,60.08135986328125,0.31788396975025535,281.92612135829404,275.86308336257935,0.9784942311606156,0,0,275.86308336257935,0.9999999403953552,,
893,,,,,1.324480414390564,60.142282485961914,0.31787520134821534,282.24399655964226,276.1800832748413,0.9785153506940206,0,0,276.1800832748413,0.9999999403953552,,
894,,,,,1.3244635462760925,60.20320510864258,0.3178713177330792,282.56186787737533,276.49707412719727,0.9785364040953642,0,0,276.49707412719727,1.0,,
895,,,,,1.3244667053222656,60.264142990112305,0.3178719663992524,282.8797398437746,276.8140754699707,0.97855744502185,0,0,276.8140754699707,0.9999998807907104,,
896,,,,,1.32429039478302,60.32507133483887,0.3178296941332519,283.19756953790784,277.1310029029846,0.9785783238012141,0,0,277.1310029029846,0.9999992251396179,,
897,,,,,1.3243207931518555,60.38601112365723,0.31783711491152644,283.51540665281937,277.44796323776245,0.9785992462043241,0,0,277.44796323776245,1.0,,
898,,,,,1.3244096040725708,60.44696235656738,0.3178582089021802,283.83326486172155,277.76494216918945,0.978620114539818,0,0,277.76494216918945,0.9999998807907104,,
899,,,,,1.3243372440338135,60.50791931152344,0.31784106604754925,284.1511059277691,278.0818977355957,0.9786409130017,0,0,278.0818977355957,0.9999998807907104,,
900,3.351598294322709,4.798267483711243,6.81935727596283,0.2925412580370903,1.3242859840393066,60.568878173828125,0.31782878562808037,284.4689347133972,278.39884185791016,0.9786616670055602,0,0,278.39884185791016,0.9999998807907104,e3da7cfc31832f94349d5924efc70fe987ad0a702f6f22da7d2cc195056e0b8c,True
901,,,,,1.3242433667182922,60.629844665527344,0.31781839160248637,284.78675310499966,278.7157859802246,0.9786824104050313,0,0,278.7157859802246,0.9999995827674866,,
902,,,,,1.324286699295044,60.69082069396973,0.3178287181071937,285.10458182310686,279.03274154663086,0.9787031122486686,0,0,279.03274154663086,0.9999999403953552,,
903,,,,,1.3243003487586975,60.75179862976074,0.31783206947147846,285.42241389257833,279.3497085571289,0.9787237965910556,0,0,279.3497085571289,0.9999999403953552,,
904,,,,,1.3242380619049072,60.812788009643555,0.31781707936897874,285.7402309719473,279.6666531562805,0.9787444078315172,0,0,279.6666531562805,0.9999998807907104,,
905,,,,,1.3243468403816223,60.873788833618164,0.31784316757693887,286.05807413952425,279.9836301803589,0.9787649973613275,0,0,279.9836301803589,0.9999998211860657,,
906,,,,,1.3245213627815247,60.934804916381836,0.3178850533440709,286.3759591928683,280.30065393447876,0.9787855612059287,0,0,280.30065393447876,0.9999990463256836,,
907,,,,,1.3246687650680542,60.99583625793457,0.31792034953832626,286.69387954240665,280.61772537231445,0.9788061252657665,0,0,280.61772537231445,0.9999998807907104,,
908,,,,,1.3245283961296082,61.05686378479004,0.31788677256554365,287.0117663149722,280.934739112854,0.9788265572518371,0,0,280.934739112854,0.9999996423721313,,
909,,,,,1.3245298862457275,61.117902755737305,0.3178870747797191,287.3296533897519,281.25177478790283,0.9788470193377303,0,0,281.25177478790283,1.0,,
910,3.359323091747593,4.806487679481506,7.067443013191223,0.31563903391361237,1.3246444463729858,61.17895698547363,0.31791477743536234,287.6475681671873,281.56884384155273,0.9788674579647325,0,0,281.56884384155273,0.9999998211860657,,
911,,,,,1.3245771527290344,61.240007400512695,0.31789859663695097,287.9654667638242,281.88587951660156,0.9788877905550742,0,0,281.88587951660156,0.9999995827674866,,
912,,,,,1.3245285749435425,61.30106544494629,0.317886786069721,288.28335354989395,282.20291471481323,0.9789081167531605,0,0,282.20291471481323,0.9999998807907104,,
913,,,,,1.3245326280593872,61.362131118774414,0.3178879455663264,288.6012414954603,282.5199508666992,0.9789283975451724,0,0,282.5199508666992,0.9999999403953552,,
914,,,,,1.3244502544403076,61.423200607299805,0.31786796962842345,288.9191094650887,282.83697509765625,0.9789486601329553,0,0,282.83697509765625,0.9999998807907104,,
915,,,,,1.3244534134864807,61.48427391052246,0.31786876637488604,289.2369782314636,283.1539874076843,0.9789688342722475,0,0,283.1539874076843,0.9999999403953552,,
916,,,,,1.3243880867958069,61.54535484313965,0.31785317743197083,289.55483140889555,283.47099447250366,0.9789889987095343,0,0,283.47099447250366,0.9999995827674866,,
917,,,,,1.324327290058136,61.606435775756836,0.3178385803475976,289.87266998924315,283.787965297699,0.9790090432058636,0,0,283.787965297699,0.9999999403953552,,
918,,,,,1.3243704438209534,61.66752624511719,0.31784895388409495,290.19051894312724,284.1049690246582,0.9790291221758947,0,0,284.1049690246582,1.0,,
919,,,,,1.32438325881958,61.72862243652344,0.3178519387729466,290.5083708819002,284.4219584465027,0.9790490979074995,0,0,284.4219584465027,1.0,,
920,3.3675651560424966,4.814881205558777,7.331017971038818,0.33816996961832047,1.3243550658226013,61.78972625732422,0.317845247220248,290.82621612912044,284.7389531135559,0.9790690705377711,0,0,284.7389531135559,1.0,,
921,,,,,1.3242769241333008,61.850833892822266,0.3178265322931111,291.14404266141355,285.0559387207031,0.9790890313775316,0,0,285.0559387207031,0.9999998211860657,,
922,,,,,1.3243125081062317,61.91194725036621,0.3178350990638137,291.46187776047736,285.3729386329651,0.9791089689866159,0,0,285.3729386329651,0.9999999403953552,,
923,,,,,1.3242735266685486,61.97307014465332,0.31782559119164944,291.779703351669,285.6899104118347,0.9791287986454097,0,0,285.6899104118347,0.9999998807907104,,
924,,,,,1.32431960105896,62.034202575683594,0.31783659802749753,292.0975399496965,286.00690841674805,0.9791486380405725,0,0,286.00690841674805,0.9999998807907104,,
925,,,,,1.3242561221122742,62.095333099365234,0.3178213583305478,292.41536130802706,286.3238868713379,0.979168418480336,0,0,286.3238868713379,0.9999999403953552,,
926,,,,,1.3245639204978943,62.1564884185791,0.3178951945155859,292.73325650254264,286.64094638824463,0.9791881859031412,0,0,286.64094638824463,0.9999983310699463,,
927,,,,,1.3246164917945862,62.2176570892334,0.3179080127738416,293.0511645153165,286.9580183029175,0.979207909914033,0,0,286.9580183029175,1.0,,
928,,,,,1.3246698379516602,62.278831481933594,0.31792085664346814,293.36908537195995,287.27511978149414,0.9792276490798602,0,0,287.27511978149414,0.9999998807907104,,
929,,,,,1.3246379494667053,62.34001159667969,0.31791307078674436,293.6869984427467,287.59220027923584,0.9792473000308863,0,0,287.59220027923584,1.0,,
930,3.376473273572377,4.823826730251312,7.586977601051331,0.340656366199255,1.3245391249656677,62.40118980407715,0.3178894463926554,294.00488788913935,287.90926027297974,0.9792669174314574,0,0,287.90926027297974,0.9999998211860657,,
931,,,,,1.3244903683662415,62.462379455566406,0.31787767307832837,294.3227655622177,288.2263069152832,0.9792864862652062,0,0,288.2263069152832,0.9999997615814209,,
932,,,,,1.324468195438385,62.5235652923584,0.31787230633199215,294.6406378685497,288.5433540344238,0.9793060323306554,0,0,288.5433540344238,0.9999998807907104,,
933,,,,,1.324480414390564,62.58476638793945,0.31787524465471506,294.9585131132044,288.86040115356445,0.979325526511247,0,0,288.86040115356445,0.9999998211860657,,
934,,,,,1.3244462609291077,62.645973205566406,0.3178669000044465,295.27638001320884,289.1774368286133,0.9793449676390515,0,0,289.1774368286133,1.0,,
935,,,,,1.3244866728782654,62.70718002319336,0.3178768143989146,295.59425682760775,289.4944953918457,0.9793644115375338,0,0,289.4944953918457,0.9999996423721313,,
936,,,,,1.3243874907493591,62.76839637756348,0.3178529227152467,295.912109750323,289.81153106689453,0.9793838153883704,0,0,289.81153106689453,0.9999990463256836,,
937,,,,,1.3243789076805115,62.82961082458496,0.3178508235141635,296.22996057383716,290.12854290008545,0.9794031040549259,0,0,290.12854290008545,0.9999997615814209,,
938,,,,,1.3243892192840576,62.890838623046875,0.3178533879108727,296.54781396174803,290.4455680847168,0.9794223879262203,0,0,290.4455680847168,0.9999998807907104,,
939,,,,,1.3243420720100403,62.952070236206055,0.31784206023439765,296.86565602198243,290.7625904083252,0.9794416582388152,0,0,290.7625904083252,0.9999998807907104,,
940,3.386023484188247,4.833433151245117,7.836030960083008,0.34619075059890747,1.3243762254714966,63.0133056640625,0.3178501301445067,297.18350615212694,291.07961654663086,0.9794608735709157,0,0,291.07961654663086,1.0,,
941,,,,,1.3243075609207153,63.07454872131348,0.31783385248854756,297.5013400046155,291.3966293334961,0.9794800565569698,0,0,291.3966293334961,0.9999995827674866,,
942,,,,,1.3243402242660522,63.13580131530762,0.31784161971881986,297.8191816243343,291.7136421203613,0.9794991730530123,0,0,291.7136421203613,1.0,,
943,,,,,1.3242997527122498,63.19705390930176,0.31783181382343173,298.13701343815774,292.03065490722656,0.9795182810060623,0,0,292.03065490722656,0.9999998807907104,,
944,,,,,1.3242825865745544,63.2583122253418,0.31782788038253784,298.4548413185403,292.3476676940918,0.9795373611717315,0,0,292.3476676940918,0.9999999403953552,,
945,,,,,1.3243135213851929,63.31957817077637,0.3178351758979261,298.7726764944382,292.664692401886,0.9795564167238469,0,0,292.664692401886,1.0,,
946,,,,,1.3247740268707275,63.38087844848633,0.3179458291269839,299.0906223235652,292.9818420410156,0.979575487071133,0,0,292.9818420410156,0.9999974370002747,,
947,,,,,1.324684500694275,63.44217872619629,0.31792436353862286,299.4085466871038,293.29895782470703,0.9795944740723029,0,0,293.29895782470703,0.9999999403953552,,
948,,,,,1.3246646523475647,63.503482818603516,0.3179194563999772,299.7264661435038,293.6160845756531,0.9796134734230437,0,0,293.6160845756531,1.0,,
949,,,,,1.3246025443077087,63.56479263305664,0.31790447933599353,300.0443706228398,293.9331750869751,0.9796323606299298,0,0,293.9331750869751,0.9999998807907104,,
950,3.396981150917165,4.843439221382141,8.113070130348206,0.4150006026029587,1.3245742917060852,63.626108169555664,0.3178979163058102,300.3622685391456,294.2502818107605,0.9796512832383621,0,0,294.2502818107605,0.9999999403953552,,
951,,,,,1.3245600461959839,63.68742561340332,0.3178944680839777,300.68016300722957,294.5673637390137,0.9796700946045784,0,0,294.5673637390137,0.9999995827674866,,
952,,,,,1.324468970298767,63.74874305725098,0.3178725419566035,300.99803554918617,294.8844437599182,0.9796889312645699,0,0,294.8844437599182,0.9999998211860657,,
953,,,,,1.3245514035224915,63.81007766723633,0.31789227202534676,301.3159278212115,295.2015190124512,0.979707648205078,0,0,295.2015190124512,0.9999998807907104,,
954,,,,,1.3244306445121765,63.871408462524414,0.31786344666033983,301.63379126787186,295.5185852050781,0.9797263892845347,0,0,295.5185852050781,0.9999999403953552,,
955,,,,,1.324460208415985,63.9327449798584,0.317870348226279,301.95166161609814,295.83565521240234,0.9797450811465556,0,0,295.83565521240234,0.9999999403953552,,
956,,,,,1.3245025277137756,63.99409294128418,0.3178805923089385,302.2695422084071,296.15274715423584,0.9797637730567148,0,0,296.15274715423584,0.9999998807907104,,
957,,,,,1.3244090676307678,64.05544090270996,0.3178581609390676,302.58740036934614,296.4697952270508,0.9797823533470691,0,0,296.4697952270508,0.9999999403953552,,
958,,,,,1.3244059681892395,64.11679267883301,0.3178575220517814,302.9052578913979,296.7868504524231,0.9798009203221903,0,0,296.7868504524231,1.0,,
959,,,,,1.324435830116272,64.17815399169922,0.3178646517917514,303.2231225431897,297.10391664505005,0.9798194615014261,0,0,297.10391664505005,1.0,,
960,3.413258035566069,4.857995688915253,8.41964077949524,0.48278454691171646,1.3244043588638306,64.2395191192627,0.3178571439348161,303.5409796871245,297.42098236083984,0.979837986513077,0,0,297.42098236083984,0.9999999403953552,,
961,,,,,1.3243674039840698,64.3008918762207,0.31784811755642295,303.8588278046809,297.73804092407227,0.9798564783362356,0,0,297.73804092407227,0.9999995231628418,,
962,,,,,1.3243327736854553,64.36226844787598,0.3178399046882987,304.1766677093692,298.05508279800415,0.979874903103301,0,0,298.05508279800415,1.0,,
963,,,,,1.3243272304534912,64.42365074157715,0.3178385398350656,304.4945062492043,298.3721251487732,0.9798932953640175,0,0,298.3721251487732,0.9999999403953552,,
964,,,,,1.3242831230163574,64.48503494262695,0.31782801635563374,304.8123342655599,298.68915939331055,0.9799116565049638,0,0,298.68915939331055,0.9999998211860657,,
965,,,,,1.3243632316589355,64.54642868041992,0.31784720439463854,305.13018146995455,299.0062189102173,0.9799300005976588,0,0,299.0062189102173,0.9999998211860657,,
966,,,,,1.3246309757232666,64.60784339904785,0.3179113524965942,305.44809282245114,299.3233461380005,0.9799483223880798,0,0,299.3233461380005,0.9999988079071045,,
967,,,,,1.3246600031852722,64.66926956176758,0.3179183825850487,305.7660112050362,299.6404857635498,0.9799666240948546,0,0,299.6404857635498,0.9999998807907104,,
968,,,,,1.3246523141860962,64.73069763183594,0.31791665218770504,306.0839278572239,299.95763397216797,0.9799849213647225,0,0,299.95763397216797,0.9999999403953552,,
969,,,,,1.3246483206748962,64.7921314239502,0.3179155942052603,306.40184345142916,300.2747611999512,0.98000311557378,0,0,300.2747611999512,0.9999998211860657,,
970,3.427322999667995,4.873436689376831,8.644299507141113,0.46209854260087013,1.3247058391571045,64.85358047485352,0.31792944157496095,306.7197728930041,300.591917514801,0.9800213226542075,0,0,300.591917514801,0.9999997615814209,,
971,,,,,1.3244633078575134,64.91501045227051,0.31787104113027453,307.0376439341344,300.90900564193726,0.9800394563556746,0,0,300.90900564193726,0.9999993443489075,,
972,,,,,1.3245632648468018,64.97645950317383,0.3178951018489897,307.3555390359834,301.2261209487915,0.9800575642579349,0,0,301.2261209487915,0.9999999403953552,,
973,,,,,1.3245841264724731,65.03791809082031,0.31790016079321504,307.6734391967766,301.5432472229004,0.980075654272007,0,0,301.5432472229004,0.9999999403953552,,
974,,,,,1.3245216012001038,65.0993766784668,0.3178851087577641,307.99132430553436,301.8603525161743,0.9800936867193084,0,0,301.8603525161743,0.9999999403953552,,
975,,,,,1.3245633244514465,65.16084098815918,0.3178952815942466,308.3092195871286,302.1774787902832,0.9801117176934971,0,0,302.1774787902832,0.9999999403953552,,
976,,,,,1.3244444131851196,65.2223072052002,0.31786676682531834,308.6270863539539,302.494571685791,0.9801296939273478,0,0,302.494571685791,0.9999995827674866,,
977,,,,,1.3244754672050476,65.28377914428711,0.317874189466238,308.94496054342017,302.8116626739502,0.9801476034479321,0,0,302.8116626739502,0.9999998807907104,,
978,,,,,1.3244452476501465,65.34525871276855,0.31786684319376945,309.26282738661394,303.1287579536438,0.9801655133117475,0,0,303.1287579536438,0.9999999403953552,,
979,,,,,1.3244596719741821,65.40673828125,0.3178703784942627,309.5806977651082,303.4458498954773,0.9801833644218779,0,0,303.4458498954773,1.0,,
980,3.441626657432769,4.8895586133003235,8.87517249584198,0.4954710565507412,1.3244454264640808,65.46823310852051,0.31786694284528494,309.8985647079535,303.7629370689392,0.9802011743913772,0,0,303.7629370689392,1.0,,
981,,,,,1.3243001699447632,65.52971839904785,0.31783209927380085,310.2163968072273,304.0800018310547,0.9802189857166484,0,0,304.0800018310547,0.9999998807907104,,
982,,,,,1.3244044780731201,65.59121513366699,0.3178571448661387,310.5342539520934,304.3970832824707,0.9802367352666655,0,0,304.3970832824707,0.9999998807907104,,
983,,,,,1.3242807388305664,65.65271377563477,0.31782727502286434,310.8520812271163,304.71416425704956,0.980254541176505,0,0,304.71416425704956,0.9999999403953552,,
984,,,,,1.3244240283966064,65.71422958374023,0.31786178378388286,311.16994301090017,305.03124618530273,0.9802722050651808,0,0,305.03124618530273,0.9999999403953552,,
985,,,,,1.3243640661239624,65.77574348449707,0.31784722534939647,311.48779023624957,305.34833908081055,0.9802899139295844,0,0,305.34833908081055,0.9999998807907104,,
986,,,,,1.3246049880981445,65.83727645874023,0.3179052877239883,311.80569552397355,305.66548919677734,0.9803075876568614,0,0,305.66548919677734,0.9999989867210388,,
987,,,,,1.3247475624084473,65.89882278442383,0.3179393601603806,312.12363488413393,305.9826560020447,0.9803251718365708,0,0,305.9826560020447,0.9999998211860657,,
988,,,,,1.3248286247253418,65.96037864685059,0.3179589859209955,312.44159387005493,306.2998695373535,0.9803428082137592,0,0,306.2998695373535,0.9999998807907104,,
989,,,,,1.3247095346450806,66.02193450927734,0.3179304054938257,312.75952427554876,306.6170425415039,0.9803603687265038,0,0,306.6170425415039,0.9999998211860657,,
990,3.4577745657993026,4.9099085330963135,9.200100898742676,0.5995461195707321,1.324722409248352,66.08349800109863,0.31793331913650036,313.07745759468526,306.9342246055603,0.9803779133881971,0,0,306.9342246055603,0.9999999403953552,,
991,,,,,1.324511170387268,66.14505386352539,0.31788268592208624,313.39534028060734,307.2513566017151,0.9803954210889285,0,0,307.2513566017151,0.9999994039535522,,
992,,,,,1.324498176574707,66.20661544799805,0.3178794998675585,313.7132197804749,307.5684814453125,0.980412880466232,0,0,307.5684814453125,1.0,,
993,,,,,1.3246048092842102,66.26819038391113,0.31790496641770005,314.0311247468926,307.88563108444214,0.9804303039470859,0,0,307.88563108444214,0.9999998807907104,,
994,,,,,1.3245553970336914,66.32976341247559,0.31789320381358266,314.3490179507062,308.2027702331543,0.9804476955022118,0,0,308.2027702331543,0.9999999403953552,,
995,,,,,1.3245437145233154,66.3913459777832,0.31789045967161655,314.6669084103778,308.5199112892151,0.9804650665295029,0,0,308.5199112892151,0.9999998807907104,,
996,,,,,1.3244704604148865,66.45292854309082,0.3178728469647467,314.98478125734255,308.83702993392944,0.9804823861683927,0,0,308.83702993392944,0.9999998211860657,,
997,,,,,1.3244855999946594,66.51451873779297,0.3178765275515616,315.3026577848941,309.15415143966675,0.9804996685139806,0,0,309.15415143966675,1.0,,
998,,,,,1.324459969997406,66.57611083984375,0.3178706057369709,315.6205283906311,309.47127628326416,0.9805169450202642,0,0,309.47127628326416,1.0,,
999,,,,,1.3244355916976929,66.63770866394043,0.31786450557410717,315.9383928962052,309.7883949279785,0.980534186073903,0,0,309.7883949279785,0.9999999403953552,,
1000,3.474490287547726,4.928804159164429,9.509814143180847,0.5612212419509888,1.3244574666023254,66.69931411743164,0.31786965765058994,316.2562625538558,310.1054992675781,0.9805513312634205,0,0,310.1054992675781,1.0000001192092896,98af148fd30e161b602fd499f1b77f6ad1a33f0f39747bef55e3bc651b24a7b6,True
1001,,,,,1.3244102001190186,66.76092147827148,0.31785833602771163,316.5741208898835,310.42260360717773,0.9805684770902467,0,0,310.42260360717773,0.9999997615814209,,
1002,,,,,1.324413537979126,66.82253456115723,0.317859326954931,316.8919802168384,310.73973417282104,0.980585668214738,0,0,310.73973417282104,0.9999999403953552,,
1003,,,,,1.324392855167389,66.88415336608887,0.3178541446104646,317.2098343614489,311.05683517456055,0.9806027477071274,0,0,311.05683517456055,0.9999999403953552,,
1004,,,,,1.3243941068649292,66.9457778930664,0.3178544878028333,317.5276888492517,311.3739433288574,0.980619814471308,0,0,311.3739433288574,0.9999999403953552,,
1005,,,,,1.3242992162704468,67.00740432739258,0.3178318263962865,317.845520675648,311.69103240966797,0.980636857008718,0,0,311.69103240966797,0.9999998211860657,,
1006,,,,,1.3246556520462036,67.06905174255371,0.3179173329845071,318.1634380086325,312.0082120895386,0.9806538867016896,0,0,312.0082120895386,0.9999986290931702,,
1007,,,,,1.3246344327926636,67.13070487976074,0.31791216507554054,318.48135017370805,312.3253936767578,0.9806709042975558,0,0,312.3253936767578,0.9999998807907104,,
1008,,,,,1.3247751593589783,67.1923713684082,0.3179458943195641,318.7992960680276,312.6426110267639,0.9806878963749313,0,0,312.6426110267639,0.9999997615814209,,
1009,,,,,1.3246679902076721,67.2540397644043,0.3179203444160521,319.11721641244367,312.9598045349121,0.9807048584004493,0,0,312.9598045349121,0.9999998211860657,,
1010,3.491596763985724,4.947669625282288,9.818879008293152,0.6176158227026463,1.3247686624526978,67.31571960449219,0.31794466776773334,319.4351610802114,313.27700757980347,0.9807217418408658,0,0,313.27700757980347,0.9999999403953552,,
1011,,,,,1.3246386051177979,67.37739181518555,0.31791333574801683,319.7530744159594,313.5941963195801,0.9807386430681557,0,0,313.5941963195801,0.9999998807907104,,
1012,,,,,1.3244909048080444,67.43906593322754,0.3178777829743922,320.0709521989338,313.9113464355469,0.9807554989883632,0,0,313.9113464355469,0.9999998807907104,,
1013,,,,,1.3246659636497498,67.50075340270996,0.3179195960983634,320.3888717950322,314.22851943969727,0.9807722649016444,0,0,314.22851943969727,0.9999998807907104,,
1014,,,,,1.3245357871055603,67.56244087219238,0.3178887222893536,320.7067605173215,314.5456805229187,0.980789054822338,0,0,314.5456805229187,0.9999997615814209,,
1015,,,,,1.324547529220581,67.62413215637207,0.317891382612288,321.0246518999338,314.86284255981445,0.9808058063340225,0,0,314.86284255981445,0.9999998807907104,,
1016,,,,,1.324440598487854,67.68582534790039,0.3178657381795347,321.34251763811335,315.17997550964355,0.9808225124587749,0,0,315.17997550964355,0.9999995827674866,,
1017,,,,,1.3245392441749573,67.74752616882324,0.3178895297460258,321.6604071678594,315.4971399307251,0.980839210857807,0,0,315.4971399307251,0.9999999403953552,,
1018,,,,,1.324493944644928,67.80923271179199,0.3178785783238709,321.97828574618325,315.8142910003662,0.9808558681790202,0,0,315.8142910003662,0.9999999403953552,,
1019,,,,,1.3245440125465393,67.87094306945801,0.3178907255642116,322.29617647174746,316.13144302368164,0.9808724586324491,0,0,316.13144302368164,0.9999999403953552,,
1020,3.510191266185259,4.96744167804718,10.132713675498962,0.6298557110130787,1.3244880437850952,67.93265914916992,0.31787728797644377,322.6140537597239,316.4485936164856,0.980889052812835,0,0,316.4485936164856,1.0,,
1021,,,,,1.324440836906433,67.99437713623047,0.3178657600656152,322.9319195197895,316.76573419570923,0.9809056183320292,0,0,316.76573419570923,0.9999997615814209,,
1022,,,,,1.3243919014930725,68.05609512329102,0.317854106426239,323.24977362621576,317.08285903930664,0.9809221379562632,0,0,317.08285903930664,0.9999999403953552,,
1023,,,,,1.3244091868400574,68.11782836914062,0.3178582633845508,323.5676318896003,317.39999771118164,0.9809386552591761,0,0,317.39999771118164,0.9999998807907104,,
1024,,,,,1.3243563175201416,68.17955780029297,0.31784558668732643,323.88547747628763,317.71712493896484,0.9809551432025062,0,0,317.71712493896484,1.0,,
1025,,,,,1.3243755102157593,68.24129295349121,0.31785013619810343,324.20332761248574,318.03424072265625,0.980971549751629,0,0,318.03424072265625,0.9999999403953552,,
1026,,,,,1.3246477246284485,68.30304718017578,0.31791537161916494,324.5212429841049,318.3514451980591,0.9809880002636714,0,0,318.3514451980591,0.9999991655349731,,
1027,,,,,1.3247407674789429,68.36481666564941,0.31793775176629424,324.8391807358712,318.6686782836914,0.9810044390636545,0,0,318.6686782836914,0.9999997615814209,,
1028,,,,,1.3247230052947998,68.42658805847168,0.31793359527364373,325.15711433114484,318.985897064209,0.9810208142619571,0,0,318.985897064209,0.9999999403953552,,
1029,,,,,1.324658453464508,68.48835945129395,0.3179180407896638,325.4750323719345,319.30309772491455,0.9810371486806766,0,0,319.30309772491455,0.9999999403953552,,
1030,3.5314079619023904,4.989583253860474,10.463822960853577,0.6474230140447617,1.3246391415596008,68.55013847351074,0.31791340792551637,325.79294577986,319.62029504776,0.9810534549257187,0,0,319.62029504776,0.9999999403953552,,
1031,,,,,1.3246028423309326,68.61191940307617,0.31790462136268616,326.1108504012227,319.93750619888306,0.9810697982150994,0,0,319.93750619888306,0.9999998807907104,,
1032,,,,,1.3245232701301575,68.67370223999023,0.3178855190053582,326.42873592022806,320.2546591758728,0.9810859888699717,0,0,320.2546591758728,0.9999998807907104,,
1033,,,,,1.3245249390602112,68.7354850769043,0.31788594694808125,326.74662186717615,320.57185077667236,0.9811022649439514,0,0,320.57185077667236,0.9999999403953552,,
1034,,,,,1.3245516419410706,68.79727745056152,0.31789258075878024,327.0645144479349,320.8890151977539,0.9811184063773905,0,0,320.8890151977539,0.9999999403953552,,
1035,,,,,1.324592649936676,68.85907936096191,0.3179023386910558,327.382416786626,321.2062101364136,0.9811345804370465,0,0,321.2062101364136,0.9999998807907104,,
1036,,,,,1.3244581818580627,68.92087936401367,0.3178699775598943,327.7002867641859,321.5233726501465,0.9811507210596818,0,0,321.5233726501465,0.9999996423721313,,
1037,,,,,1.3244471549987793,68.98267936706543,0.31786716962233186,328.0181539338082,321.8405342102051,0.9811668358914954,0,0,321.8405342102051,1.0,,
1038,,,,,1.3244891166687012,69.04448699951172,0.3178775147534907,328.3360314485617,322.1576957702637,0.9811828886064033,0,0,322.1576957702637,1.0,,
1039,,,,,1.3244961500167847,69.10630416870117,0.31787895830348134,328.6539104068652,322.4748692512512,0.9811989422308547,0,0,322.4748692512512,1.0,,
1040,3.558204778542082,5.015565752983093,10.79019808769226,0.7044922038912773,1.324500024318695,69.16812515258789,0.317879990208894,328.9717903970741,322.79204177856445,0.981214958853914,0,0,322.79204177856445,0.9999999403953552,,
1041,,,,,1.3243674635887146,69.22994422912598,0.3178481110371649,329.28963850811124,323.10919189453125,0.9812309714888622,0,0,323.10919189453125,0.9999997615814209,,
1042,,,,,1.324406385421753,69.2917709350586,0.3178576482459903,329.60749615635723,323.42634201049805,0.9812469248486752,0,0,323.42634201049805,1.0,,
1043,,,,,1.3244895339012146,69.35360527038574,0.31787757808342576,329.92537373444065,323.74351692199707,0.981262863348545,0,0,323.74351692199707,0.9999998211860657,,
1044,,,,,1.3244054913520813,69.41544342041016,0.3178573725745082,330.24323110701516,324.06067657470703,0.981278784998607,0,0,324.06067657470703,0.9999999403953552,,
1045,,,,,1.3244600892066956,69.4772891998291,0.317870584782213,330.5611016917974,324.3778409957886,0.9812946512328156,0,0,324.3778409957886,0.9999998807907104,,
1046,,,,,1.3246727585792542,69.53915023803711,0.31792133348062634,330.879023025278,324.6950740814209,0.9813105439948495,0,0,324.6950740814209,0.9999991655349731,,
1047,,,,,1.324629545211792,69.60101509094238,0.31791113456711173,331.1969341598451,325.01228189468384,0.981326360158342,0,0,325.01228189468384,0.9999998807907104,,
1048,,,,,1.324690818786621,69.66288375854492,0.3179259020835161,331.51486006192863,325.32952880859375,0.981342220218483,0,0,325.32952880859375,1.0,,
1049,,,,,1.32471364736557,69.72476196289062,0.3179311747662723,331.8327912366949,325.6467571258545,0.981357978252279,0,0,325.6467571258545,0.9999998807907104,,
1050,3.583222286634711,5.041637420654297,11.161064743995667,0.7069857865571976,1.324765384197235,69.78664779663086,0.3179438426159322,332.15073507931083,325.9640226364136,0.9813737806679217,0,0,325.9640226364136,0.9999998807907104,,
1051,,,,,1.3245849013328552,69.8485279083252,0.31790033215656877,332.4686354114674,326.2812194824219,0.9813894747653747,0,0,326.2812194824219,0.999999463558197,,
1052,,,,,1.3246267437934875,69.91041564941406,0.31791037879884243,332.78654579026625,326.5984401702881,0.9814051808937038,0,0,326.5984401702881,0.9999999403953552,,
1053,,,,,1.3245176076889038,69.9723072052002,0.31788409873843193,333.1044298890047,326.91563415527344,0.9814208543074782,0,0,326.91563415527344,0.9999999403953552,,
1054,,,,,1.3245710134506226,70.03420066833496,0.31789700221270323,333.4223268912174,327.23284339904785,0.9814365056177239,0,0,327.23284339904785,1.0,,
1055,,,,,1.3245848417282104,70.09609794616699,0.3179002753458917,333.7402271665633,327.5500593185425,0.9814521374885611,0,0,327.5500593185425,1.0,,
1056,,,,,1.324500858783722,70.15799903869629,0.3178801592439413,334.0581073258072,327.86724758148193,0.981467715919589,0,0,327.86724758148193,0.9999996423721313,,
1057,,,,,1.3245277404785156,70.21990966796875,0.31788677209988236,334.3759940979071,328.18445014953613,0.9814832881018395,0,0,328.18445014953613,0.9999999403953552,,
1058,,,,,1.3245154023170471,70.28181838989258,0.317883787676692,334.6938778855838,328.50163650512695,0.9814987910159065,0,0,328.50163650512695,1.0,,
1059,,,,,1.324553906917572,70.3437385559082,0.3178928685374558,335.01177075412124,328.81884384155273,0.9815143005315036,0,0,328.81884384155273,0.9999999403953552,,
1060,3.609556208758715,5.06818163394928,11.530635714530945,0.6985519230365753,1.3245007395744324,70.40565490722656,0.31788029056042433,335.32965104468167,329.13603830337524,0.981529779063641,0,0,329.13603830337524,0.9999998211860657,,
1061,,,,,1.324455201625824,70.46758079528809,0.3178691975772381,335.6475202422589,329.4532241821289,0.9815452351453091,0,0,329.4532241821289,0.9999996423721313,,
1062,,,,,1.3244965076446533,70.52951049804688,0.317879059817642,335.96539930207655,329.7704086303711,0.9815606289082872,0,0,329.7704086303711,0.9999999403953552,,
1063,,,,,1.3244144320487976,70.5914421081543,0.31785935489460826,336.28325865697116,330.0875859260559,0.9815760298158756,0,0,330.0875859260559,0.9999999403953552,,
1064,,,,,1.3244549632072449,70.65337944030762,0.3178692585788667,336.60112791555,330.40478134155273,0.9815914265873973,0,0,330.40478134155273,0.9999999403953552,,
1065,,,,,1.324434757232666,70.7153205871582,0.3178643421269953,336.918992257677,330.72197341918945,0.9816067987234478,0,0,330.72197341918945,1.0,,
1066,,,,,1.3246286511421204,70.77727890014648,0.3179108975455165,337.23690315522254,331.0392036437988,0.9816221194850314,0,0,331.0392036437988,0.9999993443489075,,
1067,,,,,1.3246658444404602,70.8392391204834,0.3179198354482651,337.5548229906708,331.3564453125,0.9816374192990183,0,0,331.3564453125,1.0,,
1068,,,,,1.3247230648994446,70.90121078491211,0.317933542188257,337.87275653285906,331.67372035980225,0.9816527492874231,0,0,331.67372035980225,0.9999998807907104,,
1069,,,,,1.3246729373931885,70.96318435668945,0.3179213856346905,338.19067791849375,331.99096155166626,0.9816679856316954,0,0,331.99096155166626,0.9999998807907104,,
1070,3.6376794255270584,5.096216440200806,11.86496353149414,0.7378663644194603,1.3247464895248413,71.0251693725586,0.3179392502643168,338.50861716875806,332.3082160949707,0.9816831809906416,0,0,332.3082160949707,0.9999999403953552,,
1071,,,,,1.3245097994804382,71.08714294433594,0.3178823748603463,338.8264995436184,332.62543630599976,0.9816984112931776,0,0,332.62543630599976,0.9999992847442627,,
1072,,,,,1.324607014656067,71.14912796020508,0.31790565559640527,339.1444051992148,332.9426603317261,0.9817135569025625,0,0,332.9426603317261,0.9999998211860657,,
1073,,,,,1.3245874643325806,71.21111488342285,0.31790115498006344,339.4623063541949,333.2599067687988,0.981728753180256,0,0,333.2599067687988,0.9999998807907104,,
1074,,,,,1.3244772553443909,71.27310371398926,0.3178746560588479,339.7801810102537,333.5771026611328,0.9817438488299154,0,0,333.5771026611328,0.9999998807907104,,
1075,,,,,1.3245260119438171,71.3350944519043,0.31788630643859506,340.0980673166923,333.8943295478821,0.9817589737637807,0,0,333.8943295478821,1.0000001192092896,,
1076,,,,,1.3245586156845093,71.39709281921387,0.3178939507342875,340.4159612674266,334.2115421295166,0.9817740063808674,0,0,334.2115421295166,0.9999999403953552,,
1077,,,,,1.3245210647583008,71.45909690856934,0.3178850058466196,340.73384627327323,334.52875328063965,0.9817890325234728,0,0,334.52875328063965,0.9999999403953552,,
1078,,,,,1.3245402574539185,71.52110290527344,0.3178896103054285,341.05173588357866,334.8459663391113,0.9818040229926092,0,0,334.8459663391113,0.9999998807907104,,
1079,,,,,1.3245577812194824,71.58311462402344,0.31789374304935336,341.369629626628,335.16320848464966,0.98181905886365,0,0,335.16320848464966,1.0,,
1080,3.66855899967837,5.126155734062195,12.235855460166931,0.7587651386857033,1.3245162963867188,71.64513206481934,0.31788393668830395,341.6875135633163,335.4804039001465,0.9818339581729532,0,0,335.4804039001465,1.0,,
1081,,,,,1.3245327472686768,71.7071590423584,0.3178878980688751,342.0054014613852,335.7976393699646,0.9818489355288077,0,0,335.7976393699646,0.9999996423721313,,
1082,,,,,1.3244673013687134,71.76918029785156,0.3178721768781543,342.32327363826334,336.11484146118164,0.9818638326541501,0,0,336.11484146118164,0.9999998807907104,,
1083,,,,,1.324488341808319,71.83120727539062,0.31787720415741205,342.64115084242076,336.4320487976074,0.9818787030409261,0,0,336.4320487976074,0.9999998807907104,,
1084,,,,,1.3244390487670898,71.89323997497559,0.3178653744980693,342.9590162169188,336.749267578125,0.9818936130990439,0,0,336.749267578125,0.9999999403953552,,
1085,,,,,1.3244905471801758,71.95527648925781,0.31787771731615067,343.276893934235,337.0664749145508,0.9819084269013603,0,0,337.0664749145508,0.9999999403953552,,
1086,,,,,1.3247056007385254,72.0173282623291,0.3179293954744935,343.59482332970947,337.3837285041809,0.9819232002236266,0,0,337.3837285041809,0.9999991655349731,,
1087,,,,,1.3246867656707764,72.07938766479492,0.31792469043284655,343.9127480201423,337.7010269165039,0.9819380899969559,0,0,337.7010269165039,0.9999999403953552,,
1088,,,,,1.3247228264808655,72.14145278930664,0.31793359480798244,344.2306816149503,338.01828050613403,0.9819527966546389,0,0,338.01828050613403,0.9999998807907104,,
1089,,,,,1.3245874643325806,72.2035140991211,0.31790099246427417,344.5485826074146,338.3355350494385,0.9819675718560237,0,0,338.3355350494385,0.9999995231628418,,
1090,3.705585827263861,5.165761232376099,12.688064575195312,0.9933530762791634,1.3245924711227417,72.26558303833008,0.3179021538235247,344.8664847612381,338.6527943611145,0.9819823303374159,0,0,338.6527943611145,0.9999999403953552,,
1091,,,,,1.324589729309082,72.32765197753906,0.3179016439244151,345.1843864051625,338.9700393676758,0.9819970216434019,0,0,338.9700393676758,0.9999999403953552,,
1092,,,,,1.3245674967765808,72.38972473144531,0.31789620919153094,345.50228261435404,339.28729248046875,0.9820117248231804,0,0,339.28729248046875,1.0,,
1093,,,,,1.3246344327926636,72.45181655883789,0.3179124388843775,345.8201950532384,339.6045227050781,0.9820262886983671,0,0,339.6045227050781,0.9999999403953552,,
1094,,,,,1.3245927691459656,72.51389694213867,0.317902316339314,346.13809736957774,339.9217872619629,0.9820409537266896,0,0,339.9217872619629,0.9999999403953552,,
1095,,,,,1.324574887752533,72.57598495483398,0.31789785996079445,346.45599522953853,340.23902893066406,0.982055538410422,0,0,340.23902893066406,0.9999999403953552,,
1096,,,,,1.324500322341919,72.63806915283203,0.3178800828754902,346.773875312414,340.55627489089966,0.9820701590743713,0,0,340.55627489089966,0.9999997615814209,,
1097,,,,,1.324518084526062,72.70016479492188,0.31788431387394667,347.09175962628797,340.873477935791,0.9820846173438599,0,0,340.873477935791,0.9999998807907104,,
1098,,,,,1.324528992176056,72.76226425170898,0.31788689782842994,347.4096465241164,341.19073247909546,0.9820991900851255,0,0,341.19073247909546,0.9999998807907104,,
1099,,,,,1.3245312571525574,72.82436752319336,0.317887544631958,347.72753406874835,341.50797271728516,0.9821136932163832,0,0,341.50797271728516,1.0,,
1100,3.743461181316401,5.202393531799316,13.194329977035522,1.0027963891625404,1.324578583240509,72.88647842407227,0.3178987968713045,348.04543286561966,341.82520484924316,0.9821281148120132,0,0,341.82520484924316,0.9999998807907104,1a6fd89f1ee27bdd071b97dd05536f8b83eebf83c4c3c50e048d06cf6c7b3bd3,True
1101,,,,,1.3244895935058594,72.9485855102539,0.3178774453699589,348.3633103109896,342.1424331665039,0.9821425593328608,0,0,342.1424331665039,0.9999998211860657,,
1102,,,,,1.3243869543075562,73.01070022583008,0.31785297067835927,348.681163281668,342.45962858200073,0.9821569520959684,0,0,342.45962858200073,0.9999998211860657,,
1103,,,,,1.3244938254356384,73.07281112670898,0.31787859508767724,348.99904187675565,342.7768793106079,0.9821714050196562,0,0,342.7768793106079,0.9999998211860657,,
1104,,,,,1.324460506439209,73.13494110107422,0.317870503757149,349.3169123805128,343.09410095214844,0.9821857711212482,0,0,343.09410095214844,0.9999999403953552,,
1105,,,,,1.324464499950409,73.19706344604492,0.31787141039967537,349.6347837909125,343.4113292694092,0.9822001276474082,0,0,343.4113292694092,1.0,,
1106,,,,,1.3246918320655823,73.25920486450195,0.31792629323899746,349.9527100841515,343.72861909866333,0.9822144798250242,0,0,343.72861909866333,0.9999991655349731,,
1107,,,,,1.3246073126792908,73.32135009765625,0.3179058735258877,350.27061595767736,344.04588747024536,0.9822288019495614,0,0,344.04588747024536,1.0,,
1108,,,,,1.3246347308158875,73.38349914550781,0.317912389524281,350.58852834720165,344.3631625175476,0.9822430988857405,0,0,344.3631625175476,0.9999998807907104,,
1109,,,,,1.3247581124305725,73.4456558227539,0.31794200045987964,350.9064703476615,344.6804656982422,0.9822573672031413,0,0,344.6804656982422,0.9999997615814209,,
1110,3.791163017202025,5.248452425003052,13.764925122261047,1.0456920638680458,1.3246520161628723,73.50782012939453,0.31791651621460915,351.22438686387613,344.9977569580078,0.9822716470189681,0,0,344.9977569580078,0.9999998211860657,,
1111,,,,,1.3246604204177856,73.56998062133789,0.3179183565080166,351.54230522038415,345.3150339126587,0.9822858551723311,0,0,345.3150339126587,1.0,,
1112,,,,,1.3245633244514465,73.63214111328125,0.31789518846198916,351.86020040884614,345.63228607177734,0.982300031859718,0,0,345.63228607177734,1.0,,
1113,,,,,1.324549376964569,73.69430541992188,0.31789178447797894,352.1780921933241,345.9495506286621,0.9823142276514919,0,0,345.9495506286621,0.9999999403953552,,
1114,,,,,1.3245784640312195,73.7564811706543,0.3178989780135453,352.49599117133766,346.2668037414551,0.9823283453261862,0,0,346.2668037414551,0.9999999403953552,,
1115,,,,,1.324585497379303,73.81865692138672,0.3179005580022931,352.81389172933996,346.5840811729431,0.9823425020883899,0,0,346.5840811729431,0.9999998807907104,,
1116,,,,,1.3246272206306458,73.88084030151367,0.31791054736822844,353.1318022767082,346.9013557434082,0.9823565974711649,0,0,346.9013557434082,0.9999998211860657,,
1117,,,,,1.3245424628257751,73.9430160522461,0.31789015466347337,353.44969243137166,347.21860551834106,0.9823706540238637,0,0,347.21860551834106,0.9999998211860657,,
1118,,,,,1.324579119682312,74.00520706176758,0.31789884949103,353.7675912808627,347.53587341308594,0.9823847123892412,0,0,347.53587341308594,0.9999999403953552,,
1119,,,,,1.3245769739151,74.06740188598633,0.3178984238766134,354.0854897047393,347.8531494140625,0.982398769585631,0,0,347.8531494140625,1.0000001192092896,,
1120,3.8360738685881475,5.297187924385071,14.374065518379211,1.220508635044098,1.3245761394500732,74.12960052490234,0.317898184992373,354.4033878897317,348.17039585113525,0.9824127188069186,0,0,348.17039585113525,0.9999999403953552,,
1121,,,,,1.3245275020599365,74.19179153442383,0.3178864805959165,354.7212743703276,348.4876608848572,0.9824267278681358,0,0,348.4876608848572,0.9999995827674866,,
1122,,,,,1.3245446681976318,74.25400161743164,0.31789072696119547,355.0391650972888,348.8048973083496,0.9824406195095917,0,0,348.8048973083496,1.0,,
1123,,,,,1.324483871459961,74.31620788574219,0.3178761131130159,355.3570412104018,349.122163772583,0.9824546112366795,0,0,349.122163772583,0.9999999403953552,,
1124,,,,,1.3244718313217163,74.37841415405273,0.3178732697851956,355.674914480187,349.4394073486328,0.9824685214568245,0,0,349.4394073486328,0.9999999403953552,,
1125,,,,,1.324493944644928,74.44062805175781,0.31787851452827454,355.9927929947153,349.7566452026367,0.9824823762873982,0,0,349.7566452026367,0.9999999403953552,,
1126,,,,,1.324640929698944,74.50284957885742,0.31791374273598194,356.31070673745126,350.0739531517029,0.9824963059828989,0,0,350.0739531517029,0.999999463558197,,
1127,,,,,1.3246574401855469,74.5650863647461,0.31791785452514887,356.6286245919764,350.3912544250488,0.9825101807964381,0,0,350.3912544250488,0.9999998807907104,,
1128,,,,,1.3246193528175354,74.6273193359375,0.31790856225416064,356.94653315423056,350.70853900909424,0.982524009716486,0,0,350.70853900909424,0.9999999403953552,,
1129,,,,,1.3247161507606506,74.68955993652344,0.317931829020381,357.26446498325095,351.02585077285767,0.9825378261152092,0,0,351.02585077285767,0.9999999403953552,,
1130,3.879926128818061,5.352019667625427,15.085819959640503,1.3082623407244682,1.3246153593063354,74.75180435180664,0.31790766632184386,357.5823726495728,351.3431386947632,0.9825516176634216,0,0,351.3431386947632,0.9999998807907104,,
1131,,,,,1.3245697617530823,74.81404495239258,0.3178967288695276,357.9002693784423,351.6604266166687,0.9825654147379905,0,0,351.6604266166687,0.9999997615814209,,
1132,,,,,1.3245312571525574,74.87629318237305,0.31788741843774915,358.21815679688007,351.9776587486267,0.9825790571196733,0,0,351.9776587486267,0.9999998807907104,,
1133,,,,,1.324603796005249,74.93854141235352,0.3179049976170063,358.5360617944971,352.2949585914612,0.9825928159867664,0,0,352.2949585914612,0.9999999403953552,,
1134,,,,,1.324603796005249,75.00080108642578,0.3179047014564276,358.8539664959535,352.61223220825195,0.9826064782043508,0,0,352.61223220825195,0.9999999403953552,,
1135,,,,,1.3245545625686646,75.06305694580078,0.31789304222911596,359.1718595381826,352.92952489852905,0.9826202012382572,0,0,352.92952489852905,1.0,,
1136,,,,,1.324577271938324,75.12532043457031,0.31789851700887084,359.4897580551915,353.24678325653076,0.9826337895342675,0,0,353.24678325653076,0.9999998807907104,,
1137,,,,,1.3245707750320435,75.18758773803711,0.3178969114087522,359.80765496660024,353.564067363739,0.9826474297678803,0,0,353.564067363739,0.9999999403953552,,
1138,,,,,1.3245621919631958,75.24985885620117,0.3178949085995555,360.1255498751998,353.88135147094727,0.9826610513849477,0,0,353.88135147094727,0.9999999403953552,,
1139,,,,,1.3246684074401855,75.31213760375977,0.31792051810771227,360.4434703933075,354.1986584663391,0.9826746426557396,0,0,354.1986584663391,0.9999999403953552,,
1140,3.929689510188413,5.401925086975098,15.83292031288147,1.2849593609571457,1.3246011137962341,75.37441635131836,0.31790427723899484,360.7613746705465,354.5159339904785,0.9826881669752688,0,0,354.5159339904785,0.9999999403953552,,
1141,,,,,1.3244684338569641,75.43669128417969,0.31787242740392685,361.07924709795043,354.8332099914551,0.9827017554824966,0,0,354.8332099914551,0.9999998211860657,,
1142,,,,,1.324523150920868,75.49898529052734,0.3178856307640672,361.3971327287145,355.15046548843384,0.9827152274476655,0,0,355.15046548843384,0.9999998807907104,,
1143,,,,,1.3244717717170715,75.56127166748047,0.3178732469677925,361.7150059756823,355.4677391052246,0.9827287594729242,0,0,355.4677391052246,0.9999999403953552,,
1144,,,,,1.3245344161987305,75.62356567382812,0.3178879604674876,362.0328939361498,355.78502655029297,0.9827422659915546,0,0,355.78502655029297,0.9999998807907104,,
1145,,,,,1.3244717717170715,75.68585586547852,0.31787317153066397,362.35076710768044,356.10227966308594,0.9827556941731583,0,0,356.10227966308594,0.9999998807907104,,
1146,,,,,1.3246353268623352,75.74816513061523,0.3179124901071191,362.66867959778756,356.4195785522461,0.9827691184899866,0,0,356.4195785522461,0.9999993443489075,,
1147,,,,,1.3247038125991821,75.81047821044922,0.31792888417840004,362.98660848196596,356.736900806427,0.9827825392741715,0,0,356.736900806427,0.9999999403953552,,
1148,,,,,1.324686050415039,75.87279891967773,0.3179245898500085,363.30453307181597,357.0542335510254,0.9827959770610513,0,0,357.0542335510254,0.9999999403953552,,
1149,,,,,1.3247812986373901,75.93512725830078,0.3179474864155054,363.6224805582315,357.3715863227844,0.9828093845412096,0,0,357.3715863227844,0.9999999403953552,,
1150,3.992425447947792,5.459445238113403,16.646169424057007,1.481852076947689,1.3247110247612,75.99745559692383,0.3179304599761963,363.94041101820767,357.6888885498047,0.9828226756932161,0,0,357.6888885498047,0.9999998807907104,,
1151,,,,,1.3245948553085327,76.05978393554688,0.317902690730989,364.25831370893866,358.00619888305664,0.9828360408243728,0,0,358.00619888305664,0.9999998211860657,,
1152,,,,,1.3246170282363892,76.12210845947266,0.31790826888754964,364.5762219778262,358.3234977722168,0.9828493362192153,0,0,358.3234977722168,0.9999999403953552,,
1153,,,,,1.3246014714241028,76.18444061279297,0.3179041864350438,364.89412616426125,358.64080810546875,0.982862650806337,0,0,358.64080810546875,0.9999998807907104,,
1154,,,,,1.324645221233368,76.24678039550781,0.3179149297066033,365.21204109396785,358.9581184387207,0.9828759133009006,0,0,358.9581184387207,0.9999999403953552,,
1155,,,,,1.3245636820793152,76.30912399291992,0.3178952210582793,365.52993631502613,359.2754135131836,0.9828891639768372,0,0,359.2754135131836,0.9999998211860657,,
1156,,,,,1.324571669101715,76.37146759033203,0.3178970590233803,365.8478333740495,359.5927047729492,0.9829023762600613,0,0,359.5927047729492,0.9999998211860657,,
1157,,,,,1.3246043920516968,76.4338150024414,0.31790527468547225,366.165738648735,359.9100036621094,0.9829155643842807,0,0,359.9100036621094,1.0,,
1158,,,,,1.3246217966079712,76.49616622924805,0.3179092379286885,366.4836478866637,360.22730255126953,0.9829287189988626,0,0,360.22730255126953,0.9999999403953552,,
1159,,,,,1.324601411819458,76.55852508544922,0.31790447141975164,366.8015523580834,360.5446124076843,0.9829418934838862,0,0,360.5446124076843,0.9999999403953552,,
1160,4.056637512450199,5.518694758415222,17.303789377212524,1.6097622513771057,1.3246284127235413,76.62088394165039,0.31791082257404923,367.1194631806575,360.86193466186523,0.9829550619175046,0,0,360.86193466186523,1.0,,
1161,,,,,1.324548065662384,76.68324661254883,0.31789157167077065,367.43735475232825,361.17923307418823,0.9829681941773195,0,0,361.17923307418823,0.9999997615814209,,
1162,,,,,1.3245269060134888,76.74560928344727,0.31788644986227155,367.7552412021905,361.4964985847473,0.9829812279575285,0,0,361.4964985847473,0.9999998807907104,,
1163,,,,,1.3245097994804382,76.80797576904297,0.31788243679329753,368.0731236389838,361.8137969970703,0.9829943393311873,0,0,361.8137969970703,0.9999999403953552,,
1164,,,,,1.324505090713501,76.87034606933594,0.3178812856785953,368.3910049246624,362.13108825683594,0.9830074117333357,0,0,362.13108825683594,1.0,,
1165,,,,,1.3244792819023132,76.93272018432617,0.3178749713115394,368.70887989597395,362.4483599662781,0.9830204254059105,0,0,362.4483599662781,1.0,,
1166,,,,,1.3246371746063232,76.9951057434082,0.3179129920899868,369.02679288806394,362.76569414138794,0.9830334846484272,0,0,362.76569414138794,0.999999463558197,,
1167,,,,,1.324650764465332,77.0574951171875,0.3179161474108696,369.3447090354748,363.08300399780273,0.983046447168486,0,0,363.08300399780273,0.9999999403953552,,
1168,,,,,1.3246419429779053,77.1198959350586,0.31791412457823753,369.66262316005304,363.40034008026123,0.983059463717863,0,0,363.40034008026123,0.9999998807907104,,
1169,,,,,1.3246319890022278,77.18228912353516,0.3179117301478982,369.98053489020094,363.71764755249023,0.9830723869309224,0,0,363.71764755249023,0.9999999403953552,,
1170,4.130413729197792,5.593530774116516,18.116066932678223,1.8881585001945496,1.3246228694915771,77.24468994140625,0.3179093087092042,370.29844419891015,364.034969329834,0.9830853330139495,0,0,364.034969329834,1.0,,
1171,,,,,1.3246352672576904,77.30709457397461,0.3179125268943608,370.6163567258045,364.3523139953613,0.9830983101075634,0,0,364.3523139953613,0.9999999403953552,,
1172,,,,,1.3245968222618103,77.36950302124023,0.3179033827036619,370.93426010850817,364.6696357727051,0.9831112274882037,0,0,364.6696357727051,0.9999999403953552,,
1173,,,,,1.3246116638183594,77.43191146850586,0.317906835116446,371.2521669436246,364.98692321777344,0.9831240211271183,0,0,364.98692321777344,0.9999999403953552,,
1174,,,,,1.3246082067489624,77.49432373046875,0.31790593219920993,371.5700728758238,365.304256439209,0.9831369184603039,0,0,365.304256439209,0.9999999403953552,,
1175,,,,,1.3245734572410583,77.5567398071289,0.317897682543844,371.88797055836767,365.6215443611145,0.9831496937428615,0,0,365.6215443611145,0.9999999403953552,,
1176,,,,,1.3245925903320312,77.61915969848633,0.31790215289220214,372.2058727112599,365.93888092041016,0.983162566068074,0,0,365.93888092041016,0.9999999403953552,,
1177,,,,,1.3246453404426575,77.68159103393555,0.3179150349460542,372.5237877462059,366.25621271133423,0.9831753696246032,0,0,366.25621271133423,0.9999999403953552,,
1178,,,,,1.3246185183525085,77.74402236938477,0.31790849193930626,372.84169623814523,366.5735411643982,0.983188159647937,0,0,366.5735411643982,1.0,,
1179,,,,,1.3245736956596375,77.80644989013672,0.31789771374315023,373.1595939518884,366.89084243774414,0.9832008834403613,0,0,366.89084243774414,1.0,,
1180,4.181271463624668,5.641573786735535,18.70049524307251,2.1155767738819122,1.324607491493225,77.8688850402832,0.3179058413952589,373.47749979328364,367.20816135406494,0.983213611415173,0,0,367.20816135406494,0.9999999403953552,,
1181,,,,,1.3245356678962708,77.93132400512695,0.3178885215893388,373.795388314873,367.52546310424805,0.9832263173740807,0,0,367.52546310424805,0.9999994039535522,,
1182,,,,,1.3244855999946594,77.9937629699707,0.31787667283788323,374.11326498771086,367.8427619934082,0.9832390252334152,0,0,367.8427619934082,0.9999998211860657,,
1183,,,,,1.3245320320129395,78.05620193481445,0.31788770481944084,374.4311526925303,368.16007232666016,0.9832517131099379,0,0,368.16007232666016,1.0,,
1184,,,,,1.3245334029197693,78.11865234375,0.3178878794424236,374.7490405719727,368.4773597717285,0.9832643179268108,0,0,368.4773597717285,1.0,,
1185,,,,,1.3245079517364502,78.18110275268555,0.31788193341344595,375.0669225053862,368.79467010498047,0.9832769779896636,0,0,368.79467010498047,1.0,,
1186,,,,,1.324701964855194,78.24356460571289,0.3179282848723233,375.3848507902585,369.11204385757446,0.9832896641420676,0,0,369.11204385757446,0.9999991655349731,,
1187,,,,,1.3246610760688782,78.30603408813477,0.3179187709465623,375.70276956120506,369.42936611175537,0.9833022166518027,0,0,369.42936611175537,0.9999999403953552,,
1188,,,,,1.324632167816162,78.36850357055664,0.31791167613118887,376.02068123733625,369.7467155456543,0.983314838771533,0,0,369.7467155456543,0.9999999403953552,,
1189,,,,,1.3246638178825378,78.43097305297852,0.31791948433965445,376.3386007216759,370.06404066085815,0.9833273545451184,0,0,370.06404066085815,0.9999999403953552,,
1190,4.226446362985558,5.679238557815552,19.27474570274353,1.6093016564846039,1.3246712684631348,78.49345397949219,0.3179209758527577,376.65652169752866,370.3813934326172,0.9833399187232136,0,0,370.3813934326172,0.9999998807907104,,
1191,,,,,1.3245904445648193,78.55592727661133,0.31790148187428713,376.97442317940295,370.69872665405273,0.9833524606989992,0,0,370.69872665405273,0.9999997615814209,,
1192,,,,,1.3246589303016663,78.61841201782227,0.3179180952720344,377.292341274675,371.0160713195801,0.9833649685708126,0,0,371.0160713195801,0.9999999403953552,,
1193,,,,,1.3245902061462402,78.68088912963867,0.31790165649726987,377.61024293117225,371.33341789245605,0.9833775032425133,0,0,371.33341789245605,0.9999999403953552,,
1194,,,,,1.3246365785598755,78.7433853149414,0.3179126614704728,377.9281555926427,371.6507296562195,0.9833898960859891,0,0,371.6507296562195,1.0,,
1195,,,,,1.3246039748191833,78.80587387084961,0.31790508795529604,378.246060680598,371.96810150146484,0.9834024466300114,0,0,371.96810150146484,1.0000001192092896,,
1196,,,,,1.324630856513977,78.86837005615234,0.31791138043627143,378.5639720610343,372.28540420532227,0.9834147771074719,0,0,372.28540420532227,0.9999997615814209,,
1197,,,,,1.3246696591377258,78.93087387084961,0.3179207192733884,378.8818927803077,372.6027593612671,0.9834272010917067,0,0,372.6027593612671,0.9999998807907104,,
1198,,,,,1.3245941996574402,78.99337005615234,0.3179025095887482,379.19979528989643,372.92010498046875,0.9834396263198721,0,0,372.92010498046875,0.9999998807907104,,
1199,,,,,1.3246140480041504,79.05587768554688,0.31790729938074946,379.5177025892772,373.2374267578125,0.9834519554987338,0,0,373.2374267578125,0.9999999403953552,,
1200,4.273437046086487,5.7105138301849365,19.8033549785614,1.434079870581627,1.324684202671051,79.11839294433594,0.3179241679608822,379.83562675723806,373.55478286743164,0.9834643107508668,0,0,373.55478286743164,0.9999999403953552,7d2934a7f570fce04a9c3ff32f914db1dbb3abc4a7aaaee77c953cacd986cb39,True
1201,,,,,1.3244819045066833,79.1808967590332,0.3178755799308419,380.1535023371689,373.872097492218,0.9834766619106912,0,0,373.872097492218,0.9999995231628418,,
1202,,,,,1.3245486617088318,79.24341583251953,0.3178914417512715,380.4713937789202,374.18941497802734,0.9834889589503696,0,0,374.18941497802734,1.0,,
1203,,,,,1.3245320916175842,79.30592727661133,0.31788769783452153,380.7892814767547,374.5067458152771,0.9835012801906765,0,0,374.5067458152771,0.9999999403953552,,
1204,,,,,1.3245586156845093,79.36844635009766,0.3178941556252539,381.10717563237995,374.82405853271484,0.9835135166656456,0,0,374.82405853271484,0.9999999403953552,,
1205,,,,,1.3245320916175842,79.43096923828125,0.3178877839818597,381.4250634163618,375.1413812637329,0.9835257754266382,0,0,375.1413812637329,0.9999998807907104,,
1206,,,,,1.3246631622314453,79.4935073852539,0.31791898235678673,381.7429823987186,375.4587450027466,0.9835380408135196,0,0,375.4587450027466,0.9999993443489075,,
1207,,,,,1.3246416449546814,79.55604553222656,0.31791401701048017,382.0608964157291,375.77610540390015,0.983550289833924,0,0,375.77610540390015,0.9999999403953552,,
1208,,,,,1.3246574401855469,79.61857986450195,0.31791786197572947,382.3788142777048,376.093448638916,0.9835624637032715,0,0,376.093448638916,1.0,,
1209,,,,,1.3247030377388,79.6811294555664,0.3179286774247885,382.6967429551296,376.41083908081055,0.9835747129024899,0,0,376.41083908081055,0.9999998807907104,,
1210,4.3264089151207665,5.746397972106934,20.384534120559692,1.40666963160038,1.3247013688087463,79.7436752319336,0.317928240634501,383.0146711957641,376.728196144104,0.9835868557409698,0,0,376.728196144104,0.9999999403953552,,
1211,,,,,1.3246415853500366,79.80622482299805,0.317914015147835,383.33258521091193,377.04555225372314,0.9835990124509487,0,0,377.04555225372314,0.9999998211860657,,
1212,,,,,1.3246169686317444,79.86877822875977,0.31790821673348546,383.6504934276454,377.36289644241333,0.9836111328072125,0,0,377.36289644241333,0.9999999403953552,,
1213,,,,,1.3246555924415588,79.93133544921875,0.3179175052791834,383.9684109329246,377.68024492263794,0.9836232204753267,0,0,377.68024492263794,0.9999999403953552,,
1214,,,,,1.3246347904205322,79.993896484375,0.3179121492430568,384.28632308216766,377.99760007858276,0.9836353192246157,0,0,377.99760007858276,0.9999998807907104,,
1215,,,,,1.324618935585022,80.05645751953125,0.3179084393195808,384.60423152148724,378.3149528503418,0.9836474012616393,0,0,378.3149528503418,0.9999999403953552,,
1216,,,,,1.3246324062347412,80.11902236938477,0.31791180465370417,384.92214332614094,378.6323170661926,0.9836594844723703,0,0,378.6323170661926,0.9999999403953552,,
1217,,,,,1.3246259093284607,80.18159103393555,0.3179103257134557,385.2400536518544,378.94966173171997,0.9836715007681415,0,0,378.94966173171997,1.0,,
1218,,,,,1.3246201276779175,80.24416732788086,0.3179088714532554,385.55796252330765,379.26701831817627,0.9836835318768651,0,0,379.26701831817627,1.0000001192092896,,
1219,,,,,1.324595332145691,80.3067398071289,0.3179028667509556,385.8758653900586,379.58435440063477,0.983695505332874,0,0,379.58435440063477,1.0,,
1220,4.385074837369273,5.798508405685425,21.144023656845093,1.7687191665172577,1.3246681094169617,80.36931991577148,0.31792036443948746,386.1937857544981,379.90171813964844,0.9837074861198039,0,0,379.90171813964844,0.9999999403953552,,
1221,,,,,1.324533998966217,80.4318962097168,0.3178883567452431,386.51167411124334,380.21905517578125,0.9837194595740671,0,0,380.21905517578125,0.9999997615814209,,
1222,,,,,1.324522614479065,80.49448013305664,0.31788538536056876,386.8295594966039,380.5363802909851,0.9837313900886754,0,0,380.5363802909851,0.9999999403953552,,
1223,,,,,1.3244868516921997,80.55706405639648,0.3178769233636558,387.14743641996756,380.85371017456055,0.9837433348297294,0,0,380.85371017456055,1.0,,
1224,,,,,1.3245278000831604,80.6196517944336,0.3178864954970777,387.46532291546464,381.1710433959961,0.9837552442832599,0,0,381.1710433959961,1.0,,
1225,,,,,1.3245237469673157,80.68224334716797,0.31788568617776036,387.7832086016424,381.4883761405945,0.9837671350346802,0,0,381.4883761405945,0.9999998807907104,,
1226,,,,,1.3246566653251648,80.7448501586914,0.31791764311492443,388.1011262447573,381.8057556152344,0.9837790457079123,0,0,381.8057556152344,0.9999995827674866,,
1227,,,,,1.3246818780899048,80.80745315551758,0.3179235621355474,388.4190498068929,382.1231269836426,0.983790901022024,0,0,382.1231269836426,1.0,,
1228,,,,,1.3246639370918274,80.87006378173828,0.3179194568656385,388.7369692637585,382.44047927856445,0.9838026982689086,0,0,382.44047927856445,0.9999999403953552,,
1229,,,,,1.3246738910675049,80.93267822265625,0.31792182195931673,389.0548910857178,382.75788259506226,0.9838146013970321,0,0,382.75788259506226,1.0,,
1230,4.45681126405835,5.853465437889099,21.731573820114136,1.6857977509498596,1.324637234210968,80.99528884887695,0.3179127611219883,389.3728038468398,383.0752372741699,0.9838263830692499,0,0,383.0752372741699,1.0,,
1231,,,,,1.3246800899505615,81.05791091918945,0.31792311230674386,389.69072695914656,383.3926167488098,0.9838381830137877,0,0,383.3926167488098,0.9999998807907104,,
1232,,,,,1.324575126171112,81.12052536010742,0.317898026201874,390.00862498534843,383.7099828720093,0.9838499927698348,0,0,383.7099828720093,0.9999998211860657,,
1233,,,,,1.324608862400055,81.18315124511719,0.3179061687551439,390.3265311541036,384.0273103713989,0.9838616638123974,0,0,384.0273103713989,1.0,,
1234,,,,,1.324582040309906,81.24577713012695,0.31789953960105777,390.64443069370463,384.3446717262268,0.9838734192209223,0,0,384.3446717262268,0.9999999403953552,,
1235,,,,,1.3246075510978699,81.30840301513672,0.31790571473538876,390.96233640844,384.6620297431946,0.983885131434593,0,0,384.6620297431946,0.9999998807907104,,
1236,,,,,1.3245601058006287,81.37103652954102,0.31789443269371986,391.28023084113374,384.97938537597656,0.9838968468925371,0,0,384.97938537597656,0.9999996423721313,,
1237,,,,,1.324597954750061,81.43367004394531,0.31790334451943636,391.5981341856532,385.2967529296875,0.9839085513799224,0,0,385.2967529296875,0.9999999403953552,,
1238,,,,,1.324577510356903,81.49630737304688,0.3178984196856618,391.91603260533884,385.61409759521484,0.9839201908423301,0,0,385.61409759521484,1.0,,
1239,,,,,1.3245583176612854,81.55894470214844,0.3178940061479807,392.2339266114868,385.9314422607422,0.9839318225091009,0,0,385.9314422607422,1.0,,
1240,4.546353583063579,5.90544855594635,22.337870121002197,1.786281406879425,1.324626624584198,81.62158584594727,0.31791038205847144,392.5518369935453,386.24881315231323,0.9839434610992873,0,0,386.24881315231323,0.9999999403953552,,
1241,,,,,1.3245630264282227,81.68423461914062,0.31789522571489215,392.8697322192602,386.5661549568176,0.9839550447756928,0,0,386.5661549568176,0.9999998807907104,,
1242,,,,,1.3245911002159119,81.74688720703125,0.31790199782699347,393.1876342170872,386.8835039138794,0.9839666109648603,0,0,386.8835039138794,0.9999999403953552,,
1243,,,,,1.3245707154273987,81.80953979492188,0.31789698312059045,393.50553120020777,387.2008686065674,0.9839782109938533,0,0,387.2008686065674,1.0,,
1244,,,,,1.324590027332306,81.8722038269043,0.3179015605710447,393.8234327607788,387.5182456970215,0.983989812339104,0,0,387.5182456970215,1.0,,
1245,,,,,1.3245649337768555,81.93485641479492,0.3178956313058734,394.1413283920847,387.8355932235718,0.9840013347642623,0,0,387.8355932235718,0.9999998807907104,,
1246,,,,,1.3246989846229553,81.99752807617188,0.3179276017472148,394.4592559938319,388.15298080444336,0.9840128604068347,0,0,388.15298080444336,0.9999995231628418,,
1247,,,,,1.3246883749961853,82.06019973754883,0.3179253041744232,394.7771812980063,388.4703712463379,0.9840243804595469,0,0,388.4703712463379,1.0,,
1248,,,,,1.3246877789497375,82.12287521362305,0.3179249702952802,395.0951062683016,388.7877616882324,0.9840358828039065,0,0,388.7877616882324,0.9999998807907104,,
1249,,,,,1.3247066140174866,82.1855583190918,0.3179297037422657,395.4130359720439,389.10517501831055,0.9840474127560622,0,0,389.10517501831055,0.9999999403953552,,
1250,4.631023302622842,5.949013948440552,22.975198984146118,2.189640700817108,1.3247135877609253,82.24824142456055,0.3179312087595463,395.7309671808034,389.4225654602051,0.9840588626016797,0,0,389.4225654602051,0.9999999403953552,,
1251,,,,,1.3246280550956726,82.3109245300293,0.31791068287566304,396.0488778636791,389.7399353981018,0.9840702932940771,0,0,389.7399353981018,0.9999998211860657,,
1252,,,,,1.3246115446090698,82.37360763549805,0.31790663162246346,396.36678449530154,390.0573101043701,0.9840817277386995,0,0,390.0573101043701,0.9999998807907104,,
1253,,,,,1.3245993852615356,82.43629455566406,0.3179039666429162,396.68468846194446,390.3746829032898,0.9840931456590338,0,0,390.3746829032898,1.0,,
1254,,,,,1.3245660066604614,82.49898529052734,0.3178956797346473,397.0025841416791,390.69205617904663,0.9841045670363158,0,0,390.69205617904663,1.0,,
1255,,,,,1.3246345520019531,82.56167602539062,0.3179124207235873,397.3204965624027,391.00943994522095,0.9841159550745917,0,0,391.00943994522095,0.9999999403953552,,
1256,,,,,1.3246681094169617,82.6243782043457,0.31792052928358316,397.6384170916863,391.3268051147461,0.9841272580675074,0,0,391.3268051147461,0.9999996423721313,,
1257,,,,,1.32461816072464,82.68707656860352,0.31790833873674273,397.956325430423,391.64419507980347,0.9841386354550503,0,0,391.64419507980347,0.9999999403953552,,
1258,,,,,1.3246684670448303,82.74978256225586,0.3179203122854233,398.27424574270844,391.9615821838379,0.9841499579087781,0,0,391.9615821838379,0.9999999403953552,,
1259,,,,,1.3246771693229675,82.81249237060547,0.31792226107791066,398.59216800378636,392.2789764404297,0.9841612754335461,0,0,392.2789764404297,0.9999998807907104,,
1260,4.74760508746265,6.009499192237854,23.997268438339233,2.5026214122772217,1.3246292471885681,82.87520217895508,0.3179110139608383,398.9100790177472,392.59633779525757,0.984172520187915,0,0,392.59633779525757,0.9999998807907104,,
1261,,,,,1.3245587944984436,82.93790817260742,0.31789421010762453,399.2279732278548,392.9137210845947,0.9841838434010302,0,0,392.9137210845947,0.9999999403953552,,
1262,,,,,1.3245209455490112,83.00062561035156,0.3178849592804909,399.5458581871353,393.2310676574707,0.9841950794877019,0,0,393.2310676574707,1.0000001192092896,,
1263,,,,,1.3245399594306946,83.0633430480957,0.31788959028199315,399.8637477774173,393.54842805862427,0.9842063208933123,0,0,393.54842805862427,1.0000001192092896,,
1264,,,,,1.3246006965637207,83.12606430053711,0.31790433870628476,400.1816521161236,393.8658142089844,0.984217572510527,0,0,393.8658142089844,1.0000001192092896,,
1265,,,,,1.3245452046394348,83.18878173828125,0.31789097096771,400.4995430870913,394.1831798553467,0.9842287879205592,0,0,394.1831798553467,0.9999999403953552,,
1266,,,,,1.324691653251648,83.25151824951172,0.3179260999895632,400.81746918708086,394.50057220458984,0.9842399658994313,0,0,394.50057220458984,0.999999463558197,,
1267,,,,,1.3246357440948486,83.31425094604492,0.3179124463349581,401.1353816334158,394.8179740905762,0.9842511834355866,0,0,394.8179740905762,1.0000001192092896,,
1268,,,,,1.3246511816978455,83.37699127197266,0.3179164845496416,401.45329811796546,395.1353759765625,0.9842623733046342,0,0,395.1353759765625,0.9999999403953552,,
1269,,,,,1.3246716856956482,83.43972778320312,0.3179209642112255,401.7712190821767,395.4527759552002,0.984273529743092,0,0,395.4527759552002,0.9999999403953552,,
1270,4.864328655430362,6.065944314002991,25.264551639556885,3.057035058736801,1.324696958065033,83.50247192382812,0.3179275132715702,402.08914659544826,395.77016973495483,0.9842846370910575,0,0,395.77016973495483,1.0,,
1271,,,,,1.3246427178382874,83.56522369384766,0.3179142107255757,402.40706080617383,396.08758068084717,0.9842958020849153,0,0,396.08758068084717,0.9999998807907104,,
1272,,,,,1.3246129155158997,83.62796401977539,0.31790734687820077,402.72496815305203,396.4049377441406,0.984306832432325,0,0,396.4049377441406,1.0,,
1273,,,,,1.3246018290519714,83.69071197509766,0.3179044593125582,403.0428726123646,396.72233057022095,0.98431794116299,0,0,396.72233057022095,0.9999999403953552,,
1274,,,,,1.324620246887207,83.75346755981445,0.3179088421165943,403.3607814544812,397.0397138595581,0.9843289980445523,0,0,397.0397138595581,0.9999999403953552,,
1275,,,,,1.324642837047577,83.81622314453125,0.3179142437875271,403.6786956982687,397.3571000099182,0.9843400314266855,0,0,397.3571000099182,0.9999999403953552,,
1276,,,,,1.3245515823364258,83.87897872924805,0.3178922072984278,403.99658790556714,397.6744713783264,0.9843510645473087,0,0,397.6744713783264,0.9999997615814209,,
1277,,,,,1.3246349692344666,83.94174194335938,0.31791240349411964,404.31450030906126,397.9918670654297,0.9843620912957624,0,0,397.9918670654297,0.9999998807907104,,
1278,,,,,1.3246424198150635,84.00450897216797,0.31791428849101067,404.63241459755227,398.30926847457886,0.9843731102727807,0,0,398.30926847457886,1.0,,
1279,,,,,1.3246182799339294,84.06727600097656,0.31790826097130775,404.9503228585236,398.62665939331055,0.9843841006951776,0,0,398.62665939331055,1.0000001192092896,,
1280,4.923785748931358,6.1186747550964355,26.022717714309692,2.1679268181324005,1.3246129751205444,84.13004684448242,0.3179070916958153,405.2682299502194,398.9440383911133,0.9843950473001943,0,0,398.9440383911133,1.0,,
1281,,,,,1.3245295286178589,84.19281768798828,0.31788683496415615,405.58611678518355,399.2614269256592,0.9844060494238386,0,0,399.2614269256592,0.9999998211860657,,
1282,,,,,1.3245619535446167,84.2555923461914,0.3178947572596371,405.9040115424432,399.5787959098816,0.9844169669362797,0,0,399.5787959098816,1.0,,
1283,,,,,1.3245484232902527,84.31836700439453,0.3178916871547699,406.22190322959796,399.8961572647095,0.9844278560200774,0,0,399.8961572647095,0.9999999403953552,,
1284,,,,,1.3245337009429932,84.38114547729492,0.31788820726796985,406.5397914368659,400.2135314941406,0.9844387681698589,0,0,400.2135314941406,0.9999999403953552,,
1285,,,,,1.3245453238487244,84.44393157958984,0.31789085222408175,406.85768228909,400.53092193603516,0.9844496967159135,0,0,400.53092193603516,0.9999998211860657,,
1286,,,,,1.324661910533905,84.5067253112793,0.3179188696667552,407.17560115875676,400.8483352661133,0.9844605966697462,0,0,400.8483352661133,0.9999996423721313,,
1287,,,,,1.3246846795082092,84.56951904296875,0.31792436446994543,407.4935255232267,401.1657485961914,0.9844714663406949,0,0,401.1657485961914,0.9999999403953552,,
1288,,,,,1.3246776461601257,84.63231658935547,0.317922520916909,407.8114480441436,401.48316192626953,0.9844823235143951,0,0,401.48316192626953,0.9999998807907104,,
1289,,,,,1.3247007131576538,84.69512176513672,0.3179282434284687,408.1293762875721,401.80057525634766,0.9844931499692732,0,0,401.80057525634766,0.9999999403953552,,
1290,4.992511075489708,6.170597434043884,26.37882137298584,2.115647792816162,1.324701726436615,84.75792694091797,0.31792834866791964,408.44730463624,402.1179828643799,0.9845039453069767,0,0,402.1179828643799,0.9999998807907104,,
1291,,,,,1.3246952891349792,84.82073211669922,0.317926911637187,408.7652315478772,402.43541193008423,0.9845147798069206,0,0,402.43541193008423,0.9999999403953552,,
1292,,,,,1.324613094329834,84.88354110717773,0.31790698738768697,409.0831385352649,402.75282621383667,0.9845256092830051,0,0,402.75282621383667,0.9999999403953552,,
1293,,,,,1.3246259093284607,84.94635009765625,0.3179103401489556,409.40104887541384,403.07021713256836,0.9845363568065185,0,0,403.07021713256836,1.0,,
1294,,,,,1.32468181848526,85.00917053222656,0.31792348995804787,409.7189723653719,403.3876419067383,0.9845471386836621,0,0,403.3876419067383,0.9999999403953552,,
1295,,,,,1.3246135711669922,85.07198333740234,0.3179070921614766,410.03687945753336,403.7050395011902,0.9845578769287264,0,0,403.7050395011902,0.9999999403953552,,
1296,,,,,1.3246362805366516,85.13479995727539,0.3179128095507622,410.3547922670841,404.02242279052734,0.9845685499575297,0,0,404.02242279052734,0.9999997615814209,,
1297,,,,,1.3246095180511475,85.1976203918457,0.31790634989738464,410.6726986169815,404.3398246765137,0.9845792672320415,0,0,404.3398246765137,0.9999998807907104,,
1298,,,,,1.3246470093727112,85.26045227050781,0.3179150903597474,410.99061370734125,404.6572389602661,0.9845899771531376,0,0,404.6572389602661,0.9999998211860657,,
1299,,,,,1.3246135115623474,85.32327270507812,0.3179074805229902,411.30852118786424,404.9746479988098,0.9846006759821967,0,0,404.9746479988098,0.9999999403953552,,
1300,5.082838113691069,6.217899799346924,27.008116245269775,2.4408136755228043,1.3246238231658936,85.3861083984375,0.31790963374078274,411.626430821605,405.29203033447266,0.9846112882632684,0,0,405.29203033447266,1.0,0084d7951fde2da5b4981317f9691bf12f93fa9001bc03d1990150f1274f0839,True
1301,,,,,1.3245259523391724,85.44893646240234,0.3178860563784838,411.9443168779835,405.60940980911255,0.9846219335737351,0,0,405.60940980911255,0.9999998807907104,,
1302,,,,,1.3245712518692017,85.51176452636719,0.3178971577435732,412.2622140357271,405.9268112182617,0.9846325891586142,0,0,405.9268112182617,0.9999999403953552,,
1303,,,,,1.3245381712913513,85.57460021972656,0.3178890743292868,412.58010311005637,406.24419116973877,0.9846431956059973,0,0,406.24419116973877,1.0,,
1304,,,,,1.3245527744293213,85.63743591308594,0.31789274560287595,412.89799585565925,406.5615944862366,0.9846538335544773,0,0,406.5615944862366,0.9999999403953552,,
1305,,,,,1.3245381116867065,85.70027923583984,0.3178890934213996,413.21588494908065,406.87897205352783,0.9846644015238313,0,0,406.87897205352783,1.0,,
1306,,,,,1.3246365189552307,85.76313018798828,0.31791264144703746,413.5337975905277,407.19638538360596,0.9846749836558755,0,0,407.19638538360596,0.9999998211860657,,
1307,,,,,1.3246458172798157,85.82597732543945,0.3179148486815393,413.8517124392092,407.5137972831726,0.9846855408216569,0,0,407.5137972831726,1.0,,
1308,,,,,1.324652910232544,85.88883590698242,0.31791668152436614,414.1696291207336,407.83122205734253,0.9846961085078878,0,0,407.83122205734253,0.9999999403953552,,
1309,,,,,1.3246489763259888,85.95169448852539,0.3179158684797585,414.48754498921335,408.14863681793213,0.984706637755672,0,0,408.14863681793213,1.0,,
1310,5.17751896061587,6.274045705795288,27.539479732513428,2.4708198457956314,1.324670135974884,86.01455688476562,0.31792072718963027,414.805465716403,408.4660611152649,0.9847171623204376,0,0,408.4660611152649,1.0,,
1311,,,,,1.3246346712112427,86.07741928100586,0.31791241047903895,415.123378126882,408.78347396850586,0.984727662925215,0,0,408.78347396850586,0.9999998211860657,,
1312,,,,,1.324661135673523,86.14028549194336,0.317918443121016,415.44129657000303,409.1009030342102,0.9847381721842728,0,0,409.1009030342102,0.9999999403953552,,
1313,,,,,1.324613094329834,86.20315170288086,0.31790723744779825,415.75920380745083,409.4183077812195,0.9847486334201059,0,0,409.4183077812195,1.0,,
1314,,,,,1.3246485590934753,86.26602172851562,0.3179156919941306,416.07711949944496,409.73571395874023,0.9847590620980681,0,0,409.73571395874023,0.9999999403953552,,
1315,,,,,1.3246003985404968,86.32889556884766,0.3179041538387537,416.3950236532837,410.05315017700195,0.9847695742839535,0,0,410.05315017700195,0.9999999403953552,,
1316,,,,,1.3246384263038635,86.39176940917969,0.31791353365406394,416.7129371869378,410.3705406188965,0.9847799384131021,0,0,410.3705406188965,0.9999998211860657,,
1317,,,,,1.3246383666992188,86.45465087890625,0.3179131499491632,417.03085033688694,410.6879496574402,0.9847903322396321,0,0,410.6879496574402,1.0,,
1318,,,,,1.3246172070503235,86.51753234863281,0.31790825072675943,417.3487585876137,411.00537109375,0.9848007514977835,0,0,411.00537109375,0.9999999403953552,,
1319,,,,,1.3245824575424194,86.58041000366211,0.31789996195584536,417.66665854956955,411.32276916503906,0.9848111184968369,0,0,411.32276916503906,1.0,,
1320,5.261091441525564,6.342162370681763,28.087754726409912,2.618987888097763,1.3246464133262634,86.64330291748047,0.3179150400683284,417.9845735896379,411.6402053833008,0.9848215254647967,0,0,411.6402053833008,1.0,,
1321,,,,,1.3245485424995422,86.70618438720703,0.3178915688768029,418.3024651585147,411.95759630203247,0.9848318635796736,0,0,411.95759630203247,0.9999998807907104,,
1322,,,,,1.3245351314544678,86.76907348632812,0.3178885639645159,418.6203537224792,412.27496337890625,0.9848421361093671,0,0,412.27496337890625,0.9999999403953552,,
1323,,,,,1.3245644569396973,86.83196640014648,0.3178955717012286,418.9382492941804,412.5923767089844,0.9848524869813428,0,0,412.5923767089844,1.0,,
1324,,,,,1.324571967124939,86.89486312866211,0.31789729092270136,419.2561465851031,412.9097900390625,0.984862818117913,0,0,412.9097900390625,0.9999999403953552,,
1325,,,,,1.324583113193512,86.95775985717773,0.3178998436778784,419.574046428781,413.22719144821167,0.9848730991952629,0,0,413.22719144821167,0.9999999403953552,,
1326,,,,,1.3247101306915283,87.02066802978516,0.31793060433119535,419.8919770331122,413.544629573822,0.9848833799965875,0,0,413.544629573822,0.9999995827674866,,
1327,,,,,1.3246603608131409,87.08358001708984,0.3179185539484024,420.2098955870606,413.8620648384094,0.9848936666763074,0,0,413.8620648384094,0.9999999403953552,,
1328,,,,,1.3246748447418213,87.14648818969727,0.31792175117880106,420.5278173382394,414.1795001029968,0.984903930314466,0,0,414.1795001029968,0.9999999403953552,,
1329,,,,,1.3246561884880066,87.20940017700195,0.31791768688708544,420.8457350251265,414.49692726135254,0.984914168695577,0,0,414.49692726135254,1.0,,
1330,5.33694304812002,6.400095105171204,28.807366371154785,2.3600208461284637,1.3246443271636963,87.2723159790039,0.31791446451097727,421.16364948963746,414.8143620491028,0.9849244172705083,0,0,414.8143620491028,0.9999999403953552,,
1331,,,,,1.3246213793754578,87.33523559570312,0.3179093045182526,421.4815587941557,415.13180923461914,0.9849346918576841,0,0,415.13180923461914,0.9999998211860657,,
1332,,,,,1.3246502876281738,87.39815521240234,0.31791633553802967,421.79947512969375,415.44922256469727,0.9849448542745461,0,0,415.44922256469727,0.9999998807907104,,
1333,,,,,1.3246434330940247,87.4610824584961,0.3179144188761711,422.1173895485699,415.7666473388672,0.9849550329672618,0,0,415.7666473388672,1.0,,
1334,,,,,1.3246140480041504,87.52400588989258,0.31790742045268416,422.4352969690226,416.08406162261963,0.98496518782409,0,0,416.08406162261963,0.9999999403953552,,
1335,,,,,1.3246374726295471,87.58693313598633,0.3179129990749061,422.7532099680975,416.40149879455566,0.9849753685512591,0,0,416.40149879455566,1.0,,
1336,,,,,1.3245919346809387,87.64986419677734,0.3179020415991545,423.07111200969666,416.71890449523926,0.9849854851013491,0,0,416.71890449523926,0.9999997615814209,,
1337,,,,,1.3246150612831116,87.71279907226562,0.3179075759835541,423.3890195856802,417.03633165359497,0.984995624264647,0,0,417.03633165359497,1.0,,
1338,,,,,1.3246097564697266,87.77572631835938,0.3179065431468189,423.70692612882704,417.353759765625,0.9850057528649617,0,0,417.353759765625,1.0,,
1339,,,,,1.3245994448661804,87.83866500854492,0.31790369749069214,424.0248298263177,417.6711616516113,0.9850158110379765,0,0,417.6711616516113,1.0000001192092896,,
1340,5.397403095949535,6.456818461418152,29.13371992111206,2.299232989549637,1.3246057629585266,87.90160369873047,0.3179052942432463,424.342735120561,417.9885973930359,0.9850259302171844,0,0,417.9885973930359,0.9999999403953552,,
1341,,,,,1.324530839920044,87.96454620361328,0.3178872996941209,424.6606224202551,418.3059883117676,0.9850359704361762,0,0,418.3059883117676,0.9999999403953552,,
1342,,,,,1.3245382905006409,88.02748489379883,0.3178892331197858,424.9785116533749,418.6233901977539,0.9850460169600166,0,0,418.6233901977539,1.0,,
1343,,,,,1.3245569467544556,88.0904312133789,0.3178938589990139,425.2964055123739,418.94079208374023,0.9850560377509474,0,0,418.94079208374023,1.0,,
1344,,,,,1.3245919942855835,88.15338134765625,0.31790197640657425,425.61430748878047,419.25822353363037,0.9850660942470345,0,0,419.25822353363037,1.0,,
1345,,,,,1.3245546221733093,88.2163314819336,0.31789307622238994,425.93220056500286,419.5756416320801,0.9850761249689698,0,0,419.5756416320801,1.0,,
1346,,,,,1.3246589303016663,88.279296875,0.31791796116158366,426.25011852616444,419.8930892944336,0.985086152577007,0,0,419.8930892944336,0.9999995827674866,,
1347,,,,,1.3246411085128784,88.34225463867188,0.31791403191164136,426.5680325580761,420.2105140686035,0.985096120655483,0,0,420.2105140686035,1.0,,
1348,,,,,1.3246502876281738,88.40522003173828,0.3179160072468221,426.8859485653229,420.52795028686523,0.9851060961368566,0,0,420.52795028686523,0.9999999403953552,,
1349,,,,,1.3246410489082336,88.46818161010742,0.31791388103738427,427.2038624463603,420.84539794921875,0.9851160884624705,0,0,420.84539794921875,0.9999998807907104,,
1350,5.462627225473107,6.509766340255737,29.5893452167511,2.460348427295685,1.3246726989746094,88.53115463256836,0.31792160170152783,427.5217840480618,421.1628375053406,0.9851260291756095,0,0,421.1628375053406,1.0,,
1351,,,,,1.3246045112609863,88.59412384033203,0.31790523137897253,427.8396892794408,421.48026990890503,0.9851359760913084,0,0,421.48026990890503,0.9999998807907104,,
1352,,,,,1.3246301412582397,88.65709686279297,0.3179112235084176,428.1576005029492,421.7976951599121,0.9851458777432253,0,0,421.7976951599121,0.9999999403953552,,
1353,,,,,1.3246737122535706,88.72007751464844,0.31792170321568847,428.4755222061649,422.11515378952026,0.9851558185076783,0,0,422.11515378952026,0.9999998807907104,,
1354,,,,,1.3246403932571411,88.78305435180664,0.31791353365406394,428.79343573981896,422.43257904052734,0.985165685458039,0,0,422.43257904052734,0.9999999403953552,,
1355,,,,,1.3246363401412964,88.84603500366211,0.317912710364908,429.11134845018387,422.75002670288086,0.9851755919057393,0,0,422.75002670288086,0.9999999403953552,,
1356,,,,,1.324636161327362,88.90901947021484,0.31791263772174716,429.4292610879056,423.0674629211426,0.985185457202783,0,0,423.0674629211426,0.9999999403953552,,
1357,,,,,1.3246839046478271,88.97200775146484,0.3179241372272372,429.74718522513285,423.3849105834961,0.9851953081710012,0,0,423.3849105834961,1.0,,
1358,,,,,1.324659287929535,89.03499603271484,0.31791813345625997,430.0651033585891,423.7023482322693,0.9852051350443666,0,0,423.7023482322693,1.0,,
1359,,,,,1.324622392654419,89.09798812866211,0.3179095950908959,430.38301295368,424.01978302001953,0.9852149602978258,0,0,424.01978302001953,1.0000001192092896,,
1360,5.545767515874004,6.556586861610413,30.266480684280396,2.4357719719409943,1.324649155139923,89.16098403930664,0.31791563238948584,430.7009285860695,424.33722829818726,0.985224781593171,0,0,424.33722829818726,1.0,,
1361,,,,,1.3245832920074463,89.2239761352539,0.3179000657983124,431.0188286518678,424.6546597480774,0.9852345919000868,0,0,424.6546597480774,0.9999998211860657,,
1362,,,,,1.324588418006897,89.28697204589844,0.3179012890905142,431.3367299409583,424.9720916748047,0.9852443860576727,0,0,424.9720916748047,1.0,,
1363,,,,,1.3245396614074707,89.34997177124023,0.3178896442987025,431.654619585257,425.2895050048828,0.9852541492860868,0,0,425.2895050048828,1.0,,
1364,,,,,1.3245506882667542,89.41297149658203,0.3178925276733935,431.9725121129304,425.60691833496094,0.9852638915683914,0,0,425.60691833496094,1.0,,
1365,,,,,1.3245798349380493,89.4759750366211,0.3178992038592696,432.2904113167897,425.924355506897,0.9852736594584593,0,0,425.924355506897,0.9999999403953552,,
1366,,,,,1.3246720433235168,89.53898239135742,0.317921141628176,432.60833245841786,426.24181365966797,0.9852834115270703,0,0,426.24181365966797,0.9999995231628418,,
1367,,,,,1.3246521353721619,89.60199737548828,0.3179162642918527,432.9262487227097,426.5592637062073,0.9852931416487488,0,0,426.5592637062073,1.0,,
1368,,,,,1.3246439695358276,89.6650161743164,0.31791442167013884,433.24416314437985,426.8766975402832,0.9853028242599181,0,0,426.8766975402832,0.9999999403953552,,
1369,,,,,1.324675440788269,89.72803497314453,0.31792207760736346,433.5620852219872,427.19415187835693,0.9853125225643962,0,0,427.19415187835693,1.0,,
1370,5.631293121783698,6.608204126358032,31.04290199279785,2.3882814049720764,1.3246068954467773,89.79105377197266,0.3179058004170656,433.8799910224043,427.51160430908203,0.9853222392249141,0,0,427.51160430908203,1.0,,
1371,,,,,1.3246596455574036,89.85407257080078,0.31791821494698524,434.19790923735127,427.8290476799011,0.98533189261865,0,0,427.8290476799011,0.9999998807907104,,
1372,,,,,1.3246030807495117,89.91709518432617,0.317904491443187,434.51581372879446,428.1464772224426,0.985341531182273,0,0,428.1464772224426,0.9999998211860657,,
1373,,,,,1.3246580958366394,89.98012161254883,0.31791775207966566,434.8337314808741,428.46394634246826,0.985351216620859,0,0,428.46394634246826,0.9999998807907104,,
1374,,,,,1.3246150016784668,90.04315185546875,0.3179074050858617,435.15163888596,428.78138399124146,0.9853608390145832,0,0,428.78138399124146,0.9999998807907104,,
1375,,,,,1.3246214389801025,90.10618209838867,0.3179092276841402,435.4695481136441,429.0988202095032,0.9853704399498461,0,0,429.0988202095032,1.0,,
1376,,,,,1.324645757675171,90.16921615600586,0.317915263120085,435.7874633767642,429.4162702560425,0.9853800449619303,0,0,429.4162702560425,0.9999997615814209,,
1377,,,,,1.3246790170669556,90.23226165771484,0.3179230187088251,436.10538639547303,429.73374938964844,0.9853896851435638,0,0,429.73374938964844,1.0,,
1378,,,,,1.324645459651947,90.29529571533203,0.3179150759242475,436.4233014713973,430.05117416381836,0.9853992046572757,0,0,430.05117416381836,1.0000001192092896,,
1379,,,,,1.3246083855628967,90.35833358764648,0.3179061166010797,436.74120758799836,430.3686213493347,0.985408781841634,0,0,430.3686213493347,1.0,,
1380,5.707007905876494,6.665861248970032,31.07714009284973,2.5451168417930603,1.3246365785598755,90.42137908935547,0.31791244307532907,437.0591200310737,430.6860694885254,0.9854183330115701,0,0,430.6860694885254,0.9999999403953552,,
1381,,,,,1.3246210813522339,90.48442459106445,0.31790895061567426,437.37702898168936,431.00351667404175,0.9854278759849653,0,0,431.00351667404175,0.9999998807907104,,
1382,,,,,1.3245539665222168,90.54747009277344,0.317892674356699,437.69492165604606,431.3209629058838,0.9854374395616768,0,0,431.3209629058838,0.9999999403953552,,
1383,,,,,1.3245726227760315,90.61051940917969,0.3178973556496203,438.0128190116957,431.6383857727051,0.9854469253813747,0,0,431.6383857727051,1.0,,
1384,,,,,1.3245501518249512,90.67356872558594,0.31789192790165544,438.33071093959734,431.9558262825012,0.9854564498950301,0,0,431.9558262825012,0.9999999403953552,,
1385,,,,,1.3245964050292969,90.73662185668945,0.3179033542983234,438.64861429389566,432.27327251434326,0.9854659479779369,0,0,432.27327251434326,0.9999999403953552,,
1386,,,,,1.3246318697929382,90.79967880249023,0.3179115103557706,438.96652580425143,432.5907096862793,0.985475393354216,0,0,432.5907096862793,0.9999998211860657,,
1387,,,,,1.3246354460716248,90.86274337768555,0.3179124854505062,439.28443828970194,432.9081802368164,0.9854848988557126,0,0,432.9081802368164,0.9999999403953552,,
1388,,,,,1.3246641755104065,90.92581176757812,0.3179195933043957,439.60235788300633,433.2256278991699,0.9854943226088553,0,0,433.2256278991699,1.0,,
1389,,,,,1.3246129155158997,90.98887634277344,0.31790720764547586,439.9202650906518,433.54308700561523,0.9855037865015756,0,0,433.54308700561523,1.0,,
1390,5.77743200375581,6.7175291776657104,31.378922939300537,2.247269719839096,1.3246514797210693,91.05194473266602,0.3179162130691111,440.2381813037209,433.86054611206055,0.9855132165665988,0,0,433.86054611206055,1.0,,
1391,,,,,1.32461816072464,91.11501693725586,0.31790844444185495,440.5560897481628,434.17800521850586,0.9855226504000799,0,0,434.17800521850586,0.9999998807907104,,
1392,,,,,1.32462477684021,91.1780891418457,0.3179099508561194,440.8739996990189,434.49544191360474,0.9855320164269842,0,0,434.49544191360474,1.0000001192092896,,
1393,,,,,1.3245803713798523,91.24116134643555,0.31789907068014145,441.19189876969904,434.8128890991211,0.9855414170378755,0,0,434.8128890991211,0.9999999403953552,,
1394,,,,,1.3246028423309326,91.30423736572266,0.31790496967732906,441.50980373937637,435.1303391456604,0.9855507974235544,0,0,435.1303391456604,1.0,,
1395,,,,,1.3245869874954224,91.36731719970703,0.31790062272921205,441.8277043621056,435.44778633117676,0.9855601675315021,0,0,435.44778633117676,0.9999999403953552,,
1396,,,,,1.3246387839317322,91.43040084838867,0.3179133012890816,442.14561766339466,435.7652430534363,0.9855695174732756,0,0,435.7652430534363,0.9999999403953552,,
1397,,,,,1.3246533274650574,91.49348449707031,0.3179167537018657,442.4635344170965,436.0827007293701,0.9855788484442372,0,0,436.0827007293701,0.9999999403953552,,
1398,,,,,1.3246333003044128,91.55657196044922,0.31791210314258933,442.7814465202391,436.4001512527466,0.985588160213931,0,0,436.4001512527466,1.0,,
1399,,,,,1.3246548175811768,91.61965942382812,0.3179171117953956,443.0993636320345,436.7176194190979,0.9855974872980471,0,0,436.7176194190979,1.0,,
1400,5.855198023012118,6.7746158838272095,31.81359028816223,2.398854911327362,1.3246181011199951,91.6827507019043,0.3179083690047264,443.41727200103924,437.0350685119629,0.9856067774259764,0,0,437.0350685119629,1.0,5c3ea17aa544def2ceac3d3a8f72d9360c0b713d903f1567b67330e7bc39e753,True
1401,,,,,1.3246001601219177,91.74584579467773,0.31790392752736807,443.7351759285666,437.35252380371094,0.9856160780774248,0,0,437.35252380371094,0.9999998807907104,,
1402,,,,,1.3245803117752075,91.80894088745117,0.31789927184581757,444.0530752004124,437.6699752807617,0.9856253671551067,0,0,437.6699752807617,0.9999999403953552,,
1403,,,,,1.324558973312378,91.87203598022461,0.3178943549282849,444.3709695553407,437.9874014854431,0.9856345969758413,0,0,437.9874014854431,1.0,,
1404,,,,,1.3246297240257263,91.93513870239258,0.317911340855062,444.68888089619577,438.30486536026,0.9856438606626033,0,0,438.30486536026,1.0,,
1405,,,,,1.3246026039123535,91.99823760986328,0.31790453288704157,445.0067854290828,438.62231731414795,0.9856530994043611,0,0,438.62231731414795,1.0000001192092896,,
1406,,,,,1.324634075164795,92.06134796142578,0.3179120826534927,445.3246975117363,438.93978929519653,0.9856623532172892,0,0,438.93978929519653,0.9999998211860657,,
1407,,,,,1.3246383666992188,92.12445449829102,0.3179133031517267,445.64261081488803,439.2572603225708,0.9856715889877716,0,0,439.2572603225708,0.9999998807907104,,
1408,,,,,1.3246047496795654,92.18756484985352,0.31790512753650546,445.96051594242454,439.57471656799316,0.9856807965141542,0,0,439.57471656799316,0.9999999403953552,,
1409,,,,,1.3246139287948608,92.25067901611328,0.31790735106915236,446.2784232934937,439.8921890258789,0.9856900223396732,0,0,439.8921890258789,0.9999999403953552,,
1410,5.954982997696713,6.850424528121948,32.9878990650177,2.7672510147094727,1.3245989680290222,92.31379318237305,0.3179038562811911,446.5963271497749,440.2096371650696,0.9856991882905378,0,0,440.2096371650696,1.0,,
1411,,,,,1.324646770954132,92.37691116333008,0.31791527569293976,446.9142424254678,440.5271005630493,0.9857083501573913,0,0,440.5271005630493,0.9999998807907104,,
1412,,,,,1.324635088443756,92.44003295898438,0.31791231920942664,447.23215474467725,440.84457874298096,0.9857175385670918,0,0,440.84457874298096,1.0000001192092896,,
1413,,,,,1.3245834708213806,92.50315475463867,0.317900100722909,447.55005484540015,441.16201400756836,0.9857266449446879,0,0,441.16201400756836,0.9999999403953552,,
1414,,,,,1.3246363401412964,92.56627655029297,0.31791273644194007,447.8679675818421,441.4794726371765,0.9857357627535638,0,0,441.4794726371765,0.9999999403953552,,
1415,,,,,1.3246231079101562,92.62940979003906,0.317909499630332,448.1858770814724,441.7969551086426,0.9857449279427664,0,0,441.7969551086426,0.9999998807907104,,
1416,,,,,1.3246253728866577,92.69253540039062,0.3179101091809571,448.5037871906534,442.1144151687622,0.9857540288301375,0,0,442.1144151687622,0.9999998807907104,,
1417,,,,,1.3246868252754211,92.75566864013672,0.3179248948581517,448.82171208551154,442.43190574645996,0.9857631523453679,0,0,442.43190574645996,0.9999998807907104,,
1418,,,,,1.3246655464172363,92.81880569458008,0.3179197791032493,449.1396318646148,442.74937200546265,0.9857722200273803,0,0,442.74937200546265,0.9999999403953552,,
1419,,,,,1.3246397376060486,92.88193893432617,0.31791362818330526,449.4575454927981,443.0668396949768,0.9857812915548779,0,0,443.0668396949768,1.0000001192092896,,
1420,6.0435048218583995,6.927177786827087,33.51865744590759,3.0369057655334473,1.3246594667434692,92.94508361816406,0.31791822286322713,449.7754637156613,443.3843078613281,0.9857903412481954,0,0,443.3843078613281,0.9999999403953552,,
1421,,,,,1.3246093392372131,93.00822067260742,0.31790596805512905,450.09336968371645,443.70177602767944,0.9857994049978354,0,0,443.70177602767944,0.9999998211860657,,
1422,,,,,1.3245889544487,93.07136535644531,0.3179014972411096,450.41127118095756,444.01923751831055,0.9858084509166736,0,0,444.01923751831055,1.0,,
1423,,,,,1.3245946764945984,93.13450622558594,0.31790254218503833,450.7291737231426,444.33668184280396,0.9858174437045288,0,0,444.33668184280396,1.0,,
1424,,,,,1.3245902061462402,93.19765090942383,0.3179017878137529,451.04707551095635,444.6541452407837,0.9858264677518824,0,0,444.6541452407837,1.0,,
1425,,,,,1.324627935886383,93.26079940795898,0.3179106800816953,451.36498619103804,444.97161626815796,0.9858354765689,0,0,444.97161626815796,1.0,,
1426,,,,,1.324626624584198,93.32395553588867,0.3179104872979224,451.68289667833596,445.28909730911255,0.9858444952947206,0,0,445.28909730911255,0.9999998211860657,,
1427,,,,,1.324584186077118,93.3871078491211,0.31790015613660216,452.00079683447257,445.6065559387207,0.9858534742847046,0,0,445.6065559387207,0.9999999403953552,,
1428,,,,,1.3245953917503357,93.45026397705078,0.31790302926674485,452.3186998637393,445.92401218414307,0.9858624291201676,0,0,445.92401218414307,1.0,,
1429,,,,,1.324626386165619,93.51342010498047,0.3179101748391986,452.6366100385785,446.2414975166321,0.9858714200749198,0,0,446.2414975166321,1.0,,
1430,6.123838629855578,6.998539447784424,34.12361145019531,2.477156698703766,1.324636697769165,93.57658386230469,0.3179131499491632,452.9545231885277,446.55896043777466,0.9858803424552798,0,0,446.55896043777466,0.9999999403953552,,
1431,,,,,1.3246120810508728,93.63974380493164,0.3179069790057838,453.27243016753346,446.87644958496094,0.9858893236012402,0,0,446.87644958496094,0.9999998211860657,,
1432,,,,,1.3246518969535828,93.70291137695312,0.3179163974709809,453.59034656500444,447.19388914108276,0.985898162356491,0,0,447.19388914108276,0.9999999403953552,,
1433,,,,,1.3246574401855469,93.76607894897461,0.3179178345017135,453.90826439950615,447.51138401031494,0.9859071074688298,0,0,447.51138401031494,0.9999999403953552,,
1434,,,,,1.324612319469452,93.82925033569336,0.3179069235920906,454.22617132309824,447.8288731575012,0.9859160511448216,0,0,447.8288731575012,0.9999998807907104,,
1435,,,,,1.3246225714683533,93.89242172241211,0.31790923746302724,454.54408056056127,448.14634370803833,0.9859249363788127,0,0,448.14634370803833,0.9999999403953552,,
1436,,,,,1.3246567249298096,93.95560073852539,0.31791753554716706,454.86199809610844,448.46381855010986,0.9859338006411174,0,0,448.46381855010986,0.9999998807907104,,
1437,,,,,1.324660062789917,94.01877975463867,0.3179184370674193,455.17991653317586,448.7812852859497,0.9859426327594557,0,0,448.7812852859497,1.0,,
1438,,,,,1.3246516585350037,94.08195877075195,0.3179164477623999,455.49783298093826,449.09878730773926,0.9859515343216402,0,0,449.09878730773926,1.0,,
1439,,,,,1.3246222734451294,94.14513778686523,0.3179092672653496,455.8157422482036,449.4162378311157,0.9859603260178667,0,0,449.4162378311157,1.0,,
1440,6.199093858939243,7.046634912490845,34.54411268234253,2.0628781020641327,1.3246465921401978,94.20832061767578,0.31791498325765133,456.13365723146126,449.7337417602539,0.9859692101870905,0,0,449.7337417602539,1.0,,
1441,,,,,1.3246546387672424,94.27151107788086,0.3179170941002667,456.4515743255615,450.0512170791626,0.9859780147415267,0,0,450.0512170791626,0.9999998807907104,,
1442,,,,,1.324565827846527,94.3346939086914,0.3178957113996148,456.76947003696114,450.3686876296997,0.9859868427573663,0,0,450.3686876296997,0.9999999403953552,,
1443,,,,,1.324571967124939,94.39788055419922,0.3178973472677171,457.08736738422886,450.68614196777344,0.9859956194959212,0,0,450.68614196777344,0.9999998807907104,,
1444,,,,,1.3245941400527954,94.4610710144043,0.3179026977159083,457.40527008194476,451.0036187171936,0.9860044214977993,0,0,451.0036187171936,0.9999999403953552,,
1445,,,,,1.3246098160743713,94.52426147460938,0.3179065706208348,457.7231766525656,451.32108545303345,0.986013181053332,0,0,451.32108545303345,0.9999999403953552,,
1446,,,,,1.3246046900749207,94.58745574951172,0.3179050297476351,458.04108168231323,451.6385545730591,0.9860219369718112,0,0,451.6385545730591,0.9999995231628418,,
1447,,,,,1.324615478515625,94.65065383911133,0.31790751637890935,458.35898919869214,451.95602464675903,0.9860306774759063,0,0,451.95602464675903,1.0000001192092896,,
1448,,,,,1.324585199356079,94.7138557434082,0.317900313064456,458.6768895117566,452.2734842300415,0.9860393984782354,0,0,452.2734842300415,1.0000001192092896,,
1449,,,,,1.324631690979004,94.77706146240234,0.3179113520309329,458.99480086378753,452.59098720550537,0.986048178222865,0,0,452.59098720550537,0.9999998807907104,,
1450,6.25494208063579,7.091191291809082,34.71485376358032,1.6964270770549774,1.3246116042137146,94.84025955200195,0.3179066553711891,459.3127075191587,452.9084544181824,0.9860568780350798,0,0,452.9084544181824,1.0,,
1451,,,,,1.3246160745620728,94.90347290039062,0.31790797086432576,459.63061549002305,453.2259292602539,0.9860655795895102,0,0,453.2259292602539,0.9999999403953552,,
1452,,,,,1.324646532535553,94.96667861938477,0.3179151313379407,459.948530621361,453.5434322357178,0.9860743149304307,0,0,453.5434322357178,1.0,,
1453,,,,,1.3246204257011414,95.0298957824707,0.3179086521267891,460.2664392734878,453.86090421676636,0.9860829847450244,0,0,453.86090421676636,1.0,,
1454,,,,,1.3246020674705505,95.09310531616211,0.3179044723510742,460.58434374583885,454.1783766746521,0.9860916525753148,0,0,454.1783766746521,1.0,,
1455,,,,,1.3246166706085205,95.15631866455078,0.317908005323261,460.9022517511621,454.49585723876953,0.986100318477393,0,0,454.49585723876953,1.0,,
1456,,,,,1.3246376514434814,95.21953964233398,0.3179129189811647,461.2201646701433,454.81336212158203,0.9861090146543261,0,0,454.81336212158203,0.9999999403953552,,
1457,,,,,1.3246806263923645,95.28276062011719,0.3179232832044363,461.5380879533477,455.1308469772339,0.9861176333148859,0,0,455.1308469772339,0.9999999403953552,,
1458,,,,,1.324639618396759,95.34598159790039,0.31791351083666086,461.8560014641844,455.44834661483765,0.9861262929808553,0,0,455.44834661483765,0.9999999403953552,,
1459,,,,,1.324667513370514,95.40920639038086,0.3179200398735702,462.17392150405794,455.76583099365234,0.9861348937872724,0,0,455.76583099365234,1.0000001192092896,,
1460,6.324526503361554,7.134341359138489,35.24734401702881,1.9046718180179596,1.3246537446975708,95.47243118286133,0.31791695207357407,462.4918384561315,456.08331298828125,0.9861434841980262,0,0,456.08331298828125,1.0,,
1461,,,,,1.3245977759361267,95.53565979003906,0.31790346279740334,462.8097419189289,456.4007959365845,0.9861520936102764,0,0,456.4007959365845,0.9999997615814209,,
1462,,,,,1.3246201276779175,95.59889221191406,0.31790904561057687,463.1276509645395,456.7182822227478,0.9861606865225081,0,0,456.7182822227478,0.9999999403953552,,
1463,,,,,1.3245805501937866,95.6621208190918,0.3178994245827198,463.4455503891222,457.03575897216797,0.9861692675405483,0,0,457.03575897216797,1.0000001192092896,,
1464,,,,,1.324594795703888,95.72535705566406,0.31790259294211864,463.76345298206434,457.3532404899597,0.9861778403388903,0,0,457.3532404899597,0.9999999403953552,,
1465,,,,,1.3245936036109924,95.78859329223633,0.3179023484699428,464.0813553305343,457.6707010269165,0.9861863567023654,0,0,457.6707010269165,0.9999999403953552,,
1466,,,,,1.324598252773285,95.85183334350586,0.3179036336950958,464.3992589642294,457.98820209503174,0.9861949459534076,0,0,457.98820209503174,0.9999995231628418,,
1467,,,,,1.3246428966522217,95.91506958007812,0.31791428104043007,464.7171732452698,458.3056859970093,0.9862034639187357,0,0,458.3056859970093,0.9999999403953552,,
1468,,,,,1.3246382474899292,95.97831344604492,0.3179133553057909,465.0350866005756,458.6231756210327,0.9862119845054806,0,0,458.6231756210327,1.0,,
1469,,,,,1.3246219158172607,96.04156112670898,0.3179094083607197,465.3529960089363,458.94065284729004,0.9862204751733796,0,0,458.94065284729004,0.9999999403953552,,
1470,6.40374277629067,7.178091883659363,35.729875564575195,2.146429806947708,1.3246359825134277,96.10480499267578,0.31791257858276367,465.6709085875191,459.2581624984741,0.9862290171647243,0,0,459.2581624984741,1.0,,
1471,,,,,1.3246539235115051,96.16806030273438,0.3179167937487364,465.9888253812678,459.5756559371948,0.9862375037881502,0,0,459.5756559371948,0.9999999403953552,,
1472,,,,,1.3246194124221802,96.2313117980957,0.31790861766785383,466.30673399893567,459.89313983917236,0.9862459756805079,0,0,459.89313983917236,1.0,,
1473,,,,,1.3246158957481384,96.29455947875977,0.31790780555456877,466.62464180449024,460.2106475830078,0.9862544888399383,0,0,460.2106475830078,1.0000001192092896,,
1474,,,,,1.324656069278717,96.35781860351562,0.31791747733950615,466.94255928182974,460.5281295776367,0.986262914834622,0,0,460.5281295776367,1.0000001192092896,,
1475,,,,,1.3246307373046875,96.42107772827148,0.31791134644299746,467.26047062827274,460.8456153869629,0.9862713504682185,0,0,460.8456153869629,1.0,,
1476,,,,,1.3246493339538574,96.48434066772461,0.31791594345122576,467.57838657172397,461.16313457489014,0.9862798363203412,0,0,461.16313457489014,0.9999998807907104,,
1477,,,,,1.3246795535087585,96.54759979248047,0.31792322313413024,467.8963097948581,461.4806213378906,0.9862882259965219,0,0,461.4806213378906,0.9999999403953552,,
1478,,,,,1.3246732354164124,96.61086654663086,0.3179215653799474,468.21423136023805,461.79812717437744,0.986296648508052,0,0,461.79812717437744,1.0,,
1479,,,,,1.324665606021881,96.67413711547852,0.31792002357542515,468.53215138381347,462.1156311035156,0.9863050587641689,0,0,462.1156311035156,0.9999999403953552,,
1480,6.469163644899568,7.221749186515808,36.0821590423584,1.818791538476944,1.3246934413909912,96.73740768432617,0.3179263980127871,468.85007778182626,462.43314838409424,0.986313472681732,0,0,462.43314838409424,0.9999999403953552,,
1481,,,,,1.3246068358421326,96.80067825317383,0.3179058055393398,469.1679835873656,462.75061798095703,0.9863218168525888,0,0,462.75061798095703,0.9999998211860657,,
1482,,,,,1.324631690979004,96.86394882202148,0.31791161885485053,469.48589520622045,463.06812286376953,0.9863302126688323,0,0,463.06812286376953,0.9999999403953552,,
1483,,,,,1.3245834112167358,96.92721939086914,0.31790008349344134,469.8037952897139,463.38562774658203,0.986338621340479,0,0,463.38562774658203,0.9999999403953552,,
1484,,,,,1.3246224522590637,96.99049758911133,0.31790921511128545,470.1217045048252,463.70310974121094,0.9863469507956969,0,0,463.70310974121094,1.0,,
1485,,,,,1.3246253728866577,97.05377578735352,0.317910123616457,470.43961462844163,464.02061462402344,0.986355315741237,0,0,464.02061462402344,1.0,,
1486,,,,,1.3246565461158752,97.11705780029297,0.3179173367097974,470.75753196515143,464.33811950683594,0.9863636542754419,0,0,464.33811950683594,0.9999997615814209,,
1487,,,,,1.3246129155158997,97.18033981323242,0.31790713127702475,471.07543909642845,464.65560150146484,0.986371954336489,0,0,464.65560150146484,0.9999998807907104,,
1488,,,,,1.324637770652771,97.24362564086914,0.31791286217048764,471.39335195859894,464.97308444976807,0.9863802332337607,0,0,464.97308444976807,1.0,,
1489,,,,,1.324635624885559,97.30691146850586,0.3179126866161823,471.7112646452151,465.29061126708984,0.9863885943386249,0,0,465.29061126708984,1.0000001192092896,,
1490,6.530052057395419,7.2507336139678955,36.661412715911865,2.0256393253803253,1.3246778845787048,97.37019729614258,0.3179227514192462,472.02918739663437,465.6080961227417,0.9863968342523315,0,0,465.6080961227417,1.0,,
1491,,,,,1.3246459364891052,97.4334945678711,0.3179148999042809,472.34710229653865,465.92562103271484,0.9864051642688105,0,0,465.92562103271484,0.9999999403953552,,
1492,,,,,1.3246346712112427,97.49678421020508,0.31791256042197347,472.6650148569606,466.24310302734375,0.9864133971676298,0,0,466.24310302734375,0.9999999403953552,,
1493,,,,,1.324618935585022,97.56007766723633,0.3179086674936116,472.98292352445424,466.56060791015625,0.9864216755090378,0,0,466.56060791015625,0.9999999403953552,,
1494,,,,,1.3246667385101318,97.62337493896484,0.31791993929073215,473.30084346374497,466.8781337738037,0.986429963566219,0,0,466.8781337738037,0.9999999403953552,,
1495,,,,,1.3246691823005676,97.68667602539062,0.3179207597859204,473.6187642235309,467.1956491470337,0.9864382166381678,0,0,467.1956491470337,0.9999999403953552,,
1496,,,,,1.3246865272521973,97.7499771118164,0.3179248101077974,473.9366890336387,467.51314544677734,0.9864464099625627,0,0,467.51314544677734,0.9999999403953552,,
1497,,,,,1.3246768116950989,97.81328582763672,0.3179227290675044,474.2546117627062,467.83065032958984,0.9864546147284877,0,0,467.83065032958984,0.9999999403953552,,
1498,,,,,1.3246574997901917,97.87659072875977,0.3179179346188903,474.5725296973251,468.14817810058594,0.9864628666963984,0,0,468.14817810058594,1.0,,
1499,,,,,1.324692964553833,97.93989944458008,0.31792630022391677,474.890455997549,468.46570587158203,0.986471090238122,0,0,468.46570587158203,1.0000001192092896,,
1500,6.596311628486056,7.288127303123474,36.92438077926636,1.7808013260364532,1.3246985077857971,98.00320816040039,0.31792749324813485,475.20838349079713,468.7832336425781,0.9864793002997506,0,0,468.7832336425781,1.0000001192092896,fc9a3715b57eb5d9e58c572ee4be6eede1efabd4f75d53b1895ab9eeb35575ee,True
1501,,,,,1.324612557888031,98.0665168762207,0.3179069901816547,475.5262904809788,469.10069274902344,0.9864873975202147,0,0,469.10069274902344,0.9999996423721313,,
1502,,,,,1.324598789215088,98.12982940673828,0.3179039163514972,475.8441943973303,469.41819763183594,0.9864955864941589,0,0,469.41819763183594,0.9999998807907104,,
1503,,,,,1.3246026635169983,98.19314193725586,0.31790471728891134,476.1620991146192,469.73570251464844,0.9865037628741954,0,0,469.73570251464844,0.9999999403953552,,
1504,,,,,1.3246150612831116,98.2564582824707,0.31790775898844004,476.48000687360764,470.05318450927734,0.9865118740102015,0,0,470.05318450927734,1.0,,
1505,,,,,1.3246439695358276,98.31977844238281,0.3179145376197994,476.79792141122743,470.3707103729248,0.9865200523121402,0,0,470.3707103729248,0.9999999403953552,,
1506,,,,,1.3246408104896545,98.38309478759766,0.31791393645107746,477.1158353476785,470.68821716308594,0.9865281809816484,0,0,470.68821716308594,0.9999998211860657,,
1507,,,,,1.3246448040008545,98.44641494750977,0.31791495624929667,477.4337503039278,471.00574493408203,0.9865363406634852,0,0,471.00574493408203,1.0,,
1508,,,,,1.3246549367904663,98.5097427368164,0.31791724683716893,477.751667550765,471.32324981689453,0.9865444368476466,0,0,471.32324981689453,0.9999999403953552,,
1509,,,,,1.3246797323226929,98.57307052612305,0.3179232426919043,478.0695907934569,471.6407518386841,0.9865525039061702,0,0,471.6407518386841,0.9999999403953552,,
1510,6.650851995663181,7.321667194366455,37.323179721832275,1.8658840656280518,1.3246673941612244,98.63639831542969,0.31792039377614856,478.38751118723303,471.9582691192627,0.9865605980139079,0,0,471.9582691192627,1.0,,
1511,,,,,1.324640691280365,98.69973373413086,0.31791386753320694,478.70542505476624,472.27580547332764,0.9865687346645298,0,0,472.27580547332764,0.9999999403953552,,
1512,,,,,1.3246641159057617,98.7630615234375,0.3179194675758481,479.0233445223421,472.59330558776855,0.9865767733282681,0,0,472.59330558776855,1.0,,
1513,,,,,1.324683427810669,98.82640075683594,0.3179239258170128,479.3412684481591,472.9107971191406,0.9865847742468788,0,0,472.9107971191406,1.0,,
1514,,,,,1.3246490955352783,98.88973617553711,0.3179157106205821,479.6591841587797,473.22832584381104,0.9865928589978986,0,0,473.22832584381104,1.0,,
1515,,,,,1.3246558904647827,98.95307922363281,0.3179172342643142,479.977101393044,473.5458526611328,0.9866009259332441,0,0,473.5458526611328,1.0,,
1516,,,,,1.3246720433235168,99.01641845703125,0.3179214261472225,480.2950228191912,473.86336040496826,0.9866089338663724,0,0,473.86336040496826,0.9999998807907104,,
1517,,,,,1.3246955275535583,99.07976150512695,0.31792684365063906,480.61294966284186,474.18090438842773,0.9866169954868521,0,0,474.18090438842773,0.9999999403953552,,
1518,,,,,1.324709177017212,99.14310836791992,0.31793008651584387,480.9308797493577,474.4984302520752,0.9866250021195647,0,0,474.4984302520752,1.0,,
1519,,,,,1.324676513671875,99.20645523071289,0.3179225572384894,481.2488023065962,474.8159513473511,0.9866330037011752,0,0,474.8159513473511,1.0,,
1520,6.711493868276892,7.37972617149353,38.05940771102905,2.039628356695175,1.3246930837631226,99.26980590820312,0.3179262918420136,481.5667285984382,475.1334686279297,0.9866409791448155,0,0,475.1334686279297,0.9999999403953552,,
1521,,,,,1.3246398568153381,99.3331527709961,0.31791337160393596,481.88464197004214,475.4509963989258,0.986648992288247,0,0,475.4509963989258,0.9999998211860657,,
1522,,,,,1.324637234210968,99.39650344848633,0.3179129674099386,482.2025549374521,475.76850032806396,0.9866569462490224,0,0,475.76850032806396,0.9999999403953552,,
1523,,,,,1.3246278762817383,99.45985794067383,0.3179106945171952,482.5204656319693,476.0860300064087,0.9866649477403321,0,0,476.0860300064087,1.0,,
1524,,,,,1.3246591687202454,99.5232162475586,0.31791802728548646,482.83838365925476,476.4035339355469,0.9866728703817175,0,0,476.4035339355469,1.0,,
1525,,,,,1.3246329426765442,99.58656692504883,0.3179117380641401,483.1562953973189,476.7210521697998,0.9866808250480765,0,0,476.7210521697998,0.9999999403953552,,
1526,,,,,1.3246846795082092,99.64993286132812,0.31792458705604076,483.47421998437494,477.03858947753906,0.9866887824814219,0,0,477.03858947753906,0.9999998807907104,,
1527,,,,,1.3246791362762451,99.71329879760742,0.31792285200208426,483.792142836377,477.35611057281494,0.9866966994837288,0,0,477.35611057281494,1.0000001192092896,,
1528,,,,,1.3246523141860962,99.77665328979492,0.31791680213063955,484.11005963850766,477.6736478805542,0.9867046519075422,0,0,477.6736478805542,1.0,,
1529,,,,,1.3246501088142395,99.84002304077148,0.31791629176586866,484.42797593027353,477.99115657806396,0.9867125358731613,0,0,477.99115657806396,0.9999999403953552,,
1530,6.766557532889276,7.429679036140442,38.64652872085571,1.8089690506458282,1.324682593345642,99.90339279174805,0.3179238149896264,484.74589974526316,478.3086967468262,0.986720459106883,0,0,478.3086967468262,1.0,,
1531,,,,,1.324675738811493,99.96675872802734,0.3179221907630563,485.0638219360262,478.62622833251953,0.9867283575637255,0,0,478.62622833251953,0.9999999403953552,,
1532,,,,,1.3246847987174988,100.0301284790039,0.3179245851933956,485.3817465212196,478.94373321533203,0.9867361857918422,0,0,478.94373321533203,0.9999999403953552,,
1533,,,,,1.3246523141860962,100.09350204467773,0.3179165734909475,485.69966309471056,479.2612609863281,0.9867440671723753,0,0,479.2612609863281,1.0,,
1534,,,,,1.324647307395935,100.15687561035156,0.3179152812808752,486.01757837599143,479.5787887573242,0.9867519408656305,0,0,479.5787887573242,0.9999999403953552,,
1535,,,,,1.3246663212776184,100.22025299072266,0.31792008643969893,486.33549846243113,479.8963165283203,0.9867597945153714,0,0,479.8963165283203,1.0,,
1536,,,,,1.3246924877166748,100.28363037109375,0.31792632723227143,486.6534247896634,480.2138442993164,0.9867676252496708,0,0,480.2138442993164,0.9999998211860657,,
1537,,,,,1.324716031551361,100.34701538085938,0.3179317666217685,486.9713565562852,480.5313720703125,0.986775434737034,0,0,480.5313720703125,1.0000001192092896,,
1538,,,,,1.3246790766716003,100.41039657592773,0.3179231253452599,487.28927968163043,480.8489007949829,0.9867832534898853,0,0,480.8489007949829,1.0000001192092896,,
1539,,,,,1.3246700763702393,100.47378158569336,0.31792095862329006,487.6072006402537,481.16642570495605,0.9867910586085652,0,0,481.16642570495605,1.0,,
1540,6.83370943310093,7.497281908988953,39.68253517150879,2.243514358997345,1.324680209159851,100.53716659545898,0.31792315654456615,487.9251237967983,481.4839553833008,0.9867988588835589,0,0,481.4839553833008,1.0,,
1541,,,,,1.3246612548828125,100.60055160522461,0.3179190969094634,488.24304289370775,481.8014831542969,0.9868066532986641,0,0,481.8014831542969,0.9999997615814209,,
1542,,,,,1.3246486186981201,100.66394424438477,0.31791567150503397,488.5609585652128,482.11901092529297,0.9868144444884845,0,0,482.11901092529297,1.0000001192092896,,
1543,,,,,1.3246579766273499,100.72733688354492,0.3179177101701498,488.87887627538294,482.43653869628906,0.9868222214300256,0,0,482.43653869628906,0.9999999403953552,,
1544,,,,,1.324627935886383,100.79072570800781,0.31791065400466323,489.1967869293876,482.75406646728516,0.9868300024974747,0,0,482.75406646728516,0.9999999403953552,,
1545,,,,,1.3246342539787292,100.85412216186523,0.3179123685695231,489.5146992979571,483.07155323028564,0.986837686229008,0,0,483.07155323028564,1.0,,
1546,,,,,1.3246882557868958,100.91751480102539,0.31792510068044066,489.83262439863756,483.38910007476807,0.9868454569930266,0,0,483.38910007476807,0.9999995827674866,,
1547,,,,,1.324672520160675,100.98091506958008,0.31792145408689976,490.15054585272446,483.70664978027344,0.9868532308553457,0,0,483.70664978027344,0.9999999403953552,,
1548,,,,,1.3246675729751587,101.04431915283203,0.3179204394109547,490.4684662921354,484.0241575241089,0.9868609111269773,0,0,484.0241575241089,1.0,,
1549,,,,,1.3246874809265137,101.10771942138672,0.31792496936395764,490.7863912614994,484.3417282104492,0.9868687005878748,0,0,484.3417282104492,1.0000001192092896,,
1550,6.895572527597942,7.532159090042114,40.49398756027222,1.965617060661316,1.3246607184410095,101.17112350463867,0.31791869131848216,491.10430995281786,484.6592626571655,0.986876418787136,0,0,484.6592626571655,1.0000001192092896,,
1551,,,,,1.3246678709983826,101.23452758789062,0.3179202498868108,491.42223020270467,484.9767837524414,0.9868840967011085,0,0,484.9767837524414,0.9999999403953552,,
1552,,,,,1.3247051239013672,101.29793930053711,0.31792928930372,491.7401594920084,485.2943344116211,0.9868918066666608,0,0,485.2943344116211,0.9999998807907104,,
1553,,,,,1.3246703743934631,101.3613510131836,0.3179208296351135,492.0580803216435,485.6118392944336,0.9868994306058398,0,0,485.6118392944336,0.9999999403953552,,
1554,,,,,1.3246735334396362,101.42475891113281,0.3179213902913034,492.3760017119348,485.9293899536133,0.9869071365462403,0,0,485.9293899536133,1.0,,
1555,,,,,1.324682593345642,101.48817443847656,0.31792375864461064,492.6939254705794,486.2469024658203,0.9869147503724499,0,0,486.2469024658203,1.0,,
1556,,,,,1.3246785998344421,101.55158996582031,0.31792284408584237,493.01184831466526,486.56446838378906,0.9869224645352496,0,0,486.56446838378906,0.9999998211860657,,
1557,,,,,1.324708640575409,101.61500549316406,0.31792990444228053,493.32977821910754,486.88201904296875,0.9869301237005886,0,0,486.88201904296875,0.9999999403953552,,
1558,,,,,1.3247204422950745,101.67843246459961,0.31793306255713105,493.64771128166467,487.19954681396484,0.986937720320916,0,0,487.19954681396484,0.9999999403953552,,
1559,,,,,1.3247173428535461,101.74185180664062,0.31793232448399067,493.96564360614866,487.51709842681885,0.9869453569032578,0,0,487.51709842681885,1.0,,
1560,6.950861268467795,7.561864495277405,40.72920370101929,1.9616674482822418,1.3247423768043518,101.8052749633789,0.31793834548443556,494.2835819516331,487.8346481323242,0.9869529677804655,0,0,487.8346481323242,1.0000001192092896,,
1561,,,,,1.3246498107910156,101.86870193481445,0.317915802821517,494.6014977544546,488.1521987915039,0.9869606157841571,0,0,488.1521987915039,0.9999998211860657,,
1562,,,,,1.3246572613716125,101.93212127685547,0.31791768129915,494.91941543575376,488.4697265625,0.9869682039699814,0,0,488.4697265625,1.0,,
1563,,,,,1.3246369361877441,101.99554824829102,0.31791288778185844,495.2373283235356,488.7872533798218,0.9869757900408084,0,0,488.7872533798218,0.9999998807907104,,
1564,,,,,1.324622392654419,102.05897521972656,0.31790924863889813,495.5552375721745,489.1047611236572,0.9869833351371272,0,0,489.1047611236572,0.9999999403953552,,
1565,,,,,1.324646532535553,102.12240600585938,0.31791513226926327,495.8731527044438,489.4222888946533,0.9869908992358044,0,0,489.4222888946533,1.0,,
1566,,,,,1.3246833086013794,102.18583679199219,0.3179240310564637,496.19107673550025,489.7398557662964,0.9869985147422476,0,0,489.7398557662964,0.9999998211860657,,
1567,,,,,1.3246856927871704,102.24927139282227,0.31792452884837985,496.5090012643486,490.05738830566406,0.9870060503590938,0,0,490.05738830566406,1.0,,
1568,,,,,1.3246756196022034,102.31271362304688,0.3179219267331064,496.82692319108173,490.37493991851807,0.9870136198917642,0,0,490.37493991851807,1.0,,
1569,,,,,1.32468980550766,102.37615203857422,0.3179253377020359,497.14484852878377,490.69249057769775,0.9870211710526988,0,0,490.69249057769775,1.0,,
1570,7.004287342816235,7.595397472381592,41.25207805633545,1.8046234548091888,1.3247117400169373,102.43959045410156,0.31793076638132334,497.4627792951651,491.0100402832031,0.9870286998735752,0,0,491.0100402832031,0.9999999403953552,,
1571,,,,,1.3246915340423584,102.50303268432617,0.3179260231554508,497.78070531832054,491.3275680541992,0.9870361844178036,0,0,491.3275680541992,0.9999998807907104,,
1572,,,,,1.3246991038322449,102.56647872924805,0.3179276557639241,498.09863297408447,491.6451196670532,0.9870437040380956,0,0,491.6451196670532,1.0,,
1573,,,,,1.3246951699256897,102.62992477416992,0.3179267714731395,498.4165597455576,491.9626693725586,0.9870512119896363,0,0,491.9626693725586,0.9999999403953552,,
1574,,,,,1.3246872425079346,102.6933708190918,0.3179248715750873,498.7344846171327,492.28021812438965,0.9870587122169848,0,0,492.28021812438965,1.0,,
1575,,,,,1.3246883749961853,102.75681686401367,0.3179255798459053,499.0524101969786,492.5977563858032,0.9870661804666394,0,0,492.5977563858032,1.0,,
1576,,,,,1.3247211575508118,102.82027053833008,0.3179329871200025,499.3703431840986,492.91532135009766,0.987073678038541,0,0,492.91532135009766,0.9999999403953552,,
1577,,,,,1.3247405290603638,102.88372802734375,0.31793774338439107,499.688280927483,493.23289489746094,0.9870811738509435,0,0,493.23289489746094,1.0,,
1578,,,,,1.3247238397598267,102.94718170166016,0.31793389562517405,500.00621482310817,493.5504455566406,0.9870886219509242,0,0,493.5504455566406,1.0,,
1579,,,,,1.3247207999229431,103.0106430053711,0.3179330062121153,500.3241478293203,493.86799812316895,0.9870960661519883,0,0,493.86799812316895,1.0000001192092896,,
1580,7.069226609188247,7.633545875549316,41.91495180130005,1.7883507907390594,1.324718177318573,103.07409286499023,0.3179322606883943,500.6420800900087,494.18553256988525,0.9871034661749495,0,0,494.18553256988525,1.0,,
1581,,,,,1.3246504664421082,103.13755798339844,0.3179160887375474,500.9599961787462,494.503098487854,0.9871109514928427,0,0,494.503098487854,0.9999998211860657,,
1582,,,,,1.3246510028839111,103.20101928710938,0.3179161217994988,501.2779123005457,494.8206253051758,0.9871183492491498,0,0,494.8206253051758,1.0,,
1583,,,,,1.324651062488556,103.26447296142578,0.3179163704626262,501.59582867100835,495.1381731033325,0.9871257789667299,0,0,495.1381731033325,1.0,,
1584,,,,,1.3246681690216064,103.32793807983398,0.31792051112279296,501.91374918213114,495.45572662353516,0.9871332025290792,0,0,495.45572662353516,0.9999999403953552,,
1585,,,,,1.3246620893478394,103.39140319824219,0.3179190317168832,502.231668213848,495.7732572555542,0.9871405740277913,0,0,495.7732572555542,1.0,,
1586,,,,,1.3246996402740479,103.45487213134766,0.3179278285242617,502.5495960423723,496.09082221984863,0.9871479872367063,0,0,496.09082221984863,0.9999997615814209,,
1587,,,,,1.3247219324111938,103.51834106445312,0.31793323531746864,502.86752927768975,496.40837574005127,0.987155357700432,0,0,496.40837574005127,1.0,,
1588,,,,,1.3247111439704895,103.58181381225586,0.3179308660328388,503.1854601437226,496.7259292602539,0.9871627234983604,0,0,496.7259292602539,0.9999998807907104,,
1589,,,,,1.324722170829773,103.6452865600586,0.31793310586363077,503.5033932495862,497.0434799194336,0.9871700699205587,0,0,497.0434799194336,0.9999999403953552,,
1590,7.127118803432105,7.657813310623169,42.4044828414917,1.6124282777309418,1.3247065544128418,103.7087631225586,0.31792944483458996,503.8213226944208,497.3610372543335,0.9871774274944559,0,0,497.3610372543335,1.0000001192092896,,
1591,,,,,1.3247065544128418,103.77224349975586,0.31792977126315236,504.13925246568397,497.67860412597656,0.9871847940661034,0,0,497.67860412597656,0.9999998807907104,,
1592,,,,,1.3247134685516357,103.83572006225586,0.31793121714144945,504.4571836828254,497.99617767333984,0.9871921617562911,0,0,497.99617767333984,1.0,,
1593,,,,,1.3247128129005432,103.89920806884766,0.3179311780259013,504.7751148608513,498.31370639801025,0.9871994314445884,0,0,498.31370639801025,1.0,,
1594,,,,,1.32469242811203,103.96268463134766,0.31792609579861164,505.09304095664993,498.63127994537354,0.9872067906557597,0,0,498.63127994537354,1.0000001192092896,,
1595,,,,,1.3247181177139282,104.02616882324219,0.31793237710371614,505.41097333375365,498.94883155822754,0.9872140849398223,0,0,498.94883155822754,1.0,,
1596,,,,,1.3247307538986206,104.08965682983398,0.3179355622269213,505.72890889598057,499.26640701293945,0.9872214109785618,0,0,499.26640701293945,0.9999998211860657,,
1597,,,,,1.324728786945343,104.15314483642578,0.3179348944686353,506.0468437904492,499.58395767211914,0.9872286801160105,0,0,499.58395767211914,1.0,,
1598,,,,,1.324752926826477,104.21663665771484,0.3179407147690654,506.36478450521827,499.90152740478516,0.9872359664451201,0,0,499.90152740478516,0.9999999403953552,,
1599,,,,,1.3247448801994324,104.28012466430664,0.31793866865336895,506.68272317387164,500.2191162109375,0.9872432852605533,0,0,500.2191162109375,1.0,,
1600,7.170970090990206,7.6793835163116455,42.81014156341553,1.3935346007347107,1.3247410655021667,104.34362030029297,0.3179379175417125,507.00066109141335,500.536678314209,0.987250543691027,0,0,500.536678314209,0.9999999403953552,d3985e4de6c887815474215c3550a99645c8957a93af5d63a982bc18c7076c86,True
1601,,,,,1.3246827721595764,104.40711212158203,0.31792378332465887,507.318584874738,500.8542127609253,0.9872577660142101,0,0,500.8542127609253,0.9999998807907104,,
1602,,,,,1.3247063159942627,104.47060775756836,0.31792962085455656,507.63651449559256,501.1717882156372,0.9872650487201852,0,0,501.1717882156372,0.9999999403953552,,
1603,,,,,1.3246484398841858,104.53409957885742,0.3179155997931957,507.95443009538576,501.4893264770508,0.9872722763395883,0,0,501.4893264770508,1.0,,
1604,,,,,1.3246603608131409,104.59759902954102,0.3179184328764677,508.2723485282622,501.80687522888184,0.9872795100538075,0,0,501.80687522888184,1.0,,
1605,,,,,1.3247039914131165,104.66109848022461,0.31792915519326925,508.5902776834555,502.12442779541016,0.9872867214106074,0,0,502.12442779541016,1.0,,
1606,,,,,1.3247241973876953,104.72460174560547,0.31793360505253077,508.908211288508,502.44202423095703,0.9872940013265256,0,0,502.44202423095703,0.9999998211860657,,
1607,,,,,1.3247292637825012,104.78810501098633,0.31793507328256965,509.2261463617906,502.75959396362305,0.9873012168672615,0,0,502.75959396362305,0.9999999403953552,,
1608,,,,,1.324731707572937,104.85160827636719,0.31793568935245275,509.54408205114305,503.0771484375,0.9873083922639004,0,0,503.0771484375,1.0,,
1609,,,,,1.3247545957565308,104.91512298583984,0.31794128008186817,509.8620233312249,503.3947448730469,0.9873156301857421,0,0,503.3947448730469,0.9999998807907104,,
1610,7.214037794135956,7.697196960449219,43.46071243286133,1.5710796117782593,1.3247320055961609,104.97863388061523,0.31793580343946815,510.1799591346644,503.71231842041016,0.9873228248219996,0,0,503.71231842041016,0.9999999403953552,,
1611,,,,,1.3246962428092957,105.04214096069336,0.3179269712418318,510.4978861059062,504.02984619140625,0.987329937908579,0,0,504.02984619140625,1.0000001192092896,,
1612,,,,,1.3247085809707642,105.10565185546875,0.31793028162792325,510.81581638753414,504.3474178314209,0.9873371216227045,0,0,504.3474178314209,1.0000001192092896,,
1613,,,,,1.3247387409210205,105.16917037963867,0.31793729588389397,511.13375368341804,504.6650056838989,0.9873443145695154,0,0,504.6650056838989,0.9999999403953552,,
1614,,,,,1.3247079253196716,105.23268508911133,0.3179299170151353,511.45168360043317,504.9825563430786,0.9873514400973025,0,0,504.9825563430786,0.9999999403953552,,
1615,,,,,1.3247268795967102,105.29619979858398,0.31793401623144746,511.7696176166646,505.3001174926758,0.9873585693615057,0,0,505.3001174926758,1.0000001192092896,,
1616,,,,,1.3247435092926025,105.3597183227539,0.3179384469985962,512.0875560636632,505.61771392822266,0.9873657501362184,0,0,505.61771392822266,0.9999999403953552,,
1617,,,,,1.3247279524803162,105.42324447631836,0.3179349438287318,512.405491007492,505.93528747558594,0.9873728840821254,0,0,505.93528747558594,1.0,,
1618,,,,,1.3247223496437073,105.48676300048828,0.31793348118662834,512.7234244886786,506.2528610229492,0.987380011997339,0,0,506.2528610229492,1.0,,
1619,,,,,1.3247398138046265,105.55028915405273,0.3179376577027142,513.0413621463813,506.5704174041748,0.987387089580584,0,0,506.5704174041748,0.9999999403953552,,
1620,7.2605227527390435,7.701455593109131,43.92087364196777,1.5932920277118683,1.3247225880622864,105.61381530761719,0.31793336290866137,513.35929550929,506.8879909515381,0.9873942000965759,0,0,506.8879909515381,1.0,,
1621,,,,,1.324681580066681,105.67733764648438,0.31792358588427305,513.6772190951742,507.20556259155273,0.9874013168911362,0,0,507.20556259155273,0.9999998211860657,,
1622,,,,,1.3247032165527344,105.74085998535156,0.31792875146493316,513.9951478466392,507.52310943603516,0.987408366717625,0,0,507.52310943603516,1.0000001192092896,,
1623,,,,,1.3246821165084839,105.80438995361328,0.31792376283556223,514.3130716094747,507.8406686782837,0.9874154415112618,0,0,507.8406686782837,0.9999999403953552,,
1624,,,,,1.3246681094169617,105.86791610717773,0.31792047386989,514.6309920833446,508.1582365036011,0.9874225305523452,0,0,508.1582365036011,1.0,,
1625,,,,,1.3246977925300598,105.93144989013672,0.31792750349268317,514.9489195868373,508.4758062362671,0.9874296010645778,0,0,508.4758062362671,1.0,,
1626,,,,,1.3247305750846863,105.99499130249023,0.3179358313791454,515.2668554182164,508.79336166381836,0.9874366191298198,0,0,508.79336166381836,0.9999998211860657,,
1627,,,,,1.3247429132461548,106.05852127075195,0.3179381210356951,515.5847935392521,509.11096477508545,0.9874437166392596,0,0,509.11096477508545,1.0,,
1628,,,,,1.3247398138046265,106.12206268310547,0.3179377652704716,515.9027313045226,509.4285469055176,0.987450765413404,0,0,509.4285469055176,1.0,,
1629,,,,,1.3247462511062622,106.18560409545898,0.3179392283782363,516.2206705329008,509.7461223602295,0.987457789774306,0,0,509.7461223602295,0.9999999403953552,,
1630,7.301340276913181,7.7003865242004395,44.43806076049805,1.3953047692775726,1.3247570991516113,106.24914169311523,0.31794181233271956,516.5386123452336,510.06370735168457,0.9874648190110086,0,0,510.06370735168457,1.0,,
1631,,,,,1.3247135877609253,106.31269454956055,0.3179312855936587,516.8565436308272,510.3812942504883,0.987471863401685,0,0,510.3812942504883,0.9999998211860657,,
1632,,,,,1.3247444033622742,106.3762321472168,0.3179386034607887,517.174482234288,510.69884490966797,0.9874788150864576,0,0,510.69884490966797,0.9999998807907104,,
1633,,,,,1.3247365951538086,106.43978118896484,0.3179369606077671,517.4924191948958,511.01644134521484,0.9874858498221923,0,0,511.01644134521484,0.9999999403953552,,
1634,,,,,1.324735939502716,106.50333023071289,0.31793659599497914,517.8103557908908,511.3340139389038,0.9874928305709604,0,0,511.3340139389038,0.9999999403953552,,
1635,,,,,1.3247431516647339,106.56687545776367,0.31793845212087035,518.1282942430116,511.65160369873047,0.9874998323460705,0,0,511.65160369873047,0.9999999403953552,,
1636,,,,,1.3247431516647339,106.63043212890625,0.31793822068721056,518.4462324636988,511.96916484832764,0.9875067707897256,0,0,511.96916484832764,0.9999998807907104,,
1637,,,,,1.3247249722480774,106.6939811706543,0.31793409399688244,518.7641665576957,512.2867403030396,0.9875137361594601,0,0,512.2867403030396,0.9999999403953552,,
1638,,,,,1.3247361183166504,106.75753402709961,0.3179363333620131,519.0821028910577,512.6043281555176,0.9875207126204837,0,0,512.6043281555176,1.0,,
1639,,,,,1.3247352242469788,106.82108688354492,0.3179365270771086,519.4000394181348,512.9219284057617,0.987527704041703,0,0,512.9219284057617,1.0,,
1640,7.352803758922643,7.713638544082642,45.11752700805664,1.617192953824997,1.3247421383857727,106.88464736938477,0.3179381755180657,519.7179775936529,513.2394790649414,0.9875345883575,0,0,513.2394790649414,0.9999999403953552,,
1641,,,,,1.3246774673461914,106.94820785522461,0.3179225302301347,520.035900123883,513.5570526123047,0.9875415379783665,0,0,513.5570526123047,0.9999998807907104,,
1642,,,,,1.32472425699234,107.01176071166992,0.31793391704559326,520.3538340409286,513.8746490478516,0.9875485014826114,0,0,513.8746490478516,1.0000001192092896,,
1643,,,,,1.3246912956237793,107.07532501220703,0.317925866227597,520.6717599071562,514.1922225952148,0.9875554277937068,0,0,514.1922225952148,1.0,,
1644,,,,,1.324688196182251,107.13888549804688,0.31792543549090624,520.9896853426471,514.5097732543945,0.9875623025358135,0,0,514.5097732543945,1.0,,
1645,,,,,1.324694275856018,107.20244979858398,0.3179264022037387,521.3076117448509,514.8273468017578,0.9875692109666225,0,0,514.8273468017578,0.9999999403953552,,
1646,,,,,1.3247469067573547,107.2660140991211,0.3179392507299781,521.6255509955809,515.1449203491211,0.9875760866504876,0,0,515.1449203491211,0.9999998211860657,,
1647,,,,,1.324751853942871,107.32958221435547,0.3179405485279858,521.9434915441088,515.4625282287598,0.9875830172799417,0,0,515.4625282287598,1.0,,
1648,,,,,1.3247679471969604,107.39315795898438,0.3179444232955575,522.2614359674044,515.7801132202148,0.987589888318702,0,0,515.7801132202148,1.0,,
1649,,,,,1.324756145477295,107.45672988891602,0.3179416609928012,522.5793776283972,516.0976991653442,0.9875967580418701,0,0,516.0976991653442,1.0,,
1650,7.389460322771415,7.721757292747498,45.84223699569702,1.5734758377075195,1.324749767780304,107.52030181884766,0.317939932923764,522.897317561321,516.4153060913086,0.9876036627989524,0,0,516.4153060913086,1.0,,
1651,,,,,1.3247697353363037,107.5838737487793,0.3179447124712169,523.2152622737922,516.7328844070435,0.9876104954611252,0,0,516.7328844070435,1.0,,
1652,,,,,1.3247565627098083,107.64745330810547,0.3179417201317847,523.533203993924,517.0504989624023,0.9876173946904084,0,0,517.0504989624023,1.0000001192092896,,
1653,,,,,1.3247577548027039,107.71103286743164,0.31794214528054,523.8511461392045,517.3680763244629,0.9876242137436885,0,0,517.3680763244629,0.9999999403953552,,
1654,,,,,1.324744462966919,107.77460479736328,0.31793877901509404,524.1690849182196,517.6856651306152,0.9876310527000712,0,0,517.6856651306152,0.9999999403953552,,
1655,,,,,1.3247349262237549,107.83818817138672,0.31793624348938465,524.487021161709,518.0032424926758,0.9876378663199844,0,0,518.0032424926758,0.9999999403953552,,
1656,,,,,1.3247340321540833,107.90177536010742,0.3179363124072552,524.8049574741162,518.3208389282227,0.9876447078985255,0,0,518.3208389282227,0.9999998807907104,,
1657,,,,,1.3247498273849487,107.96535110473633,0.31793997809290886,525.1228974522091,518.6384124755859,0.9876514907118207,0,0,518.6384124755859,1.0000001192092896,,
1658,,,,,1.3247687220573425,108.0289421081543,0.31794444052502513,525.4408418927342,518.9560089111328,0.9876583004887043,0,0,518.9560089111328,1.0,,
1659,,,,,1.3247360587120056,108.09252548217773,0.31793682742863894,525.7587787201628,519.2736177444458,0.9876651399116823,0,0,519.2736177444458,0.9999999403953552,,
1660,7.414539692791335,7.723688364028931,46.24687480926514,1.2713989913463593,1.324772834777832,108.1561164855957,0.31794567545875907,526.0767243956216,519.5912017822266,0.9876719073233151,0,0,519.5912017822266,0.9999999403953552,,
1661,,,,,1.3247089385986328,108.21970748901367,0.31793009862303734,526.3946544942446,519.9087867736816,0.9876786975984861,0,0,519.9087867736816,0.9999998807907104,,
1662,,,,,1.3246973156929016,108.28328704833984,0.31792777171358466,526.7125822659582,520.2263498306274,0.9876854423954949,0,0,520.2263498306274,1.0,,
1663,,,,,1.3247298002243042,108.34688186645508,0.31793487118557096,527.0305171371438,520.5439453125,0.9876922272738965,0,0,520.5439453125,1.0,,
1664,,,,,1.3246987462043762,108.41047286987305,0.31792789977043867,527.3484450369142,520.8615188598633,0.9876989754343585,0,0,520.8615188598633,1.0,,
1665,,,,,1.3246806859970093,108.47406768798828,0.3179232720285654,527.6663683089428,521.179084777832,0.9877057096666932,0,0,521.179084777832,1.0,,
1666,,,,,1.3248037099838257,108.53766250610352,0.317952916957438,527.9843212259002,521.4966945648193,0.987712463419333,0,0,521.4966945648193,0.9999998211860657,,
1667,,,,,1.324783205986023,108.60126495361328,0.3179479851387441,528.302269211039,521.8143100738525,0.9877192290942144,0,0,521.8143100738525,1.0000001192092896,,
1668,,,,,1.3247959613800049,108.66487121582031,0.31795087875798345,528.6202200897969,522.1319274902344,0.9877259848318678,0,0,522.1319274902344,1.0,,
1669,,,,,1.32479327917099,108.72847366333008,0.3179503954015672,528.9381704851985,522.4495239257812,0.9877326936842804,0,0,522.4495239257812,1.0,,
1670,7.44353614189077,7.726391077041626,46.71299648284912,1.3166432678699493,1.324793815612793,108.79207611083984,0.31795051926746964,529.256121004466,522.7671165466309,0.9877393870371858,0,0,522.7671165466309,1.0,,
1671,,,,,1.3247653245925903,108.85568237304688,0.31794349383562803,529.5740644983016,523.0847396850586,0.9877461430831366,0,0,523.0847396850586,1.0,,
1672,,,,,1.3247414827346802,108.9192886352539,0.31793786585330963,529.8920023641549,523.4023141860962,0.987752809725179,0,0,523.4023141860962,1.0000001192092896,,
1673,,,,,1.3247765898704529,108.98289489746094,0.31794632878154516,530.2099486929365,523.719931602478,0.9877595335461764,0,0,523.719931602478,1.0000001192092896,,
1674,,,,,1.3247617483139038,109.04650497436523,0.31794270034879446,530.5278913932852,524.0374984741211,0.9877661607910567,0,0,524.0374984741211,1.0,,
1675,,,,,1.3247727751731873,109.11011505126953,0.3179453401826322,530.8458367334679,524.3551034927368,0.9877728470460041,0,0,524.3551034927368,1.0000001192092896,,
1676,,,,,1.3247610330581665,109.1737289428711,0.3179428316652775,531.1637795651332,524.6726989746094,0.9877795120069387,0,0,524.6726989746094,0.9999998211860657,,
1677,,,,,1.3247567415237427,109.23734664916992,0.31794129870831966,531.4817208638415,524.9902954101562,0.9877861736371,0,0,524.9902954101562,1.0,,
1678,,,,,1.324757695198059,109.30096054077148,0.3179420381784439,531.7996629020199,525.3079233169556,0.987792885107072,0,0,525.3079233169556,0.9999999403953552,,
1679,,,,,1.3247612118721008,109.36457443237305,0.31794294342398643,532.1176058454439,525.6255159378052,0.987799520564021,0,0,525.6255159378052,1.0,,
1680,7.471875842982238,7.730811715126038,48.4421820640564,2.435600072145462,1.3247588872909546,109.42818832397461,0.31794231152161956,532.4355481569655,525.9431076049805,0.9878061474774558,0,0,525.9431076049805,1.0,,
1681,,,,,1.3247146010398865,109.49180603027344,0.31793156638741493,532.7534797233529,526.2607040405273,0.987812795354808,0,0,526.2607040405273,0.9999999403953552,,
1682,,,,,1.3247140645980835,109.55542755126953,0.3179314178414643,533.0714111411944,526.5782985687256,0.9878194319996088,0,0,526.5782985687256,1.0000001192092896,,
1683,,,,,1.3247259855270386,109.61905288696289,0.31793432775884867,533.3893454689533,526.8958683013916,0.9878260088569005,0,0,526.8958683013916,0.9999999403953552,,
1684,,,,,1.324710488319397,109.68266677856445,0.3179306462407112,533.707276115194,527.2134685516357,0.9878326418728501,0,0,527.2134685516357,1.0,,
1685,,,,,1.324712872505188,109.74629211425781,0.31793095590546727,534.0252070710994,527.5310497283936,0.9878392307016282,0,0,527.5310497283936,1.0,,
1686,,,,,1.324821650981903,109.8099250793457,0.317957466468215,534.3431645375676,527.8486862182617,0.9878458661955049,0,0,527.8486862182617,0.9999996423721313,,
1687,,,,,1.3247965574264526,109.87355041503906,0.3179511623457074,534.6611156999134,528.1662826538086,0.9878524305295635,0,0,528.1662826538086,0.9999998807907104,,
1688,,,,,1.3247939348220825,109.93718719482422,0.3179507153108716,534.9790664152242,528.4839019775391,0.9878590306697254,0,0,528.4839019775391,1.0,,
1689,,,,,1.3247705101966858,110.00081634521484,0.317945025395602,535.2970114406198,528.801495552063,0.9878655853671278,0,0,528.801495552063,0.9999999403953552,,
1690,7.510318880727092,7.7322752475738525,47.46108293533325,2.627794623374939,1.3248025178909302,110.06444931030273,0.31795270647853613,535.6149641470984,529.1191177368164,0.9878721715316023,0,0,529.1191177368164,1.0000001192092896,,
1691,,,,,1.3247930407524109,110.12808609008789,0.31795049319043756,535.9329146402888,529.4367370605469,0.9878787486226647,0,0,529.4367370605469,1.0,,
1692,,,,,1.3247861862182617,110.19172286987305,0.3179486314766109,536.2508632717654,529.7543563842773,0.987885321344095,0,0,529.7543563842773,1.0,,
1693,,,,,1.3247916102409363,110.2553596496582,0.31795004522427917,536.5688133169897,530.0719299316406,0.9878917983600514,0,0,530.0719299316406,1.0,,
1694,,,,,1.324785590171814,110.31900024414062,0.31794846802949905,536.8867617850192,530.3895492553711,0.9878983558692201,0,0,530.3895492553711,0.9999999403953552,,
1695,,,,,1.3247730731964111,110.38263702392578,0.31794555578380823,537.204707340803,530.7071495056152,0.9879048754666502,0,0,530.7071495056152,1.0,,
1696,,,,,1.3247771263122559,110.44628143310547,0.3179463599808514,537.5226537007838,531.0247678756714,0.9879114195832004,0,0,531.0247678756714,0.9999998807907104,,
1697,,,,,1.3247600197792053,110.50992202758789,0.31794254342094064,537.8405962442048,531.3423852920532,0.9879179611997863,0,0,531.3423852920532,1.0,,
1698,,,,,1.3247612714767456,110.57356643676758,0.31794252153486013,538.1585387657396,531.6600036621094,0.987924496899119,0,0,531.6600036621094,0.9999999403953552,,
1699,,,,,1.3247755765914917,110.63720703125,0.31794610200449824,538.4764848677441,531.9776010513306,0.9879309793481311,0,0,531.9776010513306,1.0,,
1700,7.543805896206839,7.731234312057495,47.82640600204468,1.2890288829803467,1.3247873783111572,110.70085906982422,0.3179492261260748,538.7944340938702,532.2951965332031,0.9879374448780297,0,0,532.2951965332031,0.9999999403953552,3eb306acd2709548f47e917db15f980c7b6f5860159732b6b5af0094d388ad2c,True
1701,,,,,1.3246998190879822,110.7645034790039,0.3179278578609228,539.1123619517311,532.6127986907959,0.987943954322609,0,0,532.6127986907959,0.9999995827674866,,
1702,,,,,1.3247137069702148,110.82815170288086,0.3179311673156917,539.4302931190468,532.9303894042969,0.9879504288178408,0,0,532.9303894042969,0.9999999403953552,,
1703,,,,,1.3247233033180237,110.89179611206055,0.317933501675725,539.7482266207226,533.2479944229126,0.9879569179161405,0,0,533.2479944229126,0.9999999403953552,,
1704,,,,,1.3247396349906921,110.95545196533203,0.3179376474581659,540.0661642681807,533.5656051635742,0.9879634023853057,0,0,533.5656051635742,1.0,,
1705,,,,,1.3247246146202087,111.01910018920898,0.31793374428525567,540.384098012466,533.8831787109375,0.9879698175326774,0,0,533.8831787109375,1.0000001192092896,,
1706,,,,,1.3248054385185242,111.08275604248047,0.3179532899521291,540.7020513024181,534.200813293457,0.987976302303085,0,0,534.200813293457,0.9999998807907104,,
1707,,,,,1.3248162865638733,111.14641189575195,0.3179557933472097,541.0200070957653,534.518440246582,0.9879827607779513,0,0,534.518440246582,0.9999999403953552,,
1708,,,,,1.3248127698898315,111.21007537841797,0.31795536540448666,541.3379624611698,534.8360595703125,0.9879891983534691,0,0,534.8360595703125,0.9999998807907104,,
1709,,,,,1.324803352355957,111.27373504638672,0.31795281590893865,541.6559152770787,535.1536903381348,0.9879956541495188,0,0,535.1536903381348,0.9999999403953552,,
1710,7.573067690176793,7.730556011199951,48.30880546569824,1.3411032110452652,1.3248066902160645,111.33740234375,0.3179534929804504,541.9738687700592,535.4713001251221,0.9880020624247163,0,0,535.4713001251221,1.0,,
1711,,,,,1.324776530265808,111.40106582641602,0.31794651318341494,542.2918152832426,535.7889318466187,0.9880085163497655,0,0,535.7889318466187,0.9999999403953552,,
1712,,,,,1.3247731924057007,111.46472549438477,0.31794567313045263,542.6097609563731,536.1065139770508,0.9880148728473644,0,0,536.1065139770508,1.0,,
1713,,,,,1.32478666305542,111.52839279174805,0.3179486864246428,542.9277096427977,536.4241352081299,0.9880212884346101,0,0,536.4241352081299,0.9999999403953552,,
1714,,,,,1.3247923254966736,111.59206008911133,0.3179500917904079,543.2456597345881,536.7417736053467,0.9880277255552855,0,0,536.7417736053467,0.9999999403953552,,
1715,,,,,1.3247945308685303,111.65572738647461,0.3179500629194081,543.5636097975075,537.0593719482422,0.9880340815094495,0,0,537.0593719482422,0.9999999403953552,,
1716,,,,,1.324790894985199,111.71939849853516,0.31794962054118514,543.8815594180487,537.3769683837891,0.98804042732903,0,0,537.3769683837891,0.9999999403953552,,
1717,,,,,1.3247736692428589,111.78306579589844,0.31794565822929144,544.199505076278,537.6946029663086,0.9880468430248597,0,0,537.6946029663086,0.9999998807907104,,
1718,,,,,1.3247700929641724,111.84673690795898,0.3179446957074106,544.5174497719854,538.0122299194336,0.9880532389636423,0,0,538.0122299194336,0.9999999403953552,,
1719,,,,,1.3247990608215332,111.9104118347168,0.31795161636546254,544.8354013883509,538.3298492431641,0.9880596008838443,0,0,538.3298492431641,1.0,,
1720,7.604038533366534,7.726521134376526,48.764060974121094,1.1690431535243988,1.3247924447059631,111.97408676147461,0.3179503413848579,545.1533517297357,538.6474456787109,0.9880659157090698,0,0,538.6474456787109,1.0,,
1721,,,,,1.3247433304786682,112.03776550292969,0.3179385056719184,545.4712902354077,538.9650650024414,0.9880722865722972,0,0,538.9650650024414,0.9999997615814209,,
1722,,,,,1.3247668743133545,112.10143661499023,0.31794395484030247,545.789234190248,539.2826719284058,0.9880786174327961,0,0,539.2826719284058,0.9999999403953552,,
1723,,,,,1.3247302174568176,112.16511154174805,0.3179350346326828,546.1071692248806,539.6003036499023,0.9880850024653314,0,0,539.6003036499023,0.9999999403953552,,
1724,,,,,1.3247409462928772,112.22879409790039,0.31793789798393846,546.4251071228646,539.9178771972656,0.9880912684267694,0,0,539.9178771972656,1.0000001192092896,,
1725,,,,,1.3247597217559814,112.2924690246582,0.3179422691464424,546.743049392011,540.2355194091797,0.9880976447893232,0,0,540.2355194091797,1.0000001192092896,,
1726,,,,,1.3248283863067627,112.35615158081055,0.3179588047787547,547.0610081967898,540.5531616210938,0.9881039838734842,0,0,540.5531616210938,0.9999997615814209,,
1727,,,,,1.3248262405395508,112.41983795166016,0.3179583875462413,547.378966584336,540.8707580566406,0.9881102327180968,0,0,540.8707580566406,1.0,,
1728,,,,,1.3248270153999329,112.48353576660156,0.3179585416801274,547.6969251260161,541.1884050369263,0.9881165663152237,0,0,541.1884050369263,1.0,,
1729,,,,,1.324811041355133,112.54722595214844,0.31795471627265215,548.0148798422888,541.5060386657715,0.9881228750971297,0,0,541.5060386657715,0.9999999403953552,,
1730,7.6327081647368855,7.718693256378174,49.300527572631836,1.2589093893766403,1.3248294591903687,112.61091613769531,0.317959054838866,548.3328388971277,541.8236408233643,0.9881291113498574,0,0,541.8236408233643,0.9999999403953552,,
1731,,,,,1.3247730731964111,112.67459487915039,0.3179455101490021,548.6507844072767,542.1412811279297,0.9881354342974641,0,0,542.1412811279297,0.9999998807907104,,
1732,,,,,1.3247981667518616,112.73828887939453,0.3179515693336725,548.9687359766103,542.4589157104492,0.9881417285911898,0,0,542.4589157104492,1.0,,
1733,,,,,1.3247911930084229,112.80198669433594,0.3179497644305229,549.2866857410409,542.776533126831,0.9881479875933494,0,0,542.776533126831,1.0,,
1734,,,,,1.3248044848442078,112.86568069458008,0.31795297656208277,549.6046387176029,543.0941619873047,0.9881542544009632,0,0,543.0941619873047,0.9999998807907104,,
1735,,,,,1.3247891664505005,112.92937088012695,0.31794959399849176,549.9225883116014,543.4117813110352,0.9881605026981033,0,0,543.4117813110352,1.0,,
1736,,,,,1.3247933387756348,112.99306869506836,0.31795047875493765,550.2405387903564,543.7294120788574,0.988166762983669,0,0,543.7294120788574,0.9999999403953552,,
1737,,,,,1.3247891068458557,113.0567741394043,0.3179494156502187,550.5584882060066,544.0470199584961,0.9881729763739924,0,0,544.0470199584961,1.0,,
1738,,,,,1.3247806429862976,113.12046432495117,0.3179472484625876,550.8764354544692,544.3646440505981,0.9881792159098258,0,0,544.3646440505981,1.0,,
1739,,,,,1.324786126613617,113.18416595458984,0.31794877629727125,551.1943842307664,544.682258605957,0.9881854282062423,0,0,544.682258605957,1.0000001192092896,,
1740,7.659022633424635,7.720662236213684,49.599281787872314,1.2076061964035034,1.3247933387756348,113.24786758422852,0.31795054906979203,551.5123347798362,544.9999008178711,0.9881916803101677,0,0,544.9999008178711,0.9999999403953552,,
1741,,,,,1.3247372508049011,113.31157302856445,0.31793728843331337,551.8302720682696,545.3175201416016,0.9881979074793068,0,0,545.3175201416016,0.9999995827674866,,
1742,,,,,1.3247635960578918,113.37527847290039,0.317943527828902,552.1482155960985,545.635139465332,0.9882041163100819,0,0,545.635139465332,0.9999999403953552,,
1743,,,,,1.3247528672218323,113.43898010253906,0.3179406328126788,552.4661562289111,545.9527549743652,0.9882103162680465,0,0,545.9527549743652,1.0000001192092896,,
1744,,,,,1.3247730731964111,113.50268936157227,0.31794551480561495,552.7841017437167,546.270378112793,0.98821651416823,0,0,546.270378112793,0.9999999403953552,,
1745,,,,,1.3247368335723877,113.56638717651367,0.3179366709664464,553.1020384146832,546.5879964828491,0.9882227121228737,0,0,546.5879964828491,0.9999999403953552,,
1746,,,,,1.3248481154441833,113.63010025024414,0.3179632183164358,553.4200016329996,546.9056348800659,0.9882288917391628,0,0,546.9056348800659,0.9999998211860657,,
1747,,,,,1.3248353600502014,113.69381332397461,0.31796059058979154,553.7379622235894,547.223258972168,0.9882350431145048,0,0,547.223258972168,1.0000001192092896,,
1748,,,,,1.324836254119873,113.75753021240234,0.3179607205092907,554.0559229440987,547.5408973693848,0.9882412130167367,0,0,547.5408973693848,1.0000001192092896,,
1749,,,,,1.3248382806777954,113.82124328613281,0.3179613258689642,554.3738842699677,547.8585567474365,0.9882474126083484,0,0,547.8585567474365,1.0,,
1750,7.6854214651809425,7.719893574714661,49.90383005142212,1.083882749080658,1.3248460292816162,113.88496017456055,0.3179631372913718,554.691847407259,548.176194190979,0.9882535623216088,0,0,548.176194190979,1.0,,
1751,,,,,1.3248032331466675,113.94867706298828,0.31795265432447195,555.0098000615835,548.4938077926636,0.9882596806971734,0,0,548.4938077926636,0.9999999403953552,,
1752,,,,,1.3248108625411987,114.01239776611328,0.31795465759932995,555.3277547191828,548.811469078064,0.9882658743674444,0,0,548.811469078064,1.0,,
1753,,,,,1.3247975707054138,114.07611846923828,0.31795164616778493,555.6457063653506,549.1290674209595,0.9882719530273715,0,0,549.1290674209595,1.0,,
1754,,,,,1.3248108625411987,114.13983154296875,0.31795482710003853,555.9636611924507,549.4467315673828,0.9882781374396105,0,0,549.4467315673828,1.0,,
1755,,,,,1.3248108625411987,114.20355606079102,0.31795472744852304,556.2816159198992,549.7643728256226,0.9882842738142615,0,0,549.7643728256226,1.0,,
1756,,,,,1.3248129487037659,114.26728439331055,0.31795507995411754,556.5995709998533,550.0819940567017,0.9882903665709897,0,0,550.0819940567017,0.9999999403953552,,
1757,,,,,1.3247875571250916,114.33101272583008,0.3179488112218678,556.9175198110752,550.3996124267578,0.98829645835791,0,0,550.3996124267578,1.0000001192092896,,
1758,,,,,1.3247971534729004,114.39472961425781,0.31795118004083633,557.235470991116,550.7172546386719,0.9883025817777686,0,0,550.7172546386719,0.9999999403953552,,
1759,,,,,1.3247892260551453,114.45845413208008,0.31794940400868654,557.5534203951247,551.034873008728,0.9883086586003218,0,0,551.034873008728,0.9999999403953552,,
1760,7.705139533013778,7.724584579467773,50.1701226234436,1.1394816637039185,1.3248004913330078,114.52218246459961,0.31795193534344435,557.8713723304681,551.3524990081787,0.9883147376875456,0,0,551.3524990081787,1.0000001192092896,,
1761,,,,,1.324769675731659,114.5859146118164,0.31794452015310526,558.1893168506213,551.6701469421387,0.9883208622743523,0,0,551.6701469421387,0.9999999403953552,,
1762,,,,,1.3247609734535217,114.64963912963867,0.31794280325993896,558.5072596538812,551.9877586364746,0.9883269180396189,0,0,551.9877586364746,1.0,,
1763,,,,,1.3247669339179993,114.71337509155273,0.3179441476240754,558.8252038015053,552.3053941726685,0.9883330072006672,0,0,552.3053941726685,0.9999999403953552,,
1764,,,,,1.3247779607772827,114.777099609375,0.31794665986672044,559.143150461372,552.6230163574219,0.9883390611177637,0,0,552.6230163574219,0.9999998807907104,,
1765,,,,,1.3247694373130798,114.84083557128906,0.3179447529837489,559.4610952143557,552.9406356811523,0.988345106408684,0,0,552.9406356811523,1.0,,
1766,,,,,1.3248438835144043,114.90457534790039,0.3179625002667308,559.7790577146225,553.2582778930664,0.9883511543854836,0,0,553.2582778930664,0.9999998807907104,,
1767,,,,,1.3248700499534607,114.96830749511719,0.3179687261581421,560.0970264407806,553.5759611129761,0.9883572577250684,0,0,553.5759611129761,1.0000001192092896,,
1768,,,,,1.3248490691184998,115.03205871582031,0.31796352891251445,560.4149899696931,553.8935852050781,0.988363257797639,0,0,553.8935852050781,1.0000001192092896,,
1769,,,,,1.3248515129089355,115.09579849243164,0.31796428887173533,560.7329542585649,554.2112274169922,0.9883692820405088,0,0,554.2112274169922,1.0000001192092896,,
1770,7.726759044550962,7.730278968811035,50.61763381958008,1.168139100074768,1.3248376846313477,115.15954208374023,0.317960892803967,561.0509151513688,554.5288877487183,0.9883753377340238,0,0,554.5288877487183,1.0000001192092896,,
1771,,,,,1.324808955192566,115.22328186035156,0.3179540145210922,561.3688691658899,554.8465118408203,0.9883813341221399,0,0,554.8465118408203,1.0,,
1772,,,,,1.3248266577720642,115.28702926635742,0.31795832701027393,561.6868274929002,555.1641759872437,0.9883873874436908,0,0,555.1641759872437,1.0,,
1773,,,,,1.3248240947723389,115.35076522827148,0.31795791536569595,562.0047854082659,555.481822013855,0.9883934023983918,0,0,555.481822013855,1.0,,
1774,,,,,1.324805498123169,115.41451263427734,0.31795343523845077,562.3227388435043,555.7994508743286,0.9883993878984997,0,0,555.7994508743286,0.9999998807907104,,
1775,,,,,1.3248228430747986,115.4782600402832,0.31795750791206956,562.6406963514164,556.1171026229858,0.9884054001590439,0,0,556.1171026229858,0.9999998807907104,,
1776,,,,,1.3247858881950378,115.54200744628906,0.31794877955690026,562.9586451309733,556.4347057342529,0.9884113345569041,0,0,556.4347057342529,0.9999998211860657,,
1777,,,,,1.3247984051704407,115.60575866699219,0.3179518333636224,563.2765969643369,556.752363204956,0.9884173534023197,0,0,556.752363204956,0.9999999403953552,,
1778,,,,,1.3248148560523987,115.66950607299805,0.3179557607509196,563.5945527250879,557.069995880127,0.988423314573545,0,0,557.069995880127,0.9999999403953552,,
1779,,,,,1.3247970938682556,115.73326110839844,0.3179513718932867,563.9125040969811,557.3876457214355,0.9884293071564442,0,0,557.3876457214355,1.0,,
1780,7.758336121659196,7.743215441703796,51.12149238586426,1.370202213525772,1.3247968554496765,115.79701614379883,0.31795123498886824,564.23045533197,557.705267906189,0.9884352442089591,0,0,557.705267906189,1.0000001192092896,,
1781,,,,,1.3248010277748108,115.86077117919922,0.3179520294070244,564.548407361377,558.0229110717773,0.9884412103470454,0,0,558.0229110717773,0.9999996423721313,,
1782,,,,,1.324784278869629,115.92452621459961,0.31794824078679085,564.8663556021638,558.3405542373657,0.9884471763983139,0,0,558.3405542373657,0.9999998807907104,,
1783,,,,,1.324784278869629,115.98827743530273,0.31794807594269514,565.1843036781065,558.6581935882568,0.9884531292759192,0,0,558.6581935882568,1.0,,
1784,,,,,1.3247933983802795,116.05203628540039,0.3179502645507455,565.5022539426573,558.9758167266846,0.9884590429649543,0,0,558.9758167266846,1.0,,
1785,,,,,1.3247527480125427,116.11579513549805,0.31794068682938814,565.8201946294867,559.2934341430664,0.9884649566269101,0,0,559.2934341430664,1.0,,
1786,,,,,1.3248675465583801,116.17955780029297,0.317968406714499,566.1381630362011,559.61110496521,0.9884709095815276,0,0,559.61110496521,0.9999998211860657,,
1787,,,,,1.3248616456985474,116.24331283569336,0.3179670167155564,566.4561300529167,559.9287643432617,0.9884768380756225,0,0,559.9287643432617,1.0,,
1788,,,,,1.324850082397461,116.30708694458008,0.31796408956870437,566.7740941424854,560.2464294433594,0.9884827751187124,0,0,560.2464294433594,1.0,,
1789,,,,,1.3248475193977356,116.37084579467773,0.3179632439278066,567.0920573864132,560.5640716552734,0.9884886666175036,0,0,560.5640716552734,1.0,,
1790,7.777578942044323,7.760409712791443,51.154273986816406,1.3133535236120224,1.3248635530471802,116.43462371826172,0.3179672732949257,567.4100246597081,560.8817291259766,0.9884945713857491,0,0,560.8817291259766,1.0,,
1791,,,,,1.3248262405395508,116.4983901977539,0.3179581742733717,567.7279828339815,561.1993789672852,0.9885004719441379,0,0,561.1993789672852,0.9999999403953552,,
1792,,,,,1.3248258829116821,116.56216049194336,0.31795788556337357,568.0459407195449,561.5170021057129,0.988506319391064,0,0,561.5170021057129,1.0,,
1793,,,,,1.324834167957306,116.62592697143555,0.3179602175951004,568.36390093714,561.8346662521362,0.9885122283905802,0,0,561.8346662521362,1.0,,
1794,,,,,1.3248237371444702,116.689697265625,0.3179576499387622,568.6818585870788,562.1523284912109,0.9885181318917192,0,0,562.1523284912109,1.0,,
1795,,,,,1.3248277306556702,116.75347137451172,0.3179584136232734,568.999817000702,562.4699716567993,0.9885239939472675,0,0,562.4699716567993,1.0,,
1796,,,,,1.3248172402381897,116.81724548339844,0.31795609649270773,569.3177730971947,562.7876071929932,0.9885298400774013,0,0,562.7876071929932,0.9999998807907104,,
1797,,,,,1.3248167037963867,116.88101959228516,0.3179560322314501,569.6357291294262,563.1052551269531,0.9885357015571081,0,0,563.1052551269531,0.9999999403953552,,
1798,,,,,1.324822187423706,116.94479370117188,0.3179571405053139,569.9536862699315,563.4228973388672,0.9885415445353005,0,0,563.4228973388672,0.9999999403953552,,
1799,,,,,1.3248194456100464,117.0085678100586,0.3179570403881371,570.2716433103196,563.7405557632446,0.9885474096008627,0,0,563.7405557632446,1.0000001192092896,,
1800,7.797103318496846,7.755229115486145,51.55688190460205,1.2707573771476746,1.3248107433319092,117.07234573364258,0.3179543539881706,570.5895976643078,564.0582046508789,0.9885532560702719,0,0,564.0582046508789,1.0,9f0f4c8402f59f8f6f09e0236a285f764e9fe803087c95aa363667bc4d266763,True
1801,,,,,1.3247937560081482,117.13612747192383,0.3179503479041159,570.9075480122119,564.3758306503296,0.9885590628734451,0,0,564.3758306503296,0.9999998211860657,,
1802,,,,,1.324802577495575,117.19990921020508,0.31795274652540684,571.2255007587373,564.69349193573,0.98856492083366,0,0,564.69349193573,0.9999999403953552,,
1803,,,,,1.3247954845428467,117.2636833190918,0.3179508037865162,571.5434515625238,565.0111312866211,0.9885707372588292,0,0,565.0111312866211,0.9999999403953552,,
1804,,,,,1.3248016834259033,117.32746505737305,0.31795242382213473,571.861403986346,565.3287725448608,0.9885765477509965,0,0,565.3287725448608,1.0,,
1805,,,,,1.3248026371002197,117.3912467956543,0.31795272091403604,572.17935670726,565.6464204788208,0.9885823629394189,0,0,565.6464204788208,0.9999999403953552,,
1806,,,,,1.3248692154884338,117.45503234863281,0.3179686665534973,572.4973253738135,565.9640817642212,0.9885881674550576,0,0,565.9640817642212,0.9999998807907104,,
1807,,,,,1.3248399496078491,117.51881790161133,0.3179615084081888,572.8152868822217,566.2817230224609,0.9885939429177539,0,0,566.2817230224609,0.9999999403953552,,
1808,,,,,1.3248661756515503,117.58261489868164,0.31796807842329144,573.133254960645,566.5993890762329,0.9885997439027303,0,0,566.5993890762329,0.9999999403953552,,
1809,,,,,1.3248645067214966,117.64640808105469,0.3179674567654729,573.4512224174105,566.9170846939087,0.9886055910806889,0,0,566.9170846939087,0.9999999403953552,,
1810,7.816178255727092,7.742561101913452,51.88706970214844,1.066607117652893,1.3248833417892456,117.71019744873047,0.3179723583161831,573.7691947757266,567.2347412109375,0.9886113551855213,0,0,567.2347412109375,1.0,,
1811,,,,,1.3248344659805298,117.77399063110352,0.3179602501913905,574.087155025918,567.5523834228516,0.9886171088381651,0,0,567.5523834228516,0.9999998807907104,,
1812,,,,,1.3248328566551208,117.83778381347656,0.31795979384332895,574.4051148197614,567.8700332641602,0.9886228701886598,0,0,567.8700332641602,0.9999999403953552,,
1813,,,,,1.324831247329712,117.90157318115234,0.31795935705304146,574.7230741768144,568.1876974105835,0.9886286508061424,0,0,568.1876974105835,1.0,,
1814,,,,,1.3248338103294373,117.96537017822266,0.31795994518324733,575.0410341219977,568.5053558349609,0.9886344140692207,0,0,568.5053558349609,0.9999999403953552,,
1815,,,,,1.3248431086540222,118.02916717529297,0.317962234839797,575.3589963568375,568.8230180740356,0.9886401736582056,0,0,568.8230180740356,1.0,,
1816,,,,,1.324834167957306,118.09296417236328,0.3179601151496172,575.6769564719871,569.1406688690186,0.9886459106457433,0,0,569.1406688690186,0.9999999403953552,,
1817,,,,,1.3248109817504883,118.15676498413086,0.31795444060117006,575.9949109125882,569.4583072662354,0.9886516295152721,0,0,569.4583072662354,1.0,,
1818,,,,,1.3247994184494019,118.22055435180664,0.31795205269008875,576.3128629652783,569.7759704589844,0.9886573891954086,0,0,569.7759704589844,1.0,,
1819,,,,,1.3248160481452942,118.28436279296875,0.31795573607087135,576.6308187013492,570.0936126708984,0.9886630998232553,0,0,570.0936126708984,1.0,,
1820,7.829764081694057,7.735318660736084,52.21963596343994,0.9240261018276215,1.3248212933540344,118.3481559753418,0.3179571288637817,576.948775830213,570.4112739562988,0.9886688348293869,0,0,570.4112739562988,1.0000001192092896,,
1821,,,,,1.3248025178909302,118.41196060180664,0.317952168174088,577.2667279983871,570.7289428710938,0.9886745852303607,0,0,570.7289428710938,0.9999998211860657,,
1822,,,,,1.32478666305542,118.47575759887695,0.31794897047802806,577.5846769688651,571.0465745925903,0.9886802703794232,0,0,571.0465745925903,0.9999999403953552,,
1823,,,,,1.324793815612793,118.53956604003906,0.31795033905655146,577.9026273079216,571.3642072677612,0.9886859485816499,0,0,571.3642072677612,1.0,,
1824,,,,,1.324780285358429,118.6033706665039,0.3179470677860081,578.2205743757077,571.6818466186523,0.988691637678033,0,0,571.6818466186523,0.9999999403953552,,
1825,,,,,1.3248190879821777,118.66717147827148,0.3179566082544625,578.5385309839621,571.99951171875,0.988697348724394,0,0,571.99951171875,0.9999999403953552,,
1826,,,,,1.3248675465583801,118.73099136352539,0.31796811567619443,578.8564990996383,572.317193031311,0.9887030618495264,0,0,572.317193031311,0.9999998807907104,,
1827,,,,,1.3248798847198486,118.7947998046875,0.3179710735566914,579.174470173195,572.6348495483398,0.9887087208403703,0,0,572.6348495483398,1.0000001192092896,,
1828,,,,,1.324872612953186,118.85861206054688,0.3179693198762834,579.4924394930713,572.9525299072266,0.9887144177557058,0,0,572.9525299072266,1.0000001192092896,,
1829,,,,,1.3248727321624756,118.92242431640625,0.3179694702848792,579.8104089633562,573.2701950073242,0.9887200818492958,0,0,573.2701950073242,1.0000001192092896,,
1830,7.846881289944389,7.7246034145355225,52.42321491241455,1.0507549941539764,1.3248825073242188,118.98624801635742,0.31797149730846286,580.1283804606646,573.5878801345825,0.9887257708011294,0,0,573.5878801345825,1.0,,
1831,,,,,1.3248451352119446,119.05005645751953,0.3179627098143101,580.4463431704789,573.9055252075195,0.988731399482623,0,0,573.9055252075195,0.9999999403953552,,
1832,,,,,1.324856162071228,119.1138687133789,0.31796549167484045,580.7643086621538,574.2231903076172,0.9887370517489174,0,0,574.2231903076172,1.0,,
1833,,,,,1.324861764907837,119.17768859863281,0.317966572009027,581.0822752341628,574.5408554077148,0.9887426959911779,0,0,574.5408554077148,1.0,,
1834,,,,,1.3248539566993713,119.24151611328125,0.31796497059985995,581.4002402047627,574.8585433959961,0.9887483761505436,0,0,574.8585433959961,1.0,,
1835,,,,,1.3248571753501892,119.30533218383789,0.3179657384753227,581.718205943238,575.1761856079102,0.988753970103581,0,0,575.1761856079102,1.0000001192092896,,
1836,,,,,1.3248275518417358,119.3691520690918,0.31795841455459595,582.0361643577926,575.4938507080078,0.9887596097108425,0,0,575.4938507080078,0.9999999403953552,,
1837,,,,,1.3248232007026672,119.4329719543457,0.3179573565721512,582.3541217143647,575.8115158081055,0.9887652449561105,0,0,575.8115158081055,1.0000001192092896,,
1838,,,,,1.3248239159584045,119.49679565429688,0.3179579684510827,582.6720796828158,576.1291780471802,0.9887708681026928,0,0,576.1291780471802,1.0,,
1839,,,,,1.3248055577278137,119.56061935424805,0.31795331509783864,582.9900329979137,576.446834564209,0.9887764831929312,0,0,576.446834564209,1.0,,
1840,7.865421257677623,7.7211607694625854,52.67985820770264,1.1280233412981033,1.324824035167694,119.62443923950195,0.31795777287334204,583.307990770787,576.7644882202148,0.9887820797004229,0,0,576.7644882202148,1.0,,
1841,,,,,1.3248276710510254,119.68826675415039,0.3179587908089161,583.6259495615959,577.0821304321289,0.9887876487767832,0,0,577.0821304321289,0.9999998211860657,,
1842,,,,,1.3248268961906433,119.75209045410156,0.3179584890604019,583.9439080506563,577.3997955322266,0.9887932514952051,0,0,577.3997955322266,1.0,,
1843,,,,,1.3248085975646973,119.81592178344727,0.3179542417638004,584.2618622924201,577.7174606323242,0.988798855303649,0,0,577.7174606323242,1.0,,
1844,,,,,1.3248291015625,119.87975311279297,0.3179590469226241,584.5798213393427,578.0351476669312,0.9888044824102584,0,0,578.0351476669312,1.0,,
1845,,,,,1.324819028377533,119.94357681274414,0.31795675214380026,584.8977780914865,578.3527908325195,0.9888100322755128,0,0,578.3527908325195,1.0,,
1846,,,,,1.3248931169509888,120.00741577148438,0.31797442631796,585.2157525178045,578.6704559326172,0.9888155837278334,0,0,578.6704559326172,0.9999998807907104,,
1847,,,,,1.3248809576034546,120.07125091552734,0.317971162032336,585.5337236798368,578.9881420135498,0.9888211704952675,0,0,578.9881420135498,1.0,,
1848,,,,,1.3249028325080872,120.13508224487305,0.3179767597466707,585.8517004395835,579.3058319091797,0.9888267482615596,0,0,579.3058319091797,0.9999999403953552,,
1849,,,,,1.324903130531311,120.19892120361328,0.3179765809327364,586.1696770205162,579.6234979629517,0.9888322796040224,0,0,579.6234979629517,1.0000001192092896,,
1850,7.884002661230079,7.711658000946045,53.18533897399902,0.932645782828331,1.3248857259750366,120.26275634765625,0.31797278160229325,586.4876498021185,579.9411849975586,0.9888378471281198,0,0,579.9411849975586,0.9999999403953552,,
1851,,,,,1.3248765468597412,120.32659530639648,0.3179703550413251,586.8056201571599,580.2588729858398,0.9888434143327263,0,0,580.2588729858398,1.0,,
1852,,,,,1.3248542547225952,120.39044189453125,0.3179649435915053,587.1235851007514,580.5765380859375,0.9888489456377546,0,0,580.5765380859375,0.9999999403953552,,
1853,,,,,1.324881374835968,120.45426940917969,0.3179716691374779,587.4415567698888,580.8942031860352,0.9888544596336425,0,0,580.8942031860352,1.0000001192092896,,
1854,,,,,1.324852168560028,120.51812362670898,0.3179642893373966,587.7595210592262,581.2118577957153,0.9888599622313015,0,0,581.2118577957153,1.0000001192092896,,
1855,,,,,1.3248685002326965,120.58196258544922,0.31796821393072605,588.077489273157,581.5295333862305,0.9888654879563227,0,0,581.5295333862305,1.0,,
1856,,,,,1.3248291611671448,120.64580535888672,0.3179594683460891,588.3954487415031,581.8472213745117,0.9888710434776508,0,0,581.8472213745117,0.9999999403953552,,
1857,,,,,1.3248522877693176,120.70965194702148,0.3179645328782499,588.7134132743813,582.1648864746094,0.9888765456126598,0,0,582.1648864746094,0.9999999403953552,,
1858,,,,,1.3248409032821655,120.77349090576172,0.31796204997226596,589.0313753243536,582.482551574707,0.9888820459758337,0,0,582.482551574707,0.9999999403953552,,
1859,,,,,1.3248502612113953,120.83733749389648,0.317963934969157,589.3493392593227,582.8002166748047,0.9888875372410703,0,0,582.8002166748047,1.0000001192092896,,
1860,7.901347020771082,7.7049596309661865,53.64178657531738,1.0693219155073166,1.3248504400253296,120.90118789672852,0.3179642087779939,589.6673034681007,583.1178932189941,0.9888930415327634,0,0,583.1178932189941,1.0000001192092896,,
1861,,,,,1.3248296976089478,120.96503829956055,0.31795893469825387,589.985262402799,583.4355688095093,0.9888985471152005,0,0,583.4355688095093,0.9999998211860657,,
1862,,,,,1.3248201608657837,121.02888488769531,0.3179570105858147,590.3032194133848,583.7532119750977,0.9889039950607126,0,0,583.7532119750977,1.0,,
1863,,,,,1.3248331546783447,121.09273147583008,0.31796017894521356,590.62117959233,584.070878982544,0.9889094722029638,0,0,584.070878982544,1.0,,
1864,,,,,1.324840784072876,121.15658187866211,0.31796166580170393,590.9391412581317,584.3885650634766,0.9889149732395289,0,0,584.3885650634766,0.9999999403953552,,
1865,,,,,1.3248458504676819,121.2204360961914,0.3179628988727927,591.2571041570045,584.7062358856201,0.9889204404897165,0,0,584.7062358856201,0.9999999403953552,,
1866,,,,,1.3249164819717407,121.2842903137207,0.31797977862879634,591.5750839356333,585.0239276885986,0.9889259091112288,0,0,585.0239276885986,0.9999996423721313,,
1867,,,,,1.3249083757400513,121.3481559753418,0.31797796161845326,591.8930618972518,585.3416061401367,0.9889313523356466,0,0,585.3416061401367,0.9999999403953552,,
1868,,,,,1.3249098062515259,121.41200637817383,0.3179784454405308,592.2110403426923,585.6592855453491,0.9889367905171897,0,0,585.6592855453491,1.0000001192092896,,
1869,,,,,1.3249091506004333,121.47587585449219,0.31797822238877416,592.5290185650811,585.9769849777222,0.9889422570337114,0,0,585.9769849777222,1.0000001192092896,,
1870,7.915006315882304,7.7013115882873535,54.040645599365234,0.9522128254175186,1.3249127268791199,121.53973388671875,0.31797921983525157,592.8469977849163,586.2946701049805,0.9889476918928178,0,0,586.2946701049805,1.0000001192092896,,
1871,,,,,1.3248842358589172,121.60359191894531,0.3179721860215068,593.1649699709378,586.6123580932617,0.9889531374754006,0,0,586.6123580932617,1.0,,
1872,,,,,1.3248582482337952,121.66745376586914,0.3179659489542246,593.482935919892,586.930027961731,0.9889585570847035,0,0,586.930027961731,1.0,,
1873,,,,,1.32487952709198,121.73131561279297,0.31797081185504794,593.8009067317471,587.2477340698242,0.9889640238207242,0,0,587.2477340698242,1.0,,
1874,,,,,1.3248835802078247,121.7951889038086,0.317972328979522,594.1188790607266,587.5653991699219,0.9889694131565614,0,0,587.5653991699219,0.9999999403953552,,
1875,,,,,1.3248827457427979,121.85903930664062,0.3179721189662814,594.4368511796929,587.8830871582031,0.9889748355801218,0,0,587.8830871582031,1.0,,
1876,,,,,1.3248297572135925,121.92291259765625,0.3179593118838966,594.7548104915768,588.2007541656494,0.9889802382253767,0,0,588.2007541656494,0.9999999403953552,,
1877,,,,,1.3248558640480042,121.98677444458008,0.3179654278792441,595.072775919456,588.5184297561646,0.9889856393561859,0,0,588.5184297561646,0.9999999403953552,,
1878,,,,,1.3248436450958252,122.05064010620117,0.3179624881595373,595.3907384076156,588.8360958099365,0.9889910235835871,0,0,588.8360958099365,0.9999999403953552,,
1879,,,,,1.3248395323753357,122.11450576782227,0.31796178268268704,595.7087001902983,589.1537704467773,0.98899641764267,0,0,589.1537704467773,0.9999999403953552,,
1880,7.9297527987010294,7.691597104072571,54.576576232910156,0.9411190152168274,1.3248623609542847,122.17837524414062,0.31796684861183167,596.0266670389101,589.471435546875,0.989001781540073,0,0,589.471435546875,0.9999999403953552,,
1881,,,,,1.324824869632721,122.24224472045898,0.3179578809067607,596.3446249198169,589.7891454696655,0.9890072297523705,0,0,589.7891454696655,0.9999998807907104,,
1882,,,,,1.3248394131660461,122.30611419677734,0.31796154472976923,596.6625864645466,590.1067924499512,0.9890125605940168,0,0,590.1067924499512,1.0,,
1883,,,,,1.324856698513031,122.36999130249023,0.3179656211286783,596.9805520856753,590.4244537353516,0.9890179029661524,0,0,590.4244537353516,0.9999999403953552,,
1884,,,,,1.3248355388641357,122.4338607788086,0.3179608196951449,597.2985129053704,590.7421398162842,0.989023289113519,0,0,590.7421398162842,0.9999999403953552,,
1885,,,,,1.324854850769043,122.49773406982422,0.3179651158861816,597.6164780212566,591.0598068237305,0.9890286305035686,0,0,591.0598068237305,1.0,,
1886,,,,,1.324910283088684,122.56161499023438,0.3179784566164017,597.934456477873,591.3774948120117,0.9890339792349716,0,0,591.3774948120117,0.9999998807907104,,
1887,,,,,1.3249159455299377,122.62549209594727,0.3179796887561679,598.2524361666292,591.6952056884766,0.9890393585019563,0,0,591.6952056884766,1.0,,
1888,,,,,1.3249202370643616,122.68938064575195,0.3179808799177408,598.5704170465469,592.0128936767578,0.9890446918473751,0,0,592.0128936767578,1.0,,
1889,,,,,1.3249123096466064,122.75325775146484,0.31797909876331687,598.8883961453103,592.330605506897,0.9890500622810144,0,0,592.330605506897,1.0,,
1890,7.9444704255893095,7.687680244445801,54.9923095703125,0.9765218645334244,1.3249115347862244,122.81713485717773,0.3179784123785794,599.2063745576888,592.6482934951782,0.9890553883587228,0,0,592.6482934951782,1.0,,
1891,,,,,1.3248810768127441,122.88101577758789,0.31797148333862424,599.5243460410275,592.9659805297852,0.9890607186271055,0,0,592.9659805297852,1.0,,
1892,,,,,1.3248875737190247,122.94490051269531,0.3179727350361645,599.8423187760636,593.2836675643921,0.9890660411805305,0,0,593.2836675643921,0.9999999403953552,,
1893,,,,,1.3248856663703918,123.0087890625,0.3179724928922951,600.1602912689559,593.6013565063477,0.9890713616711607,0,0,593.6013565063477,1.0,,
1894,,,,,1.324876070022583,123.07267379760742,0.31797058787196875,600.4782618568279,593.9190311431885,0.9890766558420322,0,0,593.9190311431885,1.0000001192092896,,
1895,,,,,1.3248746991157532,123.13655853271484,0.3179698479361832,600.7962317047641,594.236738204956,0.9890819995971073,0,0,594.236738204956,1.0,,
1896,,,,,1.3248754739761353,123.200439453125,0.31797010032460093,601.1142018050887,594.5544147491455,0.9890872865151984,0,0,594.5544147491455,0.9999999403953552,,
1897,,,,,1.3248465657234192,123.26432418823242,0.317963024135679,601.4321648292243,594.8720855712891,0.9890925699662255,0,0,594.8720855712891,1.0,,
1898,,,,,1.3248524069786072,123.32821273803711,0.3179645552299917,601.7501293844543,595.1897716522217,0.9890978706744202,0,0,595.1897716522217,1.0,,
1899,,,,,1.3248549103736877,123.3921012878418,0.31796512100845575,602.0680945054628,595.5074415206909,0.9891031379263474,0,0,595.5074415206909,1.0,,
1900,7.958773629440571,7.682354092597961,55.140597343444824,1.0725760757923126,1.3248677253723145,123.45599365234375,0.31796828750520945,602.386062792968,595.8251495361328,0.9891084577448281,0,0,595.8251495361328,1.0,b9e223fa01ea1109a06fc5f04137b018c50555e5393b07b66ebae760deec1133,True
1901,,,,,1.3248634338378906,123.51987838745117,0.3179669766686857,602.7040297696367,596.1428146362305,0.9891137028967352,0,0,596.1428146362305,0.9999998211860657,,
1902,,,,,1.3248512744903564,123.58377838134766,0.31796437222510576,603.0219941418618,596.4605026245117,0.9891189847450117,0,0,596.4605026245117,1.0,,
1903,,,,,1.3248502612113953,123.64767074584961,0.3179641403257847,603.3399582821876,596.7781848907471,0.9891242519223755,0,0,596.7781848907471,1.0000001192092896,,
1904,,,,,1.3248344659805298,123.71156311035156,0.3179604122415185,603.6579186944291,597.0958776473999,0.9891295370377607,0,0,597.0958776473999,1.0,,
1905,,,,,1.3248507976531982,123.77545928955078,0.3179644257761538,603.9758831202053,597.4135618209839,0.9891347958045598,0,0,597.4135618209839,1.0,,
1906,,,,,1.3249311447143555,123.83935546875,0.31798358354717493,604.2938667037524,597.7312545776367,0.9891400318823127,0,0,597.7312545776367,0.9999998211860657,,
1907,,,,,1.3249308466911316,123.90326309204102,0.31798344338312745,604.6118501471356,598.0489654541016,0.989145292651082,0,0,598.0489654541016,0.9999999403953552,,
1908,,,,,1.3249508142471313,123.96715927124023,0.3179884748533368,604.9298386219889,598.3666534423828,0.9891505018258683,0,0,598.3666534423828,0.9999999403953552,,
1909,,,,,1.3249403238296509,124.03105926513672,0.3179856459610164,605.2478242679499,598.6843633651733,0.989155746390801,0,0,598.6843633651733,1.0,,
1910,7.971967079598274,7.675955057144165,55.371039390563965,0.9774849265813828,1.3249154090881348,124.094970703125,0.31797957699745893,605.5658038449474,599.002046585083,0.9891609512654285,0,0,599.002046585083,0.9999999403953552,,
1911,,,,,1.3249081373214722,124.15887069702148,0.31797785172238946,605.8837816966698,599.3197631835938,0.9891662085842673,0,0,599.3197631835938,0.9999999403953552,,
1912,,,,,1.3248926997184753,124.22277069091797,0.3179744123481214,606.2017561090179,599.6374464035034,0.9891714109380855,0,0,599.6374464035034,0.9999999403953552,,
1913,,,,,1.3249056935310364,124.28668212890625,0.31797734508290887,606.5197334541008,599.9551610946655,0.9891766549423687,0,0,599.9551610946655,1.0,,
1914,,,,,1.3249000310897827,124.35058212280273,0.31797578604891896,606.8377092401497,600.2728471755981,0.989181848845925,0,0,600.2728471755981,1.0000001192092896,,
1915,,,,,1.3248951435089111,124.41448974609375,0.3179749003611505,607.1556841405109,600.5905380249023,0.9891870466058419,0,0,600.5905380249023,1.0,,
1916,,,,,1.3248697519302368,124.47839736938477,0.31796892546117306,607.473653065972,600.9082193374634,0.989192232954675,0,0,600.9082193374634,0.9999998807907104,,
1917,,,,,1.3248682022094727,124.54230880737305,0.3179685496725142,607.7916216156445,601.2259330749512,0.9891974678373464,0,0,601.2259330749512,1.0,,
1918,,,,,1.3248670101165771,124.60621643066406,0.3179679843597114,608.1095896000043,601.5436058044434,0.989202630729963,0,0,601.5436058044434,1.0,,
1919,,,,,1.3248562812805176,124.67012405395508,0.31796572310850024,608.4275553231128,601.8612899780273,0.9892078107119929,0,0,601.8612899780273,1.0,,
1920,7.985783558474435,7.667175054550171,55.79158306121826,0.833342507481575,1.3248671889305115,124.7340316772461,0.3179679298773408,608.7455232529901,602.1789779663086,0.9892129879631928,0,0,602.1789779663086,1.0,,
1921,,,,,1.324874460697174,124.79793930053711,0.31796971801668406,609.0634929710068,602.4966878890991,0.9892181929179898,0,0,602.4966878890991,0.9999998211860657,,
1922,,,,,1.3248553276062012,124.86185073852539,0.31796527141705155,609.3814582424238,602.8143768310547,0.989223365229538,0,0,602.8143768310547,1.0,,
1923,,,,,1.3248536586761475,124.92576599121094,0.317964852321893,609.6994230947457,603.1320419311523,0.9892284937219403,0,0,603.1320419311523,0.9999999403953552,,
1924,,,,,1.3248509168624878,124.98967742919922,0.3179641435854137,610.0173872383311,603.4497308731079,0.9892336571012225,0,0,603.4497308731079,1.0,,
1925,,,,,1.324857234954834,125.05359268188477,0.3179656877182424,610.3353529260494,603.7674369812012,0.9892388407236095,0,0,603.7674369812012,1.0,,
1926,,,,,1.3249359726905823,125.11751937866211,0.31798452185466886,610.653337447904,604.0851249694824,0.9892439587641114,0,0,604.0851249694824,0.9999998807907104,,
1927,,,,,1.3249430656433105,125.18143463134766,0.31798641523346305,610.9713238631375,604.4028434753418,0.989249118360802,0,0,604.4028434753418,1.0,,
1928,,,,,1.3249511122703552,125.24535751342773,0.3179886140860617,611.2893124772236,604.7205696105957,0.9892542815119582,0,0,604.7205696105957,1.0,,
1929,,,,,1.3249282836914062,125.30928039550781,0.3179828366264701,611.60729531385,605.038254737854,0.9892593815895768,0,0,605.038254737854,0.9999999403953552,,
1930,7.999624678369854,7.6631011962890625,56.19770908355713,0.8762783110141754,1.3249504566192627,125.37320709228516,0.3179880538955331,611.9252833677456,605.3559722900391,0.98926452092067,0,0,605.3559722900391,0.9999999403953552,,
1931,,,,,1.3248843550682068,125.43712615966797,0.31797237414866686,612.2432557418942,605.6736602783203,0.9892696319608876,0,0,605.6736602783203,0.9999998807907104,,
1932,,,,,1.324903130531311,125.50105285644531,0.3179767341352999,612.5612324760295,605.9913492202759,0.9892747322105276,0,0,605.9913492202759,0.9999999403953552,,
1933,,,,,1.3249074816703796,125.56497955322266,0.31797768268734217,612.8792101587169,606.3090658187866,0.9892798707624136,0,0,606.3090658187866,1.0,,
1934,,,,,1.3248870372772217,125.62891006469727,0.3179724342189729,613.1971825929359,606.626766204834,0.9892849860132763,0,0,606.626766204834,0.9999999403953552,,
1935,,,,,1.3249076008796692,125.69282531738281,0.31797791505232453,613.5151605079882,606.9444589614868,0.9892900746885182,0,0,606.9444589614868,1.0,,
1936,,,,,1.3248825073242188,125.75675582885742,0.3179718004539609,613.8331323084421,607.2621688842773,0.9892951959118688,0,0,607.2621688842773,0.9999998807907104,,
1937,,,,,1.3248761296272278,125.82068252563477,0.3179702856577933,614.1511025940999,607.5798568725586,0.9893002785572049,0,0,607.5798568725586,0.9999999403953552,,
1938,,,,,1.3248619437217712,125.88460922241211,0.31796714244410396,614.469069736544,607.8975677490234,0.9893053982516334,0,0,607.8975677490234,1.0000001192092896,,
1939,,,,,1.3248745203018188,125.94853591918945,0.31797004817053676,614.7870397847146,608.2152271270752,0.9893104242081263,0,0,608.2152271270752,1.0,,
1940,8.013541407287516,7.657010555267334,56.54814910888672,0.8336968570947647,1.3248667120933533,126.0124740600586,0.3179679261520505,615.1050077108666,608.5329437255859,0.9893155414069219,0,0,608.5329437255859,1.0,,
1941,,,,,1.3248754739761353,126.07640075683594,0.31797030195593834,615.4229780128226,608.8506383895874,0.9893206138573863,0,0,608.8506383895874,0.9999999403953552,,
1942,,,,,1.3248667120933533,126.14033126831055,0.3179683028720319,615.7409463156946,609.1683340072632,0.989325685829796,0,0,609.1683340072632,0.9999999403953552,,
1943,,,,,1.3248611092567444,126.20426940917969,0.3179666348733008,616.0589129505679,609.4860258102417,0.9893307490531273,0,0,609.4860258102417,1.0,,
1944,,,,,1.324878990650177,126.26820373535156,0.317970871925354,616.3768838224933,609.8036956787109,0.9893357646655738,0,0,609.8036956787109,1.0,,
1945,,,,,1.3249012231826782,126.33213806152344,0.3179762940853834,616.6948601165786,610.1214170455933,0.9893408499144232,0,0,610.1214170455933,1.0,,
1946,,,,,1.3249563574790955,126.39607620239258,0.31798984529450536,617.0128499618731,610.4391403198242,0.9893459112845767,0,0,610.4391403198242,0.9999998807907104,,
1947,,,,,1.3249565362930298,126.46001434326172,0.317989450879395,617.3308394127525,610.7568492889404,0.9893509449000365,0,0,610.7568492889404,0.9999999403953552,,
1948,,,,,1.3249587416648865,126.52396011352539,0.3179900599643588,617.6488294727169,611.07457447052,0.989355998605534,0,0,611.07457447052,1.0,,
1949,,,,,1.3249568939208984,126.5879020690918,0.3179895579814911,617.9668190306984,611.3922748565674,0.9893610077893107,0,0,611.3922748565674,1.0,,
1950,8.027866463832172,7.652397990226746,56.87304878234863,0.7646065950393677,1.3249566555023193,126.65184783935547,0.3179894993081689,618.2848085300066,611.7100067138672,0.9893660628153356,0,0,611.7100067138672,1.0,,
1951,,,,,1.3249290585517883,126.71579360961914,0.3179832734167576,618.6027918034233,612.0276985168457,0.9893710578521475,0,0,612.0276985168457,1.0,,
1952,,,,,1.3249187469482422,126.77973556518555,0.3179801907390356,618.9207719941624,612.3454284667969,0.9893761143188315,0,0,612.3454284667969,1.0,,
1953,,,,,1.3249139189720154,126.84367752075195,0.31797924218699336,619.2387512363493,612.6631336212158,0.9893811270660857,0,0,612.6631336212158,1.0,,
1954,,,,,1.3249178528785706,126.90762329101562,0.31798016792163253,619.556731404271,612.9808502197266,0.9893861516609775,0,0,612.9808502197266,1.0,,
1955,,,,,1.3249062299728394,126.97157287597656,0.3179772663861513,619.8747086706571,613.2985429763794,0.9893911372696886,0,0,613.2985429763794,1.0,,
1956,,,,,1.3249076008796692,127.0355224609375,0.31797773763537407,620.1926864082925,613.6162490844727,0.9893961385421894,0,0,613.6162490844727,0.9999999403953552,,
1957,,,,,1.324891209602356,127.09946823120117,0.3179739988408983,620.5106604071334,613.9339599609375,0.9894011483350152,0,0,613.9339599609375,0.9999999403953552,,
1958,,,,,1.3248960971832275,127.16341400146484,0.31797490594908595,620.8286353130825,614.251651763916,0.9894061208277696,0,0,614.251651763916,0.9999999403953552,,
1959,,,,,1.324883759021759,127.22735977172852,0.3179721091873944,621.1466074222699,614.5693588256836,0.9894111172499475,0,0,614.5693588256836,1.0,,
1960,8.038943055901395,7.652111530303955,57.217814445495605,0.7023874968290329,1.3248903155326843,127.29131698608398,0.31797352666035295,621.4645809489302,614.887059211731,0.9894160955606562,0,0,614.887059211731,1.0,,
1961,,,,,1.32487952709198,127.35525512695312,0.3179708905518055,621.782551839482,615.2047576904297,0.9894210699068451,0,0,615.2047576904297,0.9999998807907104,,
1962,,,,,1.3248900175094604,127.41921615600586,0.31797353643924,622.1005253759213,615.5224685668945,0.989426054888713,0,0,615.5224685668945,0.9999999403953552,,
1963,,,,,1.3248913884162903,127.48316955566406,0.31797433318570256,622.418499709107,615.8401784896851,0.9894310319784881,0,0,615.8401784896851,1.0,,
1964,,,,,1.3248873353004456,127.547119140625,0.31797307822853327,622.7364727873355,616.1578903198242,0.9894360090423692,0,0,616.1578903198242,1.0,,
1965,,,,,1.3248957395553589,127.6110725402832,0.31797489151358604,623.0544476788491,616.4756011962891,0.9894409766159761,0,0,616.4756011962891,0.9999999403953552,,
1966,,,,,1.3249570727348328,127.6750373840332,0.3179893917404115,623.3724370705895,616.793309211731,0.9894459115167542,0,0,616.793309211731,0.9999999403953552,,
1967,,,,,1.324948787689209,127.7389907836914,0.3179874620400369,623.6904245326295,617.1110277175903,0.9894508612666764,0,0,617.1110277175903,1.0,,
1968,,,,,1.3249545097351074,127.80294799804688,0.31798915890976787,624.0084136915393,617.4287376403809,0.9894557895265624,0,0,617.4287376403809,1.0,,
1969,,,,,1.3249592185020447,127.86691284179688,0.3179901633411646,624.3264038548805,617.7464752197266,0.9894607554725743,0,0,617.7464752197266,1.0,,
1970,8.048361307374668,7.655460953712463,57.520103454589844,0.693978875875473,1.324950933456421,127.93087387084961,0.3179881777614355,624.6443920326419,618.0641784667969,0.9894656645448564,0,0,618.0641784667969,1.0,,
1971,,,,,1.3249134421348572,127.99483871459961,0.3179791425354779,624.9623711751774,618.3819036483765,0.9894706180238851,0,0,618.3819036483765,1.0,,
1972,,,,,1.3249171376228333,128.05879974365234,0.31797999050468206,625.2803511656821,618.6996402740479,0.9894755834253114,0,0,618.6996402740479,1.0000001192092896,,
1973,,,,,1.32492595911026,128.12276077270508,0.31798228435218334,625.5983334500343,619.0173110961914,0.9894804349660732,0,0,619.0173110961914,1.0,,
1974,,,,,1.3249264359474182,128.1867332458496,0.31798231648281217,625.9163157665171,619.3350448608398,0.9894853820871907,0,0,619.3350448608398,1.0,,
1975,,,,,1.324932873249054,128.25070190429688,0.3179838606156409,626.2342996271327,619.6527786254883,0.9894903217444906,0,0,619.6527786254883,1.0,,
1976,,,,,1.3248772621154785,128.3146629333496,0.31797033455222845,626.5522699616849,619.9704437255859,0.9894951681581131,0,0,619.9704437255859,0.9999998807907104,,
1977,,,,,1.3249136805534363,128.3786277770996,0.31797940796241164,626.8702493696474,620.288200378418,0.9895001413803749,0,0,620.288200378418,1.0000001192092896,,
1978,,,,,1.3249014019966125,128.44258880615234,0.31797654600813985,627.1882259156555,620.6058883666992,0.9895050045951557,0,0,620.6058883666992,1.0,,
1979,,,,,1.324890911579132,128.50656127929688,0.31797352246940136,627.5061994381249,620.9235820770264,0.9895098767677615,0,0,620.9235820770264,0.9999999403953552,,
1980,8.058891193040338,7.657425761222839,57.88761329650879,0.6937275677919388,1.324891746044159,128.57052993774414,0.3179738544858992,627.8241732926108,621.2413101196289,0.9895147981664051,0,0,621.2413101196289,1.0,,
1981,,,,,1.3249053955078125,128.63450241088867,0.31797746382653713,628.1421507564373,621.5590209960938,0.9895196815682296,0,0,621.5590209960938,0.9999998807907104,,
1982,,,,,1.3248862028121948,128.69847106933594,0.31797251058742404,628.4601232670248,621.8767127990723,0.9895245374778436,0,0,621.8767127990723,1.0000001192092896,,
1983,,,,,1.3249154686927795,128.76244354248047,0.3179796659387648,628.7781029329635,622.1944427490234,0.9895294378839986,0,0,622.1944427490234,1.0000001192092896,,
1984,,,,,1.3248781561851501,128.826416015625,0.3179709194228053,629.0960738523863,622.5121326446533,0.9895342834244442,0,0,622.5121326446533,1.0000001192092896,,
1985,,,,,1.3249133825302124,128.89038848876953,0.31797921704128385,629.4140530694276,622.8298673629761,0.9895391822372828,0,0,622.8298673629761,1.0,,
1986,,,,,1.3249692916870117,128.9543685913086,0.31799267372116446,629.7320457431488,623.1475849151611,0.9895440276979738,0,0,623.1475849151611,0.9999999403953552,,
1987,,,,,1.324971854686737,129.01834106445312,0.31799341132864356,630.0500391544774,623.465311050415,0.9895488807319177,0,0,623.465311050415,0.9999999403953552,,
1988,,,,,1.32496976852417,129.08232498168945,0.31799323484301567,630.3680323893204,623.7830648422241,0.9895537730202816,0,0,623.7830648422241,0.9999999403953552,,
1989,,,,,1.3249770402908325,129.14630508422852,0.31799460481852293,630.686026994139,624.1007671356201,0.9895585765711263,0,0,624.1007671356201,1.0,,
1990,8.068808554843127,7.659862995147705,58.32529640197754,0.6826230734586716,1.3249660730361938,129.2102813720703,0.3179919719696045,631.0040189661086,624.4185104370117,0.9895634443978849,0,0,624.4185104370117,0.9999999403953552,,
1991,,,,,1.3249326944351196,129.27426147460938,0.31798360170796514,631.3220025678165,624.7362213134766,0.9895682690805101,0,0,624.7362213134766,0.9999999403953552,,
1992,,,,,1.3249390125274658,129.33824920654297,0.317985197994858,631.6399877658114,625.0539321899414,0.9895730864045409,0,0,625.0539321899414,0.9999999403953552,,
1993,,,,,1.3249194622039795,129.40222930908203,0.31798086035996675,631.9579686261714,625.3716659545898,0.989577941890818,0,0,625.3716659545898,0.9999998807907104,,
1994,,,,,1.3249484300613403,129.4662094116211,0.3179873893968761,632.2759560155682,625.6893768310547,0.9895827460749553,0,0,625.6893768310547,1.0,,
1995,,,,,1.3249226212501526,129.5301971435547,0.3179813325405121,632.5939373481087,626.0071105957031,0.989587591085651,0,0,626.0071105957031,1.0,,
1996,,,,,1.3248956203460693,129.59417724609375,0.31797492085024714,632.911912268959,626.3248271942139,0.9895924141305356,0,0,626.3248271942139,0.9999999403953552,,
1997,,,,,1.3248866200447083,129.6581573486328,0.3179728761315346,633.2298851450905,626.6425323486328,0.9895972174545278,0,0,626.6425323486328,1.0,,
1998,,,,,1.3248969316482544,129.72214889526367,0.3179754023440182,633.5478605474345,626.9602575302124,0.9896020436221962,0,0,626.9602575302124,0.9999999403953552,,
1999,,,,,1.324904203414917,129.7861328125,0.31797716952860355,633.8658377169631,627.2779541015625,0.9896068170527541,0,0,627.2779541015625,0.9999999403953552,,
2000,8.079541080469788,7.663198232650757,58.71452808380127,0.6826890110969543,1.3249139189720154,129.85011672973633,0.3179792258888483,634.183816942852,627.5956649780273,0.989611605044442,0,0,627.5956649780273,0.9999998807907104,4e7ae901f3e6d02eefc40f76faaf59236a4ab1c5a74b329407d701c41a246f65,True
2001,,,,,1.3248955607414246,129.9141082763672,0.31797514110803604,634.50179208396,627.9133987426758,0.9896164306807609,0,0,627.9133987426758,0.9999998211860657,,
2002,,,,,1.3248997926712036,129.97809600830078,0.3179758619517088,634.8197679459117,628.231086730957,0.9896211782498917,0,0,628.231086730957,0.9999999403953552,,
2003,,,,,1.3248960375785828,130.04208374023438,0.317975000012666,635.1377429459244,628.5488204956055,0.9896259944815137,0,0,628.5488204956055,0.9999999403953552,,
2004,,,,,1.3249201774597168,130.1060791015625,0.3179810354486108,635.455723981373,628.8665313720703,0.9896307604753013,0,0,628.8665313720703,1.0,,
2005,,,,,1.3248847126960754,130.17007064819336,0.3179723033681512,635.7736962847412,629.1842632293701,0.9896355682943812,0,0,629.1842632293701,0.9999998807907104,,
2006,,,,,1.3249689936637878,130.23406219482422,0.3179922509007156,636.0916885356419,629.5019760131836,0.989640310286667,0,0,629.5019760131836,0.9999999403953552,,
2007,,,,,1.3249725699424744,130.2980613708496,0.3179931533522904,636.4096816889942,629.8197135925293,0.9896450850983655,0,0,629.8197135925293,0.9999999403953552,,
2008,,,,,1.3249761462211609,130.36205673217773,0.3179945177398622,636.727676206734,630.1374664306641,0.9896498769845662,0,0,630.1374664306641,1.0,,
2009,,,,,1.3249775767326355,130.42605590820312,0.3179945615120232,637.045670768246,630.4551773071289,0.9896545981496581,0,0,630.4551773071289,1.0,,
2010,8.091533734852257,7.6682257652282715,59.057291984558105,0.6551930159330368,1.3249823451042175,130.49005508422852,0.31799555430188775,637.3636663225479,630.7729263305664,0.9896593729134111,0,0,630.7729263305664,0.9999999403953552,,
2011,,,,,1.324939787387848,130.5540542602539,0.31798568833619356,637.6816520108841,631.0906295776367,0.9896640864411511,0,0,631.0906295776367,0.9999999403953552,,
2012,,,,,1.324957251548767,130.6180534362793,0.31798976566642523,637.9996417765506,631.4083786010742,0.9896688606954017,0,0,631.4083786010742,0.9999999403953552,,
2013,,,,,1.3249512910842896,130.68205642700195,0.3179884101264179,638.317630186677,631.7261123657227,0.9896736083898738,0,0,631.7261123657227,1.0,,
2014,,,,,1.3249510526657104,130.74605560302734,0.31798836030066013,638.6356185469776,632.0438251495361,0.9896783185810397,0,0,632.0438251495361,0.9999999403953552,,
2015,,,,,1.3249452114105225,130.81005859375,0.3179867663420737,638.9536053133197,632.3615770339966,0.9896830877476751,0,0,632.3615770339966,1.0,,
2016,,,,,1.3249282240867615,130.8740577697754,0.3179828803986311,639.2715881937183,632.6792802810669,0.989687782103254,0,0,632.6792802810669,0.9999998211860657,,
2017,,,,,1.3249152898788452,130.9380645751953,0.31797983404248953,639.5895680277608,632.9970016479492,0.9896925048353408,0,0,632.9970016479492,0.9999999403953552,,
2018,,,,,1.324917733669281,131.00206756591797,0.3179800291545689,639.9075480569154,633.3147382736206,0.9896972464173693,0,0,633.3147382736206,0.9999999403953552,,
2019,,,,,1.3249252438545227,131.0660743713379,0.3179819630458951,640.2255300199613,633.6324462890625,0.9897019356121362,0,0,633.6324462890625,1.0,,
2020,8.10219149443891,7.672284841537476,59.44378662109375,0.6776764243841171,1.3249239921569824,131.13007736206055,0.3179816356860101,640.5435116556473,633.9501800537109,0.9897066608560358,0,0,633.9501800537109,0.9999999403953552,,
2021,,,,,1.3249232769012451,131.19408416748047,0.31798156537115574,640.8614932210185,634.2679328918457,0.9897114112816577,0,0,634.2679328918457,0.9999995827674866,,
2022,,,,,1.3249080181121826,131.25809478759766,0.3179780999198556,641.1794713209383,634.5856246948242,0.9897160671527261,0,0,634.5856246948242,0.9999999403953552,,
2023,,,,,1.3249223828315735,131.3220977783203,0.3179814089089632,641.4974527298473,634.9033355712891,0.9897207430356918,0,0,634.9033355712891,1.0,,
2024,,,,,1.3249203562736511,131.38610076904297,0.3179806633852422,641.8154333932325,635.2210693359375,0.9897254510966929,0,0,635.2210693359375,0.9999998807907104,,
2025,,,,,1.3249200582504272,131.4501190185547,0.31798041611909866,642.1334138093516,635.5387868881226,0.9897301296281896,0,0,635.5387868881226,0.9999999403953552,,
2026,,,,,1.3249862790107727,131.5141258239746,0.31799643160775304,642.4514102409594,635.8565368652344,0.9897348293262326,0,0,635.8565368652344,0.9999999403953552,,
2027,,,,,1.3249793648719788,131.5781364440918,0.3179951561614871,642.7694053971209,636.1742630004883,0.9897394892456667,0,0,636.1742630004883,1.0,,
2028,,,,,1.3249819874763489,131.64215469360352,0.31799597991630435,643.0874013770372,636.4920053482056,0.9897441684991652,0,0,636.4920053482056,1.0,,
2029,,,,,1.3249875903129578,131.7061767578125,0.31799702998250723,643.4053984070197,636.8097610473633,0.9897488622632212,0,0,636.8097610473633,1.0000001192092896,,
2030,8.112037916044157,7.674973011016846,59.804086685180664,0.6734061688184738,1.3249810338020325,131.7701873779297,0.3179954085499048,643.7233938155696,637.127498626709,0.9897535257344533,0,0,637.127498626709,1.0000001192092896,,
2031,,,,,1.3249428272247314,131.83420181274414,0.3179862452670932,644.0413800608367,637.4452209472656,0.9897581749903259,0,0,637.4452209472656,0.9999999403953552,,
2032,,,,,1.324962854385376,131.89822387695312,0.3179913745261729,644.3593714353628,637.7629623413086,0.989762841379398,0,0,637.7629623413086,1.0000001192092896,,
2033,,,,,1.3249555230140686,131.9622344970703,0.31798928789794445,644.6773607232608,638.08069896698,0.9897674989720733,0,0,638.08069896698,1.0000001192092896,,
2034,,,,,1.3249581456184387,132.0262565612793,0.31798987463116646,644.995350597892,638.3984298706055,0.9897721422004478,0,0,638.3984298706055,1.0,,
2035,,,,,1.3249597549438477,132.09027481079102,0.317990118637681,645.3133407165296,638.7161407470703,0.989776749443712,0,0,638.7161407470703,1.0,,
2036,,,,,1.324933111667633,132.154296875,0.3179838601499796,645.6313245766796,639.0338773727417,0.9897814016253553,0,0,639.0338773727417,0.9999999403953552,,
2037,,,,,1.3249137997627258,132.21832275390625,0.3179792771115899,645.9493038537912,639.3516082763672,0.989786047390929,0,0,639.3516082763672,1.0,,
2038,,,,,1.3249056339263916,132.28234481811523,0.3179772035218775,646.2672810573131,639.6693563461304,0.9897907183226275,0,0,639.6693563461304,1.0,,
2039,,,,,1.3249229192733765,132.34635543823242,0.31798155000433326,646.5852626073174,639.9870595932007,0.9897953086844095,0,0,639.9870595932007,0.9999999403953552,,
2040,8.121933360308764,7.68063497543335,60.191020011901855,0.6408047527074814,1.3249230980873108,132.41038131713867,0.317981721367687,646.9032443286851,640.3048048019409,0.9897999591367135,0,0,640.3048048019409,0.9999999403953552,,
2041,,,,,1.3249364495277405,132.47440338134766,0.3179846196435392,647.2212289483286,640.6225280761719,0.9898045666968001,0,0,640.6225280761719,0.9999998211860657,,
2042,,,,,1.324933111667633,132.53842544555664,0.3179840547963977,647.539213003125,640.9402456283569,0.9898091617584598,0,0,640.9402456283569,0.9999999403953552,,
2043,,,,,1.324913501739502,132.60245513916016,0.3179789902642369,647.8571919933893,641.2579879760742,0.9898137983202578,0,0,641.2579879760742,1.0000001192092896,,
2044,,,,,1.3249168395996094,132.66647338867188,0.3179799332283437,648.1751719266176,641.5757026672363,0.9898183862245661,0,0,641.5757026672363,1.0,,
2045,,,,,1.3249274492263794,132.73049926757812,0.3179828207939863,648.4931547474116,641.8934335708618,0.9898229902224313,0,0,641.8934335708618,1.0,,
2046,,,,,1.324982464313507,132.7945327758789,0.31799594359472394,648.8111506910063,642.2111892700195,0.9898276079041511,0,0,642.2111892700195,0.9999999403953552,,
2047,,,,,1.3250011801719666,132.85857009887695,0.31800062814727426,649.1291513191536,642.5289297103882,0.9898321904117947,0,0,642.5289297103882,1.0,,
2048,,,,,1.3249878883361816,132.92260360717773,0.31799706164747477,649.4471483808011,642.8466596603394,0.9898367577147439,0,0,642.8466596603394,1.0,,
2049,,,,,1.324986457824707,132.98662948608398,0.3179967445321381,649.7651451253332,643.1644134521484,0.9898413577233162,0,0,643.1644134521484,1.0,,
2050,8.130191149464641,7.685258150100708,60.5424747467041,0.6179172843694687,1.3249802589416504,133.05066299438477,0.3179954718798399,650.0831405972131,643.4821929931641,0.9898459947784741,0,0,643.4821929931641,1.0000001192092896,,
2051,,,,,1.3249662518501282,133.1147003173828,0.31799212750047445,650.4011327247135,643.7999067306519,0.9898505312153927,0,0,643.7999067306519,1.0,,
2052,,,,,1.324967384338379,133.17873001098633,0.31799194402992725,650.7191246687435,644.1176376342773,0.9898550898779443,0,0,644.1176376342773,0.9999999403953552,,
2053,,,,,1.324957549571991,133.24276733398438,0.3179895328357816,651.0371142015792,644.4353857040405,0.9898596741206744,0,0,644.4353857040405,1.0,,
2054,,,,,1.3249654173851013,133.30680084228516,0.317991707008332,651.3551059085876,644.7531280517578,0.9898642417984557,0,0,644.7531280517578,1.0000001192092896,,
2055,,,,,1.3249828815460205,133.37083435058594,0.31799578852951527,651.6731016971171,645.0708847045898,0.9898688207702075,0,0,645.0708847045898,1.0000001192092896,,
2056,,,,,1.324932038784027,133.43487167358398,0.31798372231423855,651.9910854194313,645.3885955810547,0.9898733433845491,0,0,645.3885955810547,0.9999999403953552,,
2057,,,,,1.3249298334121704,133.4989128112793,0.31798332184553146,652.3090687412769,645.7063302993774,0.9898778987472283,0,0,645.7063302993774,1.0,,
2058,,,,,1.3249068856239319,133.56294631958008,0.3179777474142611,652.6270464886911,646.0240812301636,0.9898824829677926,0,0,646.0240812301636,1.0,,
2059,,,,,1.324945867061615,133.6269874572754,0.3179869535379112,652.945033442229,646.341796875,0.9898869947253924,0,0,646.341796875,1.0,,
2060,8.140016626203519,7.69001042842865,60.91069507598877,0.6140497252345085,1.3249452114105225,133.69103240966797,0.31798664247617126,653.2630200847052,646.6595449447632,0.9898915521973266,0,0,646.6595449447632,1.0,,
2061,,,,,1.324932336807251,133.75506973266602,0.3179836184717715,653.581003703177,646.9772644042969,0.9898960660400709,0,0,646.9772644042969,0.9999998211860657,,
2062,,,,,1.3249396681785583,133.81910705566406,0.3179853339679539,653.8989890371449,647.294994354248,0.9899005889386339,0,0,647.294994354248,1.0000001192092896,,
2063,,,,,1.3249156475067139,133.8831443786621,0.3179797185584903,654.2169687557034,647.6127548217773,0.989905162584688,0,0,647.6127548217773,1.0,,
2064,,,,,1.3249340057373047,133.94719314575195,0.3179844142869115,654.5349531699903,647.9304609298706,0.9899096416346684,0,0,647.9304609298706,1.0,,
2065,,,,,1.3249448537826538,134.0112419128418,0.3179867477156222,654.852939917706,648.2482089996338,0.9899141768854193,0,0,648.2482089996338,0.9999999403953552,,
2066,,,,,1.3249986171722412,134.0752830505371,0.31799962278455496,655.1709395404905,648.5659732818604,0.98991871302585,0,0,648.5659732818604,1.0,,
2067,,,,,1.324983298778534,134.13933563232422,0.3179958574473858,655.4889353979379,648.8837356567383,0.9899232475416374,0,0,648.8837356567383,1.0,,
2068,,,,,1.3249989748001099,134.20337677001953,0.3179996903054416,655.8069350882433,649.2014465332031,0.9899276933475056,0,0,649.2014465332031,0.9999999403953552,,
2069,,,,,1.3249995112419128,134.26742553710938,0.3179998570121825,656.1249349452555,649.519208908081,0.9899322130811464,0,0,649.519208908081,1.0,,
2070,8.149499138861222,7.692306160926819,61.28233528137207,0.5890073031187057,1.3250070810317993,134.33147811889648,0.31800175178796053,656.4429366970435,649.8369626998901,0.9899367125033092,0,0,649.8369626998901,1.0000001192092896,,
2071,,,,,1.324965476989746,134.39552307128906,0.3179916739463806,656.7609283709899,650.154712677002,0.989941216950322,0,0,650.154712677002,0.9999999403953552,,
2072,,,,,1.3249784708023071,134.45957565307617,0.31799467792734504,657.0789230489172,650.4724502563477,0.9899456936437471,0,0,650.4724502563477,0.9999999403953552,,
2073,,,,,1.3249685764312744,134.52363204956055,0.3179922392591834,657.3969152881764,650.7902030944824,0.9899501928894832,0,0,650.7902030944824,1.0,,
2074,,,,,1.3249762058258057,134.5876808166504,0.3179942318238318,657.7149095200002,651.1079607009888,0.989954692035438,0,0,651.1079607009888,1.0,,
2075,,,,,1.3249669671058655,134.65173721313477,0.31799175683408976,658.0329012768343,651.4256982803345,0.9899591601215071,0,0,651.4256982803345,0.9999999403953552,,
2076,,,,,1.3249380588531494,134.7157859802246,0.31798505783081055,658.3508863346651,651.7434387207031,0.9899636383103398,0,0,651.7434387207031,0.9999998211860657,,
2077,,,,,1.3249415159225464,134.77984237670898,0.3179860641248524,658.66887239879,652.0611867904663,0.9899681222459165,0,0,652.0611867904663,0.9999998807907104,,
2078,,,,,1.3249486684799194,134.84389114379883,0.3179877554066479,658.9868601541966,652.3788986206055,0.989972544320465,0,0,652.3788986206055,1.0000001192092896,,
2079,,,,,1.3249383568763733,134.90795135498047,0.3179852641187608,659.3048454183154,652.6966457366943,0.9899770193901286,0,0,652.6966457366943,1.0000001192092896,,
2080,8.158385079473772,7.694951891899109,61.638017654418945,0.5797895267605782,1.3249375224113464,134.9720001220703,0.31798505783081055,659.6228304761462,653.0143890380859,0.9899814846716404,0,0,653.0143890380859,1.0,,
2081,,,,,1.3249214887619019,135.03606414794922,0.31798143312335014,659.9408119092695,653.3321180343628,0.9899859294111721,0,0,653.3321180343628,0.9999999403953552,,
2082,,,,,1.3249253034591675,135.10011672973633,0.3179819383658469,660.2587938476354,653.6498575210571,0.9899903850003028,0,0,653.6498575210571,0.9999999403953552,,
2083,,,,,1.3249559998512268,135.16416931152344,0.3179890653118491,660.5767829129472,653.9676160812378,0.9899948544928177,0,0,653.9676160812378,0.9999999403953552,,
2084,,,,,1.324967622756958,135.22823333740234,0.31799218989908695,660.8947751028463,654.2853507995605,0.9899992789286944,0,0,654.2853507995605,0.9999999403953552,,
2085,,,,,1.3249405026435852,135.29229354858398,0.31798610277473927,661.2127612056211,654.6031122207642,0.9900037486076249,0,0,654.6031122207642,0.9999998807907104,,
2086,,,,,1.3250070214271545,135.3563575744629,0.3180018295533955,661.5307630351745,654.9208374023438,0.9900081356723236,0,0,654.9208374023438,0.9999999403953552,,
2087,,,,,1.3250101208686829,135.42042541503906,0.3180025736801326,661.8487656088546,655.2386255264282,0.990012612509224,0,0,655.2386255264282,1.0,,
2088,,,,,1.324992835521698,135.4844856262207,0.3179982011206448,662.1667638099752,655.5563364028931,0.9900169749247937,0,0,655.5563364028931,1.0000001192092896,,
2089,,,,,1.325000286102295,135.5485496520996,0.3179999114945531,662.4847637214698,655.8741073608398,0.9900214212874935,0,0,655.8741073608398,1.0000001192092896,,
2090,8.165777904008964,7.697426676750183,62.00571155548096,0.5528085306286812,1.3249995112419128,135.61261367797852,0.3180001126602292,662.80276383413,656.1918869018555,0.9900258760328133,0,0,656.1918869018555,0.9999998807907104,,
2091,,,,,1.3249716758728027,135.67668533325195,0.31799320224672556,663.1207570363767,656.5096206665039,0.9900302677910123,0,0,656.5096206665039,0.9999998807907104,,
2092,,,,,1.3249741196632385,135.7407455444336,0.31799372332170606,663.4387507596985,656.8273735046387,0.9900346833110213,0,0,656.8273735046387,1.0,,
2093,,,,,1.324952244758606,135.80481719970703,0.3179885339923203,663.7567392936908,657.1451320648193,0.9900391109611815,0,0,657.1451320648193,0.9999999403953552,,
2094,,,,,1.3249799609184265,135.8688850402832,0.31799521297216415,664.0747345066629,657.4628505706787,0.9900434640976107,0,0,657.4628505706787,0.9999999403953552,,
2095,,,,,1.3249839544296265,135.93295288085938,0.3179963235743344,664.3927308302373,657.7806034088135,0.9900478630866985,0,0,657.7806034088135,1.0000001192092896,,
2096,,,,,1.3249471783638,135.9970245361328,0.3179873041808605,664.7107181344181,658.0983743667603,0.9900522985604668,0,0,658.0983743667603,0.9999998211860657,,
2097,,,,,1.324935257434845,136.06109619140625,0.31798451859503984,665.0287026530132,658.4160928726196,0.9900566550676464,0,0,658.4160928726196,1.0,,
2098,,,,,1.3249500393867493,136.12516021728516,0.31798785040155053,665.3466905034147,658.7338352203369,0.9900610382865579,0,0,658.7338352203369,1.0,,
2099,,,,,1.3249550461769104,136.1892318725586,0.3179892203770578,665.6646797237918,659.0516033172607,0.9900654539620819,0,0,659.0516033172607,1.0,,
2100,8.173855684034695,7.698257803916931,62.37423515319824,0.5639805123209953,1.3249561786651611,136.25330352783203,0.3179893339984119,665.9826690577902,659.3693161010742,0.9900697821970753,0,0,659.3693161010742,1.0000001192092896,5a0da3e2f80826dda3cce5b8db9e28a0b3fefc2a233cf4ee677bdb939a4b7ca2,True
2101,,,,,1.3249549269676208,136.31737899780273,0.31798918219283223,666.300658239983,659.6870737075806,0.9900741737973469,0,0,659.6870737075806,0.9999998807907104,,
2102,,,,,1.3249581456184387,136.38145065307617,0.3179901475086808,666.6186483874917,660.0048179626465,0.9900785397455582,0,0,660.0048179626465,1.0,,
2103,,,,,1.3249555230140686,136.44551849365234,0.317989235278219,666.9366376227699,660.3225765228271,0.9900829243336834,0,0,660.3225765228271,1.0000001192092896,,
2104,,,,,1.3249717354774475,136.5095977783203,0.3179929908365011,667.2546306136064,660.6403198242188,0.9900872763021424,0,0,660.6403198242188,1.0000001192092896,,
2105,,,,,1.324948787689209,136.57366943359375,0.317987818736583,667.572618432343,660.9580774307251,0.9900916532239566,0,0,660.9580774307251,1.0,,
2106,,,,,1.3249922394752502,136.63774871826172,0.3179982569999993,667.890616689343,661.2758407592773,0.9900960190714232,0,0,661.2758407592773,0.9999999403953552,,
2107,,,,,1.3250302076339722,136.7018280029297,0.31800713343545794,668.2086238227785,661.5935907363892,0.9901003476301367,0,0,661.5935907363892,1.0,,
2108,,,,,1.3250158429145813,136.76591873168945,0.3180037015117705,668.5266275242902,661.9113693237305,0.9901047199495125,0,0,661.9113693237305,1.0,,
2109,,,,,1.3250194787979126,136.82999801635742,0.3180044386535883,668.8446319629438,662.2291049957275,0.9901090228566208,0,0,662.2291049957275,0.9999999403953552,,
2110,8.179909917621181,7.697721719741821,62.76205825805664,0.6159052699804306,1.3250077962875366,136.89408111572266,0.318002306856215,669.1626342698,662.5468988418579,0.9901134117639991,0,0,662.5468988418579,1.0,,
2111,,,,,1.324974775314331,136.95816040039062,0.31799408001825213,669.4806283498183,662.8646402359009,0.9901177303214493,0,0,662.8646402359009,0.9999999403953552,,
2112,,,,,1.3249742984771729,137.02223587036133,0.31799353705719113,669.7986218868755,663.1824398040771,0.9901221324341322,0,0,663.1824398040771,0.9999999403953552,,
2113,,,,,1.3249766826629639,137.08632278442383,0.3179945251904428,670.1166164120659,663.5001564025879,0.9901264050951238,0,0,663.5001564025879,0.9999999403953552,,
2114,,,,,1.32499498128891,137.15040969848633,0.3179992060177028,670.4346156180836,663.8179082870483,0.9901307194215557,0,0,663.8179082870483,1.0,,
2115,,,,,1.3249869346618652,137.21448516845703,0.3179969941265881,670.7526126122102,664.135669708252,0.9901350471402713,0,0,664.135669708252,1.0,,
2116,,,,,1.324955940246582,137.2785873413086,0.3179892087355256,671.0706018209457,664.4534225463867,0.9901393694544145,0,0,664.4534225463867,0.9999999403953552,,
2117,,,,,1.3249629139900208,137.3426628112793,0.3179907724261284,671.3885925933719,664.7712020874023,0.9901437251407422,0,0,664.7712020874023,1.0,,
2118,,,,,1.3249512910842896,137.4067497253418,0.3179883942939341,671.7065809876658,665.0889177322388,0.9901479850834608,0,0,665.0889177322388,0.9999999403953552,,
2119,,,,,1.3249561786651611,137.47082901000977,0.3179892851039767,672.0245702727698,665.4066486358643,0.9901522623879356,0,0,665.4066486358643,0.9999999403953552,,
2120,8.185261298555776,7.697070956230164,63.16522979736328,0.6210948079824448,1.3249512314796448,137.53491973876953,0.3179884455166757,672.3425587182865,665.724419593811,0.9901565964571797,0,0,665.724419593811,1.0,,
2121,,,,,1.3249551653862,137.59900665283203,0.31798937916755676,672.660548097454,666.0421600341797,0.9901608796859059,0,0,666.0421600341797,0.9999998211860657,,
2122,,,,,1.3249430060386658,137.66309356689453,0.31798666482791305,672.9785347622819,666.3598937988281,0.9901651529408844,0,0,666.3598937988281,1.0,,
2123,,,,,1.324988842010498,137.72718811035156,0.31799724558368325,673.2965320078656,666.6776466369629,0.990169434927631,0,0,666.6776466369629,0.9999999403953552,,
2124,,,,,1.3249537348747253,137.7912712097168,0.3179888166487217,673.6145208245143,666.9954299926758,0.9901737705657864,0,0,666.9954299926758,1.0000001192092896,,
2125,,,,,1.3249545097351074,137.85536575317383,0.31798931024968624,673.932510134764,667.3131475448608,0.990178003746131,0,0,667.3131475448608,1.0,,
2126,,,,,1.3250239491462708,137.91946411132812,0.3180056852288544,674.2505158199929,667.6309509277344,0.9901823361837416,0,0,667.6309509277344,0.9999998807907104,,
2127,,,,,1.3250343799591064,137.9835548400879,0.3180082757025957,674.5685240956955,667.9486999511719,0.9901865801500316,0,0,667.9486999511719,0.9999999403953552,,
2128,,,,,1.3250043988227844,138.0476531982422,0.3180012907832861,674.8865253864788,668.2665023803711,0.9901909094979816,0,0,668.2665023803711,0.9999998807907104,,
2129,,,,,1.3250053524971008,138.11174774169922,0.3180014775134623,675.2045268639922,668.5842361450195,0.9901951327996543,0,0,668.5842361450195,0.9999999403953552,,
2130,8.19345573435425,7.698877811431885,63.55988121032715,0.5960286930203438,1.325021505355835,138.17584228515625,0.3180050505325198,675.5225319145247,668.9019927978516,0.9901993807698602,0,0,668.9019927978516,1.0,,
2131,,,,,1.325023114681244,138.2399444580078,0.3180056535638869,675.8405375680886,669.2197723388672,0.9902036577251695,0,0,669.2197723388672,0.9999999403953552,,
2132,,,,,1.324984848499298,138.30403900146484,0.31799649354070425,676.1585340616293,669.5375289916992,0.9902079102216469,0,0,669.5375289916992,0.9999999403953552,,
2133,,,,,1.3249762058258057,138.36814880371094,0.31799433613196015,676.4765283977613,669.8553085327148,0.990212195712496,0,0,669.8553085327148,1.0,,
2134,,,,,1.32498437166214,138.43223190307617,0.31799631705507636,676.7945247148164,670.1730432510376,0.9902164080500357,0,0,670.1730432510376,1.0,,
2135,,,,,1.3249884247779846,138.49633407592773,0.3179972665384412,677.1125219813548,670.4908227920532,0.9902206812393215,0,0,670.4908227920532,1.0000001192092896,,
2136,,,,,1.32496178150177,138.5604362487793,0.317990661598742,677.4305126429535,670.8085651397705,0.990224905167987,0,0,670.8085651397705,0.9999998807907104,,
2137,,,,,1.3249576091766357,138.62453079223633,0.3179898834787309,677.7485025264323,671.1263370513916,0.9902291698906655,0,0,671.1263370513916,1.0,,
2138,,,,,1.3249637484550476,138.68863677978516,0.3179911212064326,678.0664936476387,671.4440689086914,0.9902333697344,0,0,671.4440689086914,0.9999999403953552,,
2139,,,,,1.3249623775482178,138.75273895263672,0.3179911635816097,678.3844848112203,671.761848449707,0.9902376358690497,0,0,671.761848449707,0.9999999403953552,,
2140,8.201491689492032,7.701928496360779,63.89627265930176,0.5662321373820305,1.3249695301055908,138.81683349609375,0.31799295311793685,678.7024777643383,672.0796051025391,0.9902418616716767,0,0,672.0796051025391,0.9999999403953552,,
2141,,,,,1.3249784708023071,138.88094329833984,0.31799507373943925,679.0204728380777,672.3973417282104,0.9902460509295312,0,0,672.3973417282104,0.9999995231628418,,
2142,,,,,1.3249789476394653,138.94504928588867,0.3179950858466327,679.3384679239243,672.7150955200195,0.9902502615166973,0,0,672.7150955200195,1.0,,
2143,,,,,1.3249528408050537,139.00915145874023,0.31798858707770705,679.656456511002,673.0328779220581,0.9902545197275887,0,0,673.0328779220581,0.9999999403953552,,
2144,,,,,1.3249585628509521,139.0732536315918,0.31799002597108483,679.9744465369731,673.3505659103394,0.9902586330113294,0,0,673.3505659103394,0.9999999403953552,,
2145,,,,,1.3249995708465576,139.13735580444336,0.3179996400140226,680.2924461769871,673.6683673858643,0.9902628952763639,0,0,673.6683673858643,0.9999999403953552,,
2146,,,,,1.3250054121017456,139.20146942138672,0.31800137599930167,680.6104475529864,673.9861364364624,0.9902671033917543,0,0,673.9861364364624,0.9999999403953552,,
2147,,,,,1.3250207304954529,139.26558303833008,0.3180052461102605,680.9284527990967,674.3039045333862,0.990271300547833,0,0,674.3039045333862,0.9999999403953552,,
2148,,,,,1.325027585029602,139.32969665527344,0.3180068749934435,681.2464596740901,674.6216592788696,0.9902754718191257,0,0,674.6216592788696,1.0,,
2149,,,,,1.3250277042388916,139.39380264282227,0.31800686474889517,681.564466538839,674.9394607543945,0.9902797077757163,0,0,674.9394607543945,1.0000001192092896,,
2150,8.208012546169488,7.7055665254592896,64.22608852386475,0.5330603942275047,1.3250135779380798,139.45791625976562,0.31800346029922366,681.8824699991383,675.2572174072266,0.9902838789917549,0,0,675.2572174072266,1.0000001192092896,,
2151,,,,,1.3249959349632263,139.52202987670898,0.31799882277846336,682.2004688219167,675.5749969482422,0.9902880866014105,0,0,675.5749969482422,0.9999999403953552,,
2152,,,,,1.3249927163124084,139.58614349365234,0.3179981797002256,682.518467001617,675.8927536010742,0.9902922576884238,0,0,675.8927536010742,0.9999999403953552,,
2153,,,,,1.324994444847107,139.65025329589844,0.3179988684132695,682.8364658700302,676.2105493545532,0.9902964811537479,0,0,676.2105493545532,0.9999999403953552,,
2154,,,,,1.3249945640563965,139.71437072753906,0.31799866957589984,683.1544645396061,676.5282897949219,0.9903006200081693,0,0,676.5282897949219,1.0000001192092896,,
2155,,,,,1.3250072002410889,139.77848052978516,0.31800163071602583,683.4724661703221,676.8460693359375,0.9903048079295497,0,0,676.8460693359375,1.0000001192092896,,
2156,,,,,1.3249697089195251,139.84259414672852,0.3179926751181483,683.7904588454403,677.1638069152832,0.9903089435594831,0,0,677.1638069152832,0.9999998807907104,,
2157,,,,,1.3249650597572327,139.9067039489746,0.31799161108210683,684.1084504565224,677.481556892395,0.9903130950075151,0,0,677.481556892395,1.0000001192092896,,
2158,,,,,1.3249662518501282,139.97083282470703,0.31799196684733033,684.4264424233697,677.7993392944336,0.9903172894584955,0,0,677.7993392944336,1.0,,
2159,,,,,1.324967384338379,140.03494262695312,0.31799226719886065,684.7444346905686,678.1171264648438,0.9903214865430477,0,0,678.1171264648438,1.0,,
2160,8.214403194513611,7.708900809288025,64.56701374053955,0.5175698921084404,1.3249567151069641,140.09906005859375,0.3179896348156035,685.0624243253842,678.4348201751709,0.9903255471109208,0,0,678.4348201751709,0.9999999403953552,,
2161,,,,,1.3249565362930298,140.1631736755371,0.317989663220942,685.3804139886051,678.7525901794434,0.9903297151860646,0,0,678.7525901794434,0.9999999403953552,,
2162,,,,,1.3249692916870117,140.22729110717773,0.3179929875768721,685.698406976182,679.0703887939453,0.9903339163183036,0,0,679.0703887939453,0.9999999403953552,,
2163,,,,,1.3249794244766235,140.29140853881836,0.3179949941113591,686.0164019702934,679.3881454467773,0.9903380494919944,0,0,679.3881454467773,1.0,,
2164,,,,,1.3249942064285278,140.35553359985352,0.3179987445473671,686.3344007148407,679.7059020996094,0.9903421734240211,0,0,679.7059020996094,1.0,,
2165,,,,,1.3249698877334595,140.41965103149414,0.31799285393208265,686.6523935687728,680.0236358642578,0.99034626869927,0,0,680.0236358642578,1.0,,
2166,,,,,1.3250374794006348,140.4837760925293,0.31800895370543003,686.9704025224783,680.3414468765259,0.9903504494202187,0,0,680.3414468765259,0.9999998807907104,,
2167,,,,,1.325050413608551,140.54790115356445,0.3180122352205217,687.2884147576988,680.6592473983765,0.9903546062803046,0,0,680.6592473983765,1.0,,
2168,,,,,1.3250344395637512,140.61203002929688,0.31800777604803443,687.6064225337468,680.9769973754883,0.9903586922096642,0,0,680.9769973754883,1.0,,
2169,,,,,1.3250309824943542,140.67615127563477,0.31800720235332847,687.9244297361001,681.2947988510132,0.9903628500478879,0,0,681.2947988510132,1.0,,
2170,8.220377020563578,7.714065313339233,64.91135787963867,0.5155494660139084,1.3250560760498047,140.74028396606445,0.31801331927999854,688.2424430553801,681.6125564575195,0.9903669315010145,0,0,681.6125564575195,1.0000001192092896,,
2171,,,,,1.3250086903572083,140.80440139770508,0.3180023692548275,688.560445424635,681.9303531646729,0.9903710817198128,0,0,681.9303531646729,0.9999999403953552,,
2172,,,,,1.3249952793121338,140.86853790283203,0.31799888890236616,688.8784443135373,682.2481536865234,0.990375238648058,0,0,682.2481536865234,0.9999999403953552,,
2173,,,,,1.3250043392181396,140.93265914916992,0.318001143168658,689.196445456706,682.5658950805664,0.9903793027084654,0,0,682.5658950805664,0.9999999403953552,,
2174,,,,,1.3250128626823425,140.99678421020508,0.31800309754908085,689.5144485542551,682.8836507797241,0.9903833809596955,0,0,682.8836507797241,1.0,,
2175,,,,,1.3250184059143066,141.06091690063477,0.31800449220463634,689.8324530464597,683.2013902664185,0.9903874299465646,0,0,683.2013902664185,1.0000001192092896,,
2176,,,,,1.3249850869178772,141.1250457763672,0.3179963966831565,690.1504494431429,683.5191860198975,0.9903915683477466,0,0,683.5191860198975,0.9999998807907104,,
2177,,,,,1.3249884843826294,141.1891746520996,0.31799687445163727,690.4684463175945,683.8369655609131,0.990395678771348,0,0,683.8369655609131,0.9999999403953552,,
2178,,,,,1.3249756693840027,141.25331115722656,0.3179943268187344,690.7864406444132,684.1547012329102,0.9903997255572684,0,0,684.1547012329102,1.0,,
2179,,,,,1.3249688148498535,141.31743621826172,0.3179927570745349,691.1044334014878,684.4724569320679,0.9904037998471815,0,0,684.4724569320679,1.0,,
2180,8.227620896621845,7.719119548797607,65.24561977386475,0.5123338103294373,1.3249728083610535,141.38156127929688,0.3179934392683208,691.4224268407561,684.7902584075928,0.9904079356183628,0,0,684.7902584075928,1.0,,
2181,,,,,1.3250226974487305,141.44569778442383,0.3180053303949535,691.740432171151,685.1080026626587,0.9904119678422204,0,0,685.1080026626587,0.9999998211860657,,
2182,,,,,1.324995517730713,141.50983428955078,0.31799884932115674,692.0584310204722,685.4258193969727,0.990416110365536,0,0,685.4258193969727,1.0,,
2183,,,,,1.3249954581260681,141.57397079467773,0.31799917900934815,692.3764301994815,685.7435989379883,0.990420194893718,0,0,685.7435989379883,1.0000001192092896,,
2184,,,,,1.3249844908714294,141.63810348510742,0.317996081430465,692.694426280912,686.0613555908203,0.9904242470583952,0,0,686.0613555908203,1.0,,
2185,,,,,1.3249956369400024,141.70223999023438,0.31799886003136635,693.0124251409434,686.3791007995605,0.9904282750196942,0,0,686.3791007995605,1.0,,
2186,,,,,1.3250707983970642,141.7663803100586,0.31801723409444094,693.3304423750378,686.6969127655029,0.990432369323331,0,0,686.6969127655029,0.9999998807907104,,
2187,,,,,1.3250594735145569,141.8305206298828,0.3180143991485238,693.6484567741863,687.0146751403809,0.9904363924275751,0,0,687.0146751403809,0.9999999403953552,,
2188,,,,,1.325040876865387,141.89465713500977,0.3180096438154578,693.9664664180018,687.3324737548828,0.9904404708524862,0,0,687.3324737548828,1.0,,
2189,,,,,1.3250128030776978,141.95879745483398,0.3180026160553098,694.2844690340571,687.6502304077148,0.9904444951280945,0,0,687.6502304077148,1.0000001192092896,,
2190,8.234037677415339,7.7244521379470825,65.58830261230469,0.5161211341619492,1.325054109096527,142.02293395996094,0.3180129211395979,694.6024819551967,687.9680366516113,0.9904485724195636,0,0,687.9680366516113,1.0,,
2191,,,,,1.3250166177749634,142.08707427978516,0.3180039660073817,694.9204859212041,688.2857894897461,0.9904525818912017,0,0,688.2857894897461,0.9999999403953552,,
2192,,,,,1.3250460028648376,142.15121841430664,0.3180112559348345,695.2384971771389,688.6035919189453,0.9904566486390869,0,0,688.6035919189453,0.9999999403953552,,
2193,,,,,1.3250292539596558,142.21536254882812,0.3180067613720894,695.556503938511,688.921347618103,0.9904606508848122,0,0,688.921347618103,0.9999998807907104,,
2194,,,,,1.3250246047973633,142.27949905395508,0.31800599303096533,695.874509931542,689.2391510009766,0.9904647190896255,0,0,689.2391510009766,0.9999999403953552,,
2195,,,,,1.325015902519226,142.34364700317383,0.31800390454009175,696.1925138360821,689.5569076538086,0.9904687194268842,0,0,689.5569076538086,0.9999999403953552,,
2196,,,,,1.324970781803131,142.4077911376953,0.3179929247125983,696.5105067607947,689.8746576309204,0.9904727221406378,0,0,689.8746576309204,0.9999997615814209,,
2197,,,,,1.3250012397766113,142.4719352722168,0.3179999263957143,696.8285066871904,690.1924448013306,0.99047676462404,0,0,690.1924448013306,1.0,,
2198,,,,,1.324992835521698,142.53607559204102,0.31799808563664556,697.146504772827,690.5102462768555,0.9904808265543337,0,0,690.5102462768555,1.0,,
2199,,,,,1.3249872922897339,142.6002197265625,0.3179968581534922,697.4645016309805,690.8279800415039,0.9904847894423895,0,0,690.8279800415039,1.0,,
2200,8.239792003859561,7.729844808578491,65.89935111999512,0.48050960898399353,1.324972152709961,142.66437149047852,0.31799323484301567,697.7824948658235,691.1457805633545,0.9904888495321938,0,0,691.1457805633545,0.9999999403953552,4ab7fec8ce38046d44b9231f7ff17f8641cb65391d9006aefe787b7294fcdc40,True
2201,,,,,1.324985384941101,142.72851181030273,0.3179963110014796,698.100491176825,691.4635391235352,0.9904928414502293,0,0,691.4635391235352,0.9999998807907104,,
2202,,,,,1.3249803185462952,142.79265975952148,0.31799515103921294,698.4184863278642,691.7813186645508,0.9904968614187014,0,0,691.7813186645508,0.9999999403953552,,
2203,,,,,1.324989676475525,142.8568115234375,0.3179974383674562,698.7364837662317,692.099081993103,0.9905008512832282,0,0,692.099081993103,1.0,,
2204,,,,,1.324971079826355,142.92095184326172,0.3179931817576289,699.0544769479893,692.4168319702148,0.9905048244497985,0,0,692.4168319702148,1.0,,
2205,,,,,1.3250046372413635,142.98510360717773,0.31800122279673815,699.372478170786,692.7346343994141,0.9905088576137078,0,0,692.7346343994141,0.9999999403953552,,
2206,,,,,1.3250415325164795,143.04925918579102,0.31801007222384214,699.6904882430099,693.0523948669434,0.9905128146121631,0,0,693.0523948669434,0.9999998807907104,,
2207,,,,,1.3250502347946167,143.1134033203125,0.31801227759569883,700.0085005206056,693.3702163696289,0.9905168520867379,0,0,693.3702163696289,0.9999999403953552,,
2208,,,,,1.3250198364257812,143.17755889892578,0.3180047832429409,700.3265053038485,693.6880187988281,0.9905208692592019,0,0,693.6880187988281,1.0,,
2209,,,,,1.3250486254692078,143.24171447753906,0.31801183242350817,700.644517136272,694.0057754516602,0.9905248074847609,0,0,694.0057754516602,1.0,,
2210,8.244764885769422,7.733847260475159,66.16084384918213,0.43882374465465546,1.3250424265861511,143.30587005615234,0.3180102435871959,700.9625273798592,694.3235454559326,0.9905287634294181,0,0,694.3235454559326,0.9999999403953552,,
2211,,,,,1.3250322937965393,143.37002182006836,0.3180078146979213,701.2805351945572,694.6413412094116,0.9905327559343927,0,0,694.6413412094116,1.0,,
2212,,,,,1.3250433802604675,143.43417739868164,0.3180105169303715,701.5985457114875,694.9591598510742,0.9905367736278852,0,0,694.9591598510742,0.9999999403953552,,
2213,,,,,1.32502943277359,143.49832916259766,0.31800681818276644,701.9165525296703,695.2769155502319,0.990540703228168,0,0,695.2769155502319,1.0000001192092896,,
2214,,,,,1.3250287771224976,143.56248474121094,0.3180068382062018,702.2345593678765,695.5946731567383,0.9905446319572819,0,0,695.5946731567383,1.0,,
2215,,,,,1.3250241875648499,143.62664794921875,0.3180058039724827,702.552565171849,695.9124755859375,0.9905486223877237,0,0,695.9124755859375,1.0,,
2216,,,,,1.3249871134757996,143.69080352783203,0.31799690425395966,702.8705620761029,696.2302322387695,0.9905525566219183,0,0,696.2302322387695,0.9999998211860657,,
2217,,,,,1.3249971270561218,143.7549591064453,0.31799955759197474,703.1885616336949,696.5480117797852,0.9905565161093022,0,0,696.5480117797852,0.9999999403953552,,
2218,,,,,1.3249894976615906,143.81912231445312,0.31799702160060406,703.5065586552955,696.8658142089844,0.990560508122333,0,0,696.8658142089844,0.9999999403953552,,
2219,,,,,1.325000822544098,143.88327407836914,0.3180003031156957,703.8245589584112,697.1835708618164,0.9905644268702078,0,0,697.1835708618164,0.9999999403953552,,
2220,8.249911746244189,7.736421823501587,66.38354873657227,0.41912906616926193,1.324993073940277,143.9474334716797,0.3179982709698379,704.142557229381,697.5013589859009,0.9905683896317635,0,0,697.5013589859009,1.0,,
2221,,,,,1.3249878883361816,144.01159286499023,0.31799714267253876,704.4605543720536,697.8191156387329,0.990572305727974,0,0,697.8191156387329,0.9999998807907104,,
2222,,,,,1.3249966502189636,144.0757598876953,0.31799909099936485,704.778553463053,698.1368675231934,0.9905762087861137,0,0,698.1368675231934,1.0000001192092896,,
2223,,,,,1.325018286705017,144.13991165161133,0.3180042468011379,705.0965577098541,698.4546890258789,0.990580199816109,0,0,698.4546890258789,1.0000001192092896,,
2224,,,,,1.3250110149383545,144.20407485961914,0.31800241861492395,705.414560128469,698.7724456787109,0.9905840978834496,0,0,698.7724456787109,1.0,,
2225,,,,,1.3250186443328857,144.26823806762695,0.31800450943410397,705.7325646379031,699.0902490615845,0.9905880557180641,0,0,699.0902490615845,0.9999998807907104,,
2226,,,,,1.325065791606903,144.33240509033203,0.31801550881937146,706.0505801467225,699.4080715179443,0.9905920215696179,0,0,699.4080715179443,0.9999997615814209,,
2227,,,,,1.325036644935608,144.3965721130371,0.3180085881613195,706.3685887348838,699.7258491516113,0.9905959301005007,0,0,699.7258491516113,0.9999998807907104,,
2228,,,,,1.325054943561554,144.46073532104492,0.3180133462883532,706.6866020811722,700.043607711792,0.9905998014539716,0,0,700.043607711792,0.9999999403953552,,
2229,,,,,1.3250417709350586,144.52490615844727,0.3180099278688431,707.004612009041,700.3614120483398,0.9906037388613,0,0,700.3614120483398,1.0,,
2230,8.255448064512782,7.737465143203735,66.58689785003662,0.4335642084479332,1.3250484466552734,144.58907318115234,0.3180115707218647,707.3226235797629,700.6791687011719,0.990607603012937,0,0,700.6791687011719,1.0,,
2231,,,,,1.3250151872634888,144.6532440185547,0.3180041112937033,707.6406276910566,700.9969825744629,0.9906115549946982,0,0,700.9969825744629,0.9999999403953552,,
2232,,,,,1.3250223994255066,144.7174072265625,0.31800532853230834,707.9586330195889,701.3147401809692,0.9906154222453887,0,0,701.3147401809692,1.0000001192092896,,
2233,,,,,1.3250117301940918,144.78157424926758,0.3180026044137776,708.2766356240027,701.6325492858887,0.9906193625429117,0,0,701.6325492858887,1.0,,
2234,,,,,1.3250216245651245,144.84574508666992,0.31800527311861515,708.5946408971213,701.9503536224365,0.9906232888435711,0,0,701.9503536224365,1.0000001192092896,,
2235,,,,,1.325016438961029,144.90991592407227,0.31800382398068905,708.912644721102,702.2681121826172,0.9906271490740586,0,0,702.2681121826172,1.0000001192092896,,
2236,,,,,1.3250110745429993,144.97407913208008,0.3180026086047292,709.2306473297067,702.5859136581421,0.9906310680501704,0,0,702.5859136581421,0.9999999403953552,,
2237,,,,,1.3250073790550232,145.0382537841797,0.3180014411918819,709.5486487708986,702.9036712646484,0.9906349233167285,0,0,702.9036712646484,1.0,,
2238,,,,,1.325003445148468,145.1024284362793,0.31800107238814235,709.8666498432867,703.2214736938477,0.9906388387862606,0,0,703.2214736938477,1.0,,
2239,,,,,1.3250177502632141,145.16659927368164,0.31800417881459,710.1846540221013,703.5392322540283,0.9906426846448484,0,0,703.5392322540283,0.9999998807907104,,
2240,8.261743326174468,7.73840057849884,66.78119468688965,0.4716993346810341,1.3250074982643127,145.23077392578125,0.3180010635405779,710.5026550856419,703.8570327758789,0.9906465904635319,0,0,703.8570327758789,0.9999999403953552,,
2241,,,,,1.3250102996826172,145.29494094848633,0.31800265004858375,710.8206577356905,704.1748094558716,0.9906504570351259,0,0,704.1748094558716,0.9999998807907104,,
2242,,,,,1.3250110149383545,145.3591194152832,0.31800289917737246,711.1386606348678,704.4925947189331,0.9906543318710833,0,0,704.4925947189331,1.0,,
2243,,,,,1.3250152468681335,145.4232940673828,0.3180037192068994,711.4566643540747,704.8103675842285,0.9906581846754062,0,0,704.8103675842285,0.9999999403953552,,
2244,,,,,1.3249696493148804,145.4874610900879,0.3179923058487475,711.7746566599235,705.128173828125,0.9906620968172865,0,0,705.128173828125,0.9999998807907104,,
2245,,,,,1.3250125050544739,145.55164337158203,0.31800278881564736,712.0926594487391,705.445930480957,0.9906659212399007,0,0,705.445930480957,0.9999997615814209,,
2246,,,,,1.3250752091407776,145.61581802368164,0.3180182920768857,712.410677740816,705.763744354248,0.9906698010090926,0,0,705.763744354248,0.9999998211860657,,
2247,,,,,1.3250539898872375,145.67999649047852,0.31801288248971105,712.7286906233057,706.0815277099609,0.9906736420172273,0,0,706.0815277099609,0.9999999403953552,,
2248,,,,,1.3250399827957153,145.74418258666992,0.31800982682034373,713.0467004501261,706.3993377685547,0.9906775212936598,0,0,706.3993377685547,0.9999999403953552,,
2249,,,,,1.3250732421875,145.80835723876953,0.31801732955500484,713.3647177796811,706.7170944213867,0.9906813118274397,0,0,706.7170944213867,0.9999999403953552,,
2250,8.26771520688081,7.738678932189941,66.96922397613525,0.5232936590909958,1.3250594735145569,145.87253952026367,0.31801426177844405,713.6827320414595,707.0349111557007,0.9906851874267099,0,0,707.0349111557007,0.9999999403953552,,
2251,,,,,1.3250285983085632,145.9367218017578,0.31800685077905655,714.0007388922386,707.3527221679688,0.9906890618424496,0,0,707.3527221679688,0.9999998807907104,,
2252,,,,,1.325034737586975,146.00090408325195,0.3180086431093514,714.3187475353479,707.6704845428467,0.9906928622335042,0,0,707.6704845428467,0.9999999403953552,,
2253,,,,,1.3250317573547363,146.06507873535156,0.31800773413851857,714.6367552694865,707.9883041381836,0.9906967405716534,0,0,707.9883041381836,0.9999999403953552,,
2254,,,,,1.3250247240066528,146.1292724609375,0.3180058556608856,714.9547611251473,708.3060760498047,0.9907005513679209,0,0,708.3060760498047,1.0,,
2255,,,,,1.3250364661216736,146.19345092773438,0.3180085080675781,715.2727696332149,708.6238651275635,0.9907043791013295,0,0,708.6238651275635,0.9999999403953552,,
2256,,,,,1.3250045776367188,146.25762557983398,0.318000849802047,715.590770483017,708.9416427612305,0.9907081980427174,0,0,708.9416427612305,0.9999999403953552,,
2257,,,,,1.3250068426132202,146.32180786132812,0.31800125585868955,715.9087717388757,709.2594223022461,0.9907120156937316,0,0,709.2594223022461,1.0,,
2258,,,,,1.3250005841255188,146.38599395751953,0.3180001378059387,716.2267718766816,709.5772428512573,0.99071588875685,0,0,709.5772428512573,0.9999999403953552,,
2259,,,,,1.3250055313110352,146.45018005371094,0.31800124794244766,716.544773124624,709.8949995040894,0.9907196676747244,0,0,709.8949995040894,1.0,,
2260,8.270561503984064,7.744872450828552,67.18294525146484,0.6708780080080032,1.3250112533569336,146.51436233520508,0.31800248799845576,716.8627756126225,710.212815284729,0.9907235240074901,0,0,710.212815284729,1.0,,
2261,,,,,1.3250441551208496,146.57855606079102,0.3180107260122895,717.1807863386348,710.5305633544922,0.9907272711276964,0,0,710.5305633544922,0.9999998807907104,,
2262,,,,,1.3250163197517395,146.64273834228516,0.3180040498264134,717.4987903884612,710.848388671875,0.9907311318072235,0,0,710.848388671875,0.9999999403953552,,
2263,,,,,1.3250011205673218,146.70692825317383,0.318000097759068,717.8167904862203,711.1661529541016,0.9907349094918567,0,0,711.1661529541016,0.9999998807907104,,
2264,,,,,1.3250129222869873,146.77111434936523,0.3180028856731951,718.1347933718935,711.4839639663696,0.9907387450560683,0,0,711.4839639663696,1.0,,
2265,,,,,1.3250178098678589,146.83530044555664,0.31800431525334716,718.4527976871468,711.8017272949219,0.9907425088834825,0,0,711.8017272949219,0.9999999403953552,,
2266,,,,,1.325054109096527,146.89949798583984,0.3180127665400505,718.7708104536869,712.1195516586304,0.9907463426473048,0,0,712.1195516586304,0.9999999403953552,,
2267,,,,,1.3250707387924194,146.96368408203125,0.31801697658374906,719.0888274302706,712.437310218811,0.9907500757100755,0,0,712.437310218811,1.0,,
2268,,,,,1.325058102607727,147.0278778076172,0.31801409646868706,719.4068415267393,712.7551345825195,0.9907539009079975,0,0,712.7551345825195,1.0,,
2269,,,,,1.3250571489334106,147.0920753479004,0.3180137611925602,719.7248552879319,713.0729122161865,0.9907576582594397,0,0,713.0729122161865,0.9999999403953552,,
2270,8.275811597360558,7.748471617698669,67.39454650878906,0.5663958191871643,1.325083076953888,147.1562614440918,0.3180197183974087,720.0428750063293,713.3907747268677,0.9907615219726962,0,0,713.3907747268677,1.0,,
2271,,,,,1.3250394463539124,147.22046279907227,0.3180096768774092,720.3608846832067,713.7085418701172,0.9907652636969371,0,0,713.7085418701172,1.0,,
2272,,,,,1.3250342011451721,147.28464889526367,0.3180081001482904,720.678892783355,714.0263624191284,0.9907690783914391,0,0,714.0263624191284,1.0,,
2273,,,,,1.32504403591156,147.34884643554688,0.3180107125081122,720.9969034958631,714.3441295623779,0.9907728120589295,0,0,714.3441295623779,1.0,,
2274,,,,,1.3250409960746765,147.41303634643555,0.31801029620692134,721.31491379207,714.6618986129761,0.9907765456503332,0,0,714.6618986129761,0.9999999403953552,,
2275,,,,,1.32504141330719,147.47724151611328,0.31800998793914914,721.6329237800092,714.9797058105469,0.990780329236348,0,0,714.9797058105469,0.9999999403953552,,
2276,,,,,1.3250017762184143,147.5414276123047,0.3180002332665026,721.9509240132757,715.2975082397461,0.9907841162713046,0,0,715.2975082397461,0.9999998807907104,,
2277,,,,,1.3250190019607544,147.6056251525879,0.31800476275384426,722.2689287760295,715.6152839660645,0.990787856787303,0,0,715.6152839660645,1.0,,
2278,,,,,1.325007140636444,147.6698226928711,0.31800195667892694,722.5869307327084,715.9330883026123,0.990791637452742,0,0,715.9330883026123,1.0,,
2279,,,,,1.3250061869621277,147.73402404785156,0.3180014584213495,722.9049321911298,716.2508478164673,0.9907953534713134,0,0,716.2508478164673,1.0,,
2280,8.280706017077524,7.749838352203369,67.6086540222168,0.507702648639679,1.3250014781951904,147.79821395874023,0.3180003995075822,723.2229325906374,716.568657875061,0.9907991375608884,0,0,716.568657875061,1.0,,
2281,,,,,1.325036644935608,147.8624153137207,0.3180091977119446,723.5409417883493,716.8864507675171,0.9908028825509368,0,0,716.8864507675171,0.9999997615814209,,
2282,,,,,1.3250418901443481,147.92661666870117,0.31801006896421313,723.8589518573135,717.2042541503906,0.9908066375502452,0,0,717.2042541503906,0.9999998807907104,,
2283,,,,,1.3250085711479187,147.9908218383789,0.3180020614527166,724.1769539187662,717.522027015686,0.9908103580663964,0,0,717.522027015686,1.0,,
2284,,,,,1.3250207304954529,148.05501556396484,0.31800471525639296,724.4949586340226,717.8398361206055,0.9908141217076708,0,0,717.8398361206055,1.0,,
2285,,,,,1.3250151872634888,148.1192169189453,0.3180039497092366,724.8129625837319,718.1575927734375,0.990817810726548,0,0,718.1575927734375,1.0000001192092896,,
2286,,,,,1.3250659108161926,148.18342208862305,0.3180160247720778,725.1309786085039,718.4754180908203,0.9908215747030193,0,0,718.4754180908203,1.0,,
2287,,,,,1.3250694870948792,148.24762725830078,0.3180169709958136,725.4489955794998,718.7932071685791,0.9908252841323394,0,0,718.7932071685791,1.0,,
2288,,,,,1.3250409364700317,148.31182861328125,0.31801031064242125,725.7670058901422,719.1110143661499,0.9908290243701148,0,0,719.1110143661499,0.9999998807907104,,
2289,,,,,1.3250598907470703,148.37602996826172,0.3180145635269582,726.0850204536691,719.4288282394409,0.9908327647221391,0,0,719.4288282394409,1.0,,
2290,8.287425039425631,7.751019835472107,67.79390716552734,0.46017320454120636,1.3250769972801208,148.44023895263672,0.31801826786249876,726.4030387215316,719.7466115951538,0.9908364547344211,0,0,719.7466115951538,1.0,,
2291,,,,,1.3250523209571838,148.50444412231445,0.31801266176626086,726.7210513832979,720.0644302368164,0.9908401977157373,0,0,720.0644302368164,1.0000001192092896,,
2292,,,,,1.3250141143798828,148.56865310668945,0.31800355575978756,727.0390549390577,720.3822498321533,0.9908439511444631,0,0,720.3822498321533,0.9999999403953552,,
2293,,,,,1.3250418305397034,148.6328582763672,0.31800990644842386,727.3570648455061,720.7000122070312,0.9908476139708771,0,0,720.7000122070312,0.9999998807907104,,
2294,,,,,1.3250638246536255,148.69707107543945,0.3180152294225991,727.6750800749287,721.0177898406982,0.9908512873169355,0,0,721.0177898406982,1.0,,
2295,,,,,1.3250382542610168,148.76126861572266,0.31800869992002845,727.9930887748487,721.3356170654297,0.990855034461077,0,0,721.3356170654297,1.0,,
2296,,,,,1.3250187039375305,148.82548141479492,0.3180046030320227,728.3110933778808,721.6534194946289,0.9908587498614434,0,0,721.6534194946289,1.0,,
2297,,,,,1.3250057101249695,148.88969039916992,0.31800160463899374,728.6290949825197,721.9711990356445,0.9908624346835395,0,0,721.9711990356445,1.0,,
2298,,,,,1.3250200152397156,148.95389938354492,0.3180053634569049,728.9471003459767,722.2890014648438,0.990866142580204,0,0,722.2890014648438,1.0000001192092896,,
2299,,,,,1.325027048587799,149.01810836791992,0.31800625333562493,729.2651065993123,722.6068115234375,0.9908698564957749,0,0,722.6068115234375,0.9999999403953552,,
2300,8.294578651539675,7.751537919044495,67.97946166992188,0.4623626172542572,1.325014352798462,149.08231353759766,0.31800369266420603,729.5831102919765,722.9245700836182,0.9908735000654078,0,0,722.9245700836182,0.9999999403953552,5c09ed6e84766dc55f37ed51a9fcfedd4b000ec692bb5f25726a3caa2903a92d,True
2301,,,,,1.3250515460968018,149.14652633666992,0.31801220355555415,729.901122495532,723.2424087524414,0.9908772386589495,0,0,723.2424087524414,0.9999997615814209,,
2302,,,,,1.3250214457511902,149.2107391357422,0.3180050360970199,730.219127531629,723.5601654052734,0.9908808714051821,0,0,723.5601654052734,1.0000001192092896,,
2303,,,,,1.3250589966773987,149.27495574951172,0.31801398331299424,730.537141514942,723.878002166748,0.9908845985100967,0,0,723.878002166748,1.0,,
2304,,,,,1.325043499469757,149.33916091918945,0.3180106529034674,730.8551521678455,724.1957740783691,0.9908882381553656,0,0,724.1957740783691,1.0,,
2305,,,,,1.325043499469757,149.40337753295898,0.31801028875634074,731.1731624566019,724.5135955810547,0.9908919429521,0,0,724.5135955810547,0.9999999403953552,,
2306,,,,,1.3250473141670227,149.46759414672852,0.3180114543065429,731.4911739109084,724.8313751220703,0.9908955855841259,0,0,724.8313751220703,1.0,,
2307,,,,,1.3250492811203003,149.53181076049805,0.3180116484872997,731.8091855593957,725.1492004394531,0.9908992873397009,0,0,725.1492004394531,1.0,,
2308,,,,,1.3250823616981506,149.59603118896484,0.31801962526515126,732.1272051846609,725.4669799804688,0.9909029125580531,0,0,725.4669799804688,1.0000001192092896,,
2309,,,,,1.3250749111175537,149.66024780273438,0.31801776168867946,732.4452229463495,725.7848052978516,0.9909065996475386,0,0,725.7848052978516,1.0000001192092896,,
2310,8.301467048472775,7.752372860908508,68.17569637298584,0.44810061156749725,1.325106143951416,149.72446823120117,0.31802544090896845,732.7632483872585,726.1026306152344,0.9909102731520931,0,0,726.1026306152344,1.0000001192092896,,
2311,,,,,1.3250500559806824,149.78868865966797,0.3180122599005699,733.0812606471591,726.4204483032227,0.9909139508789826,0,0,726.4204483032227,1.0,,
2312,,,,,1.3250640630722046,149.85290908813477,0.31801530346274376,733.3992759506218,726.7382326126099,0.9909175757920144,0,0,726.7382326126099,1.0,,
2313,,,,,1.325049877166748,149.91712188720703,0.31801199493929744,733.7172879455611,727.0560569763184,0.990921256622022,0,0,727.0560569763184,1.0,,
2314,,,,,1.3250772356987,149.98133850097656,0.31801861384883523,734.03530655941,727.373833656311,0.9909248603662898,0,0,727.373833656311,0.9999999403953552,,
2315,,,,,1.3250362873077393,150.04556274414062,0.31800849875435233,734.3533150581643,727.6916561126709,0.9909285369741039,0,0,727.6916561126709,1.0,,
2316,,,,,1.3250361680984497,150.10977935791016,0.31800846802070737,734.671323526185,728.0094680786133,0.99093219616141,0,0,728.0094680786133,0.9999999403953552,,
2317,,,,,1.3250406384468079,150.1739959716797,0.31800996558740735,734.9893334917724,728.3272247314453,0.9909357749061773,0,0,728.3272247314453,0.9999999403953552,,
2318,,,,,1.3250524401664734,150.23822784423828,0.31801284197717905,735.3073463337496,728.6450510025024,0.9909394413581389,0,0,728.6450510025024,1.0,,
2319,,,,,1.3250266313552856,150.30245208740234,0.318006893619895,735.6253532273695,728.962872505188,0.9909431061708891,0,0,728.962872505188,0.9999999403953552,,
2320,8.30800807187915,7.753789305686951,68.36962413787842,0.4168599173426628,1.3250369429588318,150.36666870117188,0.3180090272799134,735.9433622546494,729.2806854248047,0.9909467532808044,0,0,729.2806854248047,1.0000001192092896,,
2321,,,,,1.3250219821929932,150.43090057373047,0.31800534669309855,736.2613676013425,729.5984573364258,0.9909503464963472,0,0,729.5984573364258,1.0,,
2322,,,,,1.325051724910736,150.49510955810547,0.31801251135766506,736.5793801127002,729.9162368774414,0.9909539373281936,0,0,729.9162368774414,1.0,,
2323,,,,,1.3250365257263184,150.55934143066406,0.3180087632499635,736.8973888759501,730.2340621948242,0.9909575922215018,0,0,730.2340621948242,1.0000001192092896,,
2324,,,,,1.3250662088394165,150.6235580444336,0.3180158603936434,737.2154047363438,730.5518417358398,0.9909611723280687,0,0,730.5518417358398,1.0,,
2325,,,,,1.3250330090522766,150.6877899169922,0.318007945548743,737.5334126818925,730.8696660995483,0.990964820755559,0,0,730.8696660995483,1.0,,
2326,,,,,1.3250941634178162,150.75201416015625,0.3180227670818567,737.8514354489744,731.1874923706055,0.9909684487171663,0,0,731.1874923706055,0.9999998807907104,,
2327,,,,,1.3250611424446106,150.81624603271484,0.31801483547315,738.1694502844475,731.5053186416626,0.9909720842006968,0,0,731.5053186416626,1.0000001192092896,,
2328,,,,,1.325103998184204,150.8804702758789,0.31802490120753646,738.4874751856551,731.8230991363525,0.9909756410592772,0,0,731.8230991363525,1.0,,
2329,,,,,1.3250648379325867,150.9447021484375,0.31801580637693405,738.805490992032,732.1409454345703,0.9909792961222935,0,0,732.1409454345703,1.0,,
2330,8.314274023696878,7.755018711090088,68.5516996383667,0.41107359528541565,1.3251067996025085,151.00892639160156,0.3180258655920625,739.123516857624,732.4587249755859,0.9909828442337021,0,0,732.4587249755859,0.9999999403953552,,
2331,,,,,1.325072705745697,151.0731658935547,0.31801747996360064,739.4415343375877,732.7765502929688,0.9909864624380471,0,0,732.7765502929688,1.0,,
2332,,,,,1.3250654339790344,151.13739776611328,0.3180158552713692,739.759550192859,733.0943756103516,0.9909900797079662,0,0,733.0943756103516,1.0,,
2333,,,,,1.3250653147697449,151.20162963867188,0.318015712313354,740.0775659051724,733.4121551513672,0.9909936322071135,0,0,733.4121551513672,1.0,,
2334,,,,,1.325068712234497,151.26586151123047,0.31801635632291436,740.3955822614953,733.7299947738647,0.9909972619403374,0,0,733.7299947738647,0.9999999403953552,,
2335,,,,,1.3250585198402405,151.33008575439453,0.31801433954387903,740.7135966010392,734.0478057861328,0.991000852629822,0,0,734.0478057861328,1.0,,
2336,,,,,1.325043797492981,151.39431762695312,0.3180108801461756,741.0316074811853,734.3655843734741,0.9910044011073016,0,0,734.3655843734741,0.9999998807907104,,
2337,,,,,1.325039803981781,151.45855712890625,0.31800938909873366,741.3496168702841,734.6833877563477,0.9910079819801082,0,0,734.6833877563477,0.9999999403953552,,
2338,,,,,1.3250287771224976,151.5227813720703,0.31800722470507026,741.6676240949892,735.0011901855469,0.9910115613883268,0,0,735.0011901855469,1.0,,
2339,,,,,1.3250588178634644,151.58702087402344,0.3180142203345895,741.9856383153237,735.3190059661865,0.9910151463790124,0,0,735.3190059661865,1.0,,
2340,8.319979262636952,7.755751252174377,68.74814224243164,0.407832995057106,1.325032889842987,151.65125274658203,0.31800804613158107,742.3036463614553,735.6368179321289,0.9910187314018917,0,0,735.6368179321289,1.0,,
2341,,,,,1.3250426054000854,151.71549224853516,0.31800973415374756,742.6216560956091,735.9545974731445,0.9910222674389566,0,0,735.9545974731445,0.9999998211860657,,
2342,,,,,1.3250503540039062,151.77972412109375,0.31801197584718466,742.9396680714563,736.2724237442017,0.99102586035746,0,0,736.2724237442017,1.0,,
2343,,,,,1.325040876865387,151.84396362304688,0.3180098640732467,743.2576779355295,736.5902481079102,0.9910294504509664,0,0,736.5902481079102,1.0,,
2344,,,,,1.3250781893730164,151.908203125,0.31801864970475435,743.5756965852343,736.9080476760864,0.991032992417895,0,0,736.9080476760864,0.9999998807907104,,
2345,,,,,1.3250433802604675,151.97244262695312,0.3180101355537772,743.893706720788,737.2258539199829,0.9910365516732234,0,0,737.2258539199829,0.9999999403953552,,
2346,,,,,1.3251007199287415,152.03667449951172,0.3180240672081709,744.2117307879962,737.5436487197876,0.9910400739569784,0,0,737.5436487197876,1.0,,
2347,,,,,1.3250936269760132,152.10091400146484,0.3180224406532943,744.5297532286495,737.8614807128906,0.9910436453521931,0,0,737.8614807128906,0.9999999403953552,,
2348,,,,,1.3250889778137207,152.16515350341797,0.3180213845334947,744.847774613183,738.1793155670166,0.991047218943991,0,0,738.1793155670166,1.0,,
2349,,,,,1.325110673904419,152.22940063476562,0.318026062566787,745.1658006757498,738.497109413147,0.9910507282318158,0,0,738.497109413147,0.9999998807907104,,
2350,8.326256821671647,7.755736947059631,68.96043491363525,0.39745965600013733,1.325099527835846,152.29364013671875,0.31802395917475224,745.4838246349245,738.8149547576904,0.9910543064022872,0,0,738.8149547576904,0.9999998807907104,,
2351,,,,,1.325093686580658,152.3578872680664,0.3180224159732461,745.8018470508978,739.1327810287476,0.9910578579973722,0,0,739.1327810287476,0.9999999403953552,,
2352,,,,,1.3251190185546875,152.422119140625,0.3180285827256739,746.1198756336235,739.4505615234375,0.9910613370210475,0,0,739.4505615234375,1.0,,
2353,,,,,1.3250914216041565,152.4863739013672,0.3180218995548785,746.4378975331783,739.7684097290039,0.9910649126655858,0,0,739.7684097290039,0.9999999403953552,,
2354,,,,,1.3250712156295776,152.55062103271484,0.31801709858700633,746.7559146317653,740.0862350463867,0.9910684609861194,0,0,740.0862350463867,1.0,,
2355,,,,,1.3250200152397156,152.61485290527344,0.31800446985289454,747.0739191016182,740.4040126800537,0.9910719592117654,0,0,740.4040126800537,0.9999999403953552,,
2356,,,,,1.325059175491333,152.67909240722656,0.31801397586241364,747.3919330774806,740.7218198776245,0.991075481411216,0,0,740.7218198776245,1.0,,
2357,,,,,1.3250367045402527,152.74333953857422,0.31800886476412416,747.7099419422448,741.0396461486816,0.991079032898456,0,0,741.0396461486816,1.0,,
2358,,,,,1.3250581622123718,152.80758666992188,0.3180142482742667,748.027956190519,741.3574676513672,0.9910825678586618,0,0,741.3574676513672,1.0,,
2359,,,,,1.325061321258545,152.871826171875,0.31801433162763715,748.3459705221467,741.6753158569336,0.9910861353866051,0,0,741.6753158569336,1.0,,
2360,8.332582495538679,7.755152106285095,69.16158771514893,0.38430482894182205,1.3250535130500793,152.93607330322266,0.31801276188343763,748.6639832840301,741.9930725097656,0.9910895796736429,0,0,741.9930725097656,1.0,,
2361,,,,,1.3250760436058044,153.0003204345703,0.3180183880031109,748.9820016720332,742.3109073638916,0.9910931180011668,0,0,742.3109073638916,0.9999998807907104,,
2362,,,,,1.325041651725769,153.0645751953125,0.31800985569134355,749.3000115277246,742.6286897659302,0.9910965946094229,0,0,742.6286897659302,0.9999998807907104,,
2363,,,,,1.3250556588172913,153.12881469726562,0.3180133239366114,749.6180248516612,742.9465246200562,0.9911001336541684,0,0,742.9465246200562,1.0,,
2364,,,,,1.3250722289085388,153.1930694580078,0.3180173574946821,749.9360422091559,743.2643098831177,0.991103598239677,0,0,743.2643098831177,1.0,,
2365,,,,,1.325095295906067,153.25731658935547,0.3180229696445167,750.2540651788004,743.5821533203125,0.9911071300134857,0,0,743.5821533203125,0.9999998807907104,,
2366,,,,,1.3251018524169922,153.32157135009766,0.3180239088833332,750.5720890876837,743.8999786376953,0.991110633412842,0,0,743.8999786376953,0.9999998211860657,,
2367,,,,,1.325085997581482,153.38582611083984,0.318020548671484,750.8901096363552,744.2177810668945,0.9911141077984195,0,0,744.2177810668945,0.9999999403953552,,
2368,,,,,1.325093388557434,153.4500732421875,0.31802198430523276,751.2081316206604,744.5356130599976,0.9911176167032849,0,0,744.5356130599976,1.0,,
2369,,,,,1.325086236000061,153.51432037353516,0.3180204536765814,751.526152074337,744.8534364700317,0.9911211132361948,0,0,744.8534364700317,0.9999999403953552,,
2370,8.338772643799802,7.753414750099182,69.30422401428223,0.3574858568608761,1.3250887989997864,153.57857513427734,0.3180211130529642,751.84417318739,745.1712799072266,0.9911246325792815,0,0,745.1712799072266,1.0,,
2371,,,,,1.325071632862091,153.64282989501953,0.3180168457329273,752.1621900331229,745.4890604019165,0.9911280708873261,0,0,745.4890604019165,0.9999999403953552,,
2372,,,,,1.3250778913497925,153.7070770263672,0.31801839359104633,752.480208426714,745.806884765625,0.9911315625496084,0,0,745.806884765625,1.0,,
2373,,,,,1.3250935673713684,153.7713394165039,0.3180219931527972,752.7982304198667,746.1246871948242,0.9911350173853073,0,0,746.1246871948242,1.0,,
2374,,,,,1.3250802159309387,153.8355941772461,0.31801924807950854,753.1162496679462,746.4425134658813,0.991138504573486,0,0,746.4425134658813,1.0000001192092896,,
2375,,,,,1.3250567317008972,153.89983367919922,0.31801358982920647,753.4342632577755,746.7603559494019,0.9911420177793384,0,0,746.7603559494019,1.0,,
2376,,,,,1.325039565563202,153.96409606933594,0.31800956605002284,753.7522728238255,747.0781688690186,0.9911454940894515,0,0,747.0781688690186,0.9999999403953552,,
2377,,,,,1.3250582218170166,154.0283432006836,0.31801393488422036,754.0702867587097,747.3959522247314,0.9911489225193209,0,0,747.3959522247314,1.0,,
2378,,,,,1.3250702619552612,154.09261322021484,0.31801651837304235,754.3883032770827,747.7137870788574,0.9911524129294793,0,0,747.7137870788574,1.0,,
2379,,,,,1.3250517845153809,154.15686798095703,0.3180128620006144,754.7063161390834,748.0316095352173,0.991155888772717,0,0,748.0316095352173,1.0,,
2380,8.34543025813413,7.749946236610413,69.40912246704102,0.3419257812201977,1.3250552415847778,154.22112274169922,0.318013125564903,755.0243292646483,748.3493909835815,0.9911593070284652,0,0,748.3493909835815,1.0,,
2381,,,,,1.3250850439071655,154.2853775024414,0.31802048720419407,755.3423497518525,748.6672258377075,0.9911627834499961,0,0,748.6672258377075,0.9999998211860657,,
2382,,,,,1.325069546699524,154.34963989257812,0.3180168056860566,755.6603665575385,748.9850463867188,0.9911662428436857,0,0,748.9850463867188,1.0,,
2383,,,,,1.3250486850738525,154.4138946533203,0.31801187386736274,755.9783784314059,749.302848815918,0.9911696818243134,0,0,749.302848815918,0.9999999403953552,,
2384,,,,,1.3250885605812073,154.47816467285156,0.31802126951515675,756.296399700921,749.6206855773926,0.9911731509945447,0,0,749.6206855773926,1.0,,
2385,,,,,1.3250698447227478,154.54241943359375,0.3180168396793306,756.6144165406004,749.9384775161743,0.9911765638104666,0,0,749.9384775161743,0.9999999403953552,,
2386,,,,,1.3250795006752014,154.60667419433594,0.31801897939294577,756.9324355199933,750.2563076019287,0.9911800213535845,0,0,750.2563076019287,0.9999998211860657,,
2387,,,,,1.3251249194145203,154.67093658447266,0.31802964117377996,757.2504651611671,750.5741558074951,0.9911834859655688,0,0,750.5741558074951,0.9999998807907104,,
2388,,,,,1.3250840306282043,154.7352066040039,0.31801991863176227,757.5684850797988,750.8919906616211,0.9911869427653455,0,0,750.8919906616211,1.0,,
2389,,,,,1.3250735402107239,154.79946899414062,0.3180177379399538,757.8865028177388,751.2097787857056,0.9911903378576992,0,0,751.2097787857056,1.0000001192092896,,
2390,8.351688493422145,7.741421103477478,69.59568691253662,0.4223213233053684,1.3250994086265564,154.86373138427734,0.318023981526494,758.2045267992653,751.5276165008545,0.9911937873457467,0,0,751.5276165008545,1.0000001192092896,,
2391,,,,,1.3250715732574463,154.92799377441406,0.31801719265058637,758.5225439919159,751.8454513549805,0.991197239040785,0,0,751.8454513549805,1.0,,
2392,,,,,1.3250633478164673,154.99225616455078,0.31801542919129133,758.8405594211072,752.1632766723633,0.9912006775786487,0,0,752.1632766723633,1.0,,
2393,,,,,1.3250944018363953,155.05652618408203,0.3180225230753422,759.1585819441825,752.4810800552368,0.991204075080274,0,0,752.4810800552368,1.0,,
2394,,,,,1.3250986337661743,155.12078857421875,0.31802342645823956,759.4766053706408,752.7989206314087,0.9912075175298202,0,0,752.7989206314087,0.9999999403953552,,
2395,,,,,1.3251000046730042,155.18505096435547,0.3180237105116248,759.7946290811524,753.1167068481445,0.991210885182112,0,0,753.1167068481445,1.0000001192092896,,
2396,,,,,1.3250564336776733,155.2493133544922,0.31801328156143427,760.1126423627138,753.4345369338989,0.9912143213299835,0,0,753.4345369338989,0.9999999403953552,,
2397,,,,,1.3250516057014465,155.3135757446289,0.3180124694481492,760.430654832162,753.7523593902588,0.9912177456294444,0,0,753.7523593902588,0.9999998807907104,,
2398,,,,,1.325043499469757,155.3778533935547,0.31801047129556537,760.7486653034575,754.070182800293,0.9912211709231175,0,0,754.070182800293,0.9999998807907104,,
2399,,,,,1.32504540681839,155.44212341308594,0.3180106277577579,761.0666759312153,754.388014793396,0.9912246044281882,0,0,754.388014793396,1.0,,
2400,8.356333779465471,7.741755366325378,69.76663970947266,0.46089228242635727,1.3250696659088135,155.50637817382812,0.3180163945071399,761.3846923257224,754.7058048248291,0.9912279724451867,0,0,754.7058048248291,1.0,e74b8ee6f90ae84b93eb855e9341267245a6c857ec816b4d6aaff4eeecbdf75e,True
2401,,,,,1.3250619769096375,155.57064819335938,0.3180144792422652,761.7027068049647,755.0236368179321,0.991231395231547,0,0,755.0236368179321,0.9999998211860657,,
2402,,,,,1.3250747919082642,155.63491821289062,0.3180181118659675,762.0207249168307,755.3414316177368,0.9912347616269572,0,0,755.3414316177368,0.9999999403953552,,
2403,,,,,1.325083076953888,155.69918823242188,0.3180201561190188,762.3387450729497,755.6592712402344,0.9912381813519433,0,0,755.6592712402344,1.0,,
2404,,,,,1.3250608444213867,155.76345825195312,0.3180144946090877,762.6567595675588,755.9770660400391,0.9912415468115588,0,0,755.9770660400391,1.0,,
2405,,,,,1.3250812888145447,155.82772827148438,0.3180193151347339,762.9747788826935,756.2948932647705,0.9912449457009496,0,0,756.2948932647705,0.9999999403953552,,
2406,,,,,1.3250970840454102,155.89200592041016,0.3180229030549526,763.2928017857485,756.6127338409424,0.9912483545905597,0,0,756.6127338409424,0.9999998807907104,,
2407,,,,,1.3251410722732544,155.9562759399414,0.31803386425599456,763.6108356500044,756.9305810928345,0.9912517551542016,0,0,756.9305810928345,0.9999999403953552,,
2408,,,,,1.325119972229004,156.02054595947266,0.3180288025178015,763.9288644525222,757.2484140396118,0.9912551407287129,0,0,757.2484140396118,1.0,,
2409,,,,,1.325102984905243,156.08482360839844,0.3180245226249099,764.2468889751472,757.5662202835083,0.9912584940965888,0,0,757.5662202835083,1.0000001192092896,,
2410,8.360832062375499,7.7502052783966064,69.87066650390625,0.4651669152081013,1.3251129984855652,156.14910125732422,0.3180268374271691,764.5649158125743,757.8840637207031,0.9912618903199713,0,0,757.8840637207031,1.0,,
2411,,,,,1.3250719904899597,156.21337127685547,0.31801727088168263,764.882933083456,758.2019023895264,0.9912652898829922,0,0,758.2019023895264,1.0,,
2412,,,,,1.3250749111175537,156.27764892578125,0.3180177812464535,765.2009508647025,758.5197372436523,0.991268680973931,0,0,758.5197372436523,0.9999999403953552,,
2413,,,,,1.325090765953064,156.34192657470703,0.31802157731726766,765.5189724420197,758.8375730514526,0.9912720655776116,0,0,758.8375730514526,1.0,,
2414,,,,,1.3250811100006104,156.40619659423828,0.31801945669576526,765.8369918987155,759.1553649902344,0.9912753928327273,0,0,759.1553649902344,1.0,,
2415,,,,,1.3250980973243713,156.47047424316406,0.3180237323977053,766.1550156311132,759.4732055664062,0.99127877527604,0,0,759.4732055664062,1.0000001192092896,,
2416,,,,,1.3250449895858765,156.53475189208984,0.31801071483641863,766.4730263459496,759.7910385131836,0.991282161794235,0,0,759.7910385131836,0.9999999403953552,,
2417,,,,,1.325023114681244,156.5990219116211,0.31800575321540236,766.791032099165,760.1088180541992,0.991285482269304,0,0,760.1088180541992,0.9999999403953552,,
2418,,,,,1.3250154256820679,156.66329956054688,0.31800355203449726,767.1090356511995,760.4266376495361,0.9912888550504535,0,0,760.4266376495361,1.0,,
2419,,,,,1.3250195980072021,156.72756958007812,0.318005109205842,767.4270407604054,760.7444248199463,0.9912921807735122,0,0,760.7444248199463,1.0,,
2420,8.367382099207337,7.752051830291748,69.91768169403076,0.4072686471045017,1.3250483274459839,156.7918472290039,0.31801178213208914,767.7450525425375,761.0622673034668,0.9912955671717579,0,0,761.0622673034668,1.0,,
2421,,,,,1.325084388256073,156.85613250732422,0.3180203465744853,768.0630728891119,761.3800506591797,0.9912988627290794,0,0,761.3800506591797,0.9999998807907104,,
2422,,,,,1.325104534626007,156.92041015625,0.31802478712052107,768.3810976762325,761.6978988647461,0.9913022342276522,0,0,761.6978988647461,1.0000001192092896,,
2423,,,,,1.3251065015792847,156.9846954345703,0.31802508421242237,768.6991227604449,762.0157489776611,0.9913056050346664,0,0,762.0157489776611,1.0000001192092896,,
2424,,,,,1.325097382068634,157.04898071289062,0.3180232672020793,769.017146027647,762.3335952758789,0.991308970435454,0,0,762.3335952758789,0.9999999403953552,,
2425,,,,,1.3251011967658997,157.1132583618164,0.3180239680223167,769.3351699956693,762.6513977050781,0.9913122751288885,0,0,762.6513977050781,1.0,,
2426,,,,,1.3251310586929321,157.17754364013672,0.31803154526278377,769.6532015409321,762.9692449569702,0.9913156255693073,0,0,762.9692449569702,0.9999998211860657,,
2427,,,,,1.325122892856598,157.24182891845703,0.31802933383733034,769.9712308747694,763.287088394165,0.9913189711347897,0,0,763.287088394165,0.9999999403953552,,
2428,,,,,1.3251351714134216,157.3061065673828,0.3180323396809399,770.2892632144503,763.6048908233643,0.9913222568322023,0,0,763.6048908233643,1.0,,
2429,,,,,1.3251036405563354,157.37039947509766,0.31802468094974756,770.6072878954001,763.9227237701416,0.9913255892719162,0,0,763.9227237701416,0.9999999403953552,,
2430,8.374513793783201,7.7502933740615845,69.97996997833252,0.368776299059391,1.3251306414604187,157.43467712402344,0.3180311331525445,770.9253190285526,764.2405891418457,0.9913289527251078,0,0,764.2405891418457,1.0,,
2431,,,,,1.3250800967216492,157.49896240234375,0.31801961828023195,771.2433386468329,764.5584230422974,0.991332287399376,0,0,764.5584230422974,1.0,,
2432,,,,,1.3250163197517395,157.56324768066406,0.3180034635588527,771.5613421103917,764.876220703125,0.9913355931117772,0,0,764.876220703125,1.0,,
2433,,,,,1.3250800371170044,157.62752532958984,0.3180193416774273,771.8793614520691,765.1940650939941,0.9913389362484061,0,0,765.1940650939941,0.9999999403953552,,
2434,,,,,1.3250581622123718,157.69181060791016,0.3180140806362033,772.1973755327053,765.5118417739868,0.991342195699503,0,0,765.5118417739868,1.0000001192092896,,
2435,,,,,1.325086772441864,157.75611114501953,0.31802058685570955,772.515396119561,765.8296823501587,0.9913455268296444,0,0,765.8296823501587,1.0000001192092896,,
2436,,,,,1.3250312805175781,157.8203887939453,0.31800749991089106,772.8334036194719,766.1475210189819,0.9913488695374987,0,0,766.1475210189819,1.0,,
2437,,,,,1.3250269889831543,157.88468170166016,0.3180069513618946,773.1514105708338,766.4653377532959,0.9913521818286505,0,0,766.4653377532959,0.9999999403953552,,
2438,,,,,1.3250354528427124,157.94895935058594,0.31800838094204664,773.4694189517759,766.7831268310547,0.9913554538073611,0,0,766.7831268310547,1.0,,
2439,,,,,1.325029969215393,158.01324462890625,0.31800731644034386,773.7874262682162,767.1009683609009,0.9913587922466465,0,0,767.1009683609009,1.0,,
2440,8.381971268571547,7.748667478561401,70.04512405395508,0.35341646522283554,1.3250455856323242,158.07752990722656,0.318011159542948,774.1054374277592,767.4187994003296,0.9913621094696746,0,0,767.4187994003296,1.0,,
2441,,,,,1.325105607509613,158.1418228149414,0.31802548514679074,774.423462912906,767.7366027832031,0.9913653699171872,0,0,767.7366027832031,0.9999998211860657,,
2442,,,,,1.325112521648407,158.20611572265625,0.31802688678726554,774.7414897996932,768.0544490814209,0.9913686812874805,0,0,768.0544490814209,1.0,,
2443,,,,,1.3251452445983887,158.2704086303711,0.3180347867310047,775.0595245864242,768.3722801208496,0.9913719601482944,0,0,768.3722801208496,1.0,,
2444,,,,,1.3251262307167053,158.33470916748047,0.31803083000704646,775.3775554164313,768.6901473999023,0.9913752881163315,0,0,768.6901473999023,0.9999999403953552,,
2445,,,,,1.3250936269760132,158.39898681640625,0.3180225440301001,775.6955779604614,769.0079469680786,0.9913785366548465,0,0,769.0079469680786,1.0,,
2446,,,,,1.3250814080238342,158.4632797241211,0.3180194557644427,776.0135974162258,769.3257751464844,0.9913818233443205,0,0,769.3257751464844,0.9999999403953552,,
2447,,,,,1.3251037001609802,158.52757263183594,0.31802536034956574,776.3316227765754,769.6436004638672,0.9913850961155115,0,0,769.6436004638672,1.0,,
2448,,,,,1.32512629032135,158.59186553955078,0.3180303955450654,776.6496531721205,769.961443901062,0.9913883831097556,0,0,769.961443901062,0.9999999403953552,,
2449,,,,,1.3251115083694458,158.65615844726562,0.3180266269482672,776.9676797990687,770.2792921066284,0.9913916783589106,0,0,770.2792921066284,1.0,,
2450,8.389550132802125,7.746714472770691,70.10069847106934,0.3443286530673504,1.3251299262046814,158.720458984375,0.3180312104523182,777.285711009521,770.5971393585205,0.9913949638385677,0,0,770.5971393585205,1.0,,
2451,,,,,1.3251219987869263,158.78475952148438,0.3180295303463936,777.6037405398674,770.9149913787842,0.9913982549049463,0,0,770.9149913787842,0.9999999403953552,,
2452,,,,,1.325102984905243,158.84905242919922,0.31802504416555166,777.921765584033,771.232795715332,0.991401487701427,0,0,771.232795715332,1.0,,
2453,,,,,1.3251250386238098,158.91334533691406,0.3180302414111793,778.2397958254442,771.5506238937378,0.9914047418705793,0,0,771.5506238937378,0.9999999403953552,,
2454,,,,,1.3251125812530518,158.97765350341797,0.3180270763114095,778.5578229017556,771.8684720993042,0.9914080231349798,0,0,771.8684720993042,0.9999999403953552,,
2455,,,,,1.325126051902771,159.0419464111328,0.318030359223485,778.875853260979,772.1863212585449,0.9914112987654867,0,0,772.1863212585449,1.0,,
2456,,,,,1.3250356912612915,159.1062469482422,0.3180080382153392,779.1938612991944,772.5041656494141,0.9914145940027976,0,0,772.5041656494141,0.9999998211860657,,
2457,,,,,1.3250850439071655,159.17053985595703,0.31802043365314603,779.5118817328475,772.821949005127,0.9914177924872037,0,0,772.821949005127,0.9999998807907104,,
2458,,,,,1.3250237703323364,159.23483276367188,0.31800623144954443,779.8298879642971,773.1397933959961,0.991421084685833,0,0,773.1397933959961,0.9999998807907104,,
2459,,,,,1.325037658214569,159.29913330078125,0.3180091241374612,780.1478970884345,773.457576751709,0.9914242922890707,0,0,773.457576751709,1.0,,
2460,8.39702070623755,7.744686961174011,70.14872741699219,0.33275238052010536,1.3250385522842407,159.36341857910156,0.31800949946045876,780.465906587895,773.7754001617432,0.9914275481226298,0,0,773.7754001617432,1.0,,
2461,,,,,1.3250831365585327,159.42771911621094,0.31801994051784277,780.7839265284128,774.0932569503784,0.9914308307961921,0,0,774.0932569503784,0.9999999403953552,,
2462,,,,,1.3251280188560486,159.49202728271484,0.3180309422314167,781.1019574706443,774.4111156463623,0.9914340992743774,0,0,774.4111156463623,0.9999999403953552,,
2463,,,,,1.325146198272705,159.55632781982422,0.31803499488160014,781.4199924655259,774.7289171218872,0.9914372867239701,0,0,774.7289171218872,1.0,,
2464,,,,,1.3251045942306519,159.6206283569336,0.3180246199481189,781.738017085474,775.0467691421509,0.9914405493949612,0,0,775.0467691421509,1.0000001192092896,,
2465,,,,,1.3251034617424011,159.68492889404297,0.31802447279915214,782.0560415582731,775.364616394043,0.9914438035017308,0,0,775.364616394043,1.0,,
2466,,,,,1.3251277208328247,159.74923706054688,0.31803085235878825,782.3740724106319,775.6824655532837,0.9914470493165357,0,0,775.6824655532837,0.9999999403953552,,
2467,,,,,1.3251187801361084,159.81353759765625,0.3180284765549004,782.6921008871868,776.0002670288086,0.9914502345803746,0,0,776.0002670288086,1.0,,
2468,,,,,1.325097680091858,159.8778533935547,0.31802372774109244,783.0101246149279,776.3181161880493,0.9914534841676912,0,0,776.3181161880493,0.9999999403953552,,
2469,,,,,1.3251219987869263,159.94215393066406,0.3180291512981057,783.328153766226,776.6359729766846,0.9914567339915378,0,0,776.6359729766846,1.0,,
2470,8.40459373443725,7.742990136146545,70.1856279373169,0.32584623247385025,1.3251065015792847,160.00645446777344,0.31802550749853253,783.6461792737246,776.9537830352783,0.9914599261561516,0,0,776.9537830352783,0.9999999403953552,,
2471,,,,,1.3250976204872131,160.07074737548828,0.3180233482271433,783.9642026219517,777.2716798782349,0.9914632291610576,0,0,777.2716798782349,0.9999999403953552,,
2472,,,,,1.325105607509613,160.13506317138672,0.31802541902288795,784.2822280409746,777.5894622802734,0.9914663809513831,0,0,777.5894622802734,0.9999999403953552,,
2473,,,,,1.3251137137413025,160.19937133789062,0.31802732218056917,784.6002553631552,777.9073114395142,0.9914696128660522,0,0,777.9073114395142,1.0,,
2474,,,,,1.3251084685325623,160.26367950439453,0.3180260737426579,784.9182814368978,778.2251672744751,0.9914728522437124,0,0,778.2251672744751,1.0,,
2475,,,,,1.3251014351844788,160.3279800415039,0.31802452076226473,785.2363059576601,778.5429611206055,0.9914760120153989,0,0,778.5429611206055,1.0,,
2476,,,,,1.3250329494476318,160.39229583740234,0.318008363712579,785.5543143213727,778.8608551025391,0.9914793170926481,0,0,778.8608551025391,0.9999999403953552,,
2477,,,,,1.325056791305542,160.45659637451172,0.3180132592096925,785.8723275805824,779.178635597229,0.9914824689094706,0,0,779.178635597229,1.0,,
2478,,,,,1.3250707983970642,160.52090454101562,0.31801712652668357,786.190344707109,779.496434211731,0.9914856363469169,0,0,779.496434211731,1.0,,
2479,,,,,1.3250638246536255,160.585205078125,0.31801530765369534,786.5083600147627,779.8143262863159,0.9914889223449295,0,0,779.8143262863159,1.0000001192092896,,
2480,8.412440537329847,7.741672158241272,70.20862674713135,0.3238162249326706,1.3250749111175537,160.64952087402344,0.3180180280469358,786.8263780428097,780.1321563720703,0.9914921234753314,0,0,780.1321563720703,1.0,,
2481,,,,,1.3251320123672485,160.7138214111328,0.31803170684725046,787.1444097496569,780.4499635696411,0.9914952757116754,0,0,780.4499635696411,0.9999998211860657,,
2482,,,,,1.3251076340675354,160.77813720703125,0.31802556151524186,787.4624353111722,780.7678089141846,0.9914984815823714,0,0,780.7678089141846,1.0,,
2483,,,,,1.325117826461792,160.84244537353516,0.31802814407274127,787.7804634552449,781.0856142044067,0.9915016307697259,0,0,781.0856142044067,0.9999999403953552,,
2484,,,,,1.325121521949768,160.9067611694336,0.31802902137860656,788.0984924766235,781.4034805297852,0.9915048537578087,0,0,781.4034805297852,0.9999999403953552,,
2485,,,,,1.3251343369483948,160.97107696533203,0.3180320388637483,788.4165245154873,781.7213315963745,0.9915080509972464,0,0,781.7213315963745,0.9999999403953552,,
2486,,,,,1.3251019716262817,161.03538513183594,0.3180247354321182,788.7345492509194,782.0391826629639,0.991511254839394,0,0,782.0391826629639,0.9999999403953552,,
2487,,,,,1.3251180052757263,161.09970092773438,0.31802802300080657,789.0525772739202,782.3570461273193,0.9915144676800447,0,0,782.3570461273193,1.0000001192092896,,
2488,,,,,1.3251330256462097,161.1640167236328,0.3180322162806988,789.3706094902009,782.6748781204224,0.9915176327959514,0,0,782.6748781204224,1.0000001192092896,,
2489,,,,,1.325137972831726,161.22833251953125,0.3180327587760985,789.688642248977,782.9926986694336,0.991520780189424,0,0,782.9926986694336,1.0,,
2490,8.420412036748838,7.740933775901794,70.22516632080078,0.3270071931183338,1.3251484632492065,161.29264068603516,0.31803559325635433,790.0066778422333,783.310549736023,0.9915239601208173,0,0,783.310549736023,1.0,,
2491,,,,,1.3251171708106995,161.35696411132812,0.3180281496606767,790.324705991894,783.6284093856812,0.9915271576917114,0,0,783.6284093856812,0.9999999403953552,,
2492,,,,,1.3251129388809204,161.42127990722656,0.31802713964134455,790.6427331315354,783.9462432861328,0.9915303213894341,0,0,783.9462432861328,1.0,,
2493,,,,,1.3251001834869385,161.485595703125,0.31802438106387854,790.9607575125992,784.2640495300293,0.991533451035383,0,0,784.2640495300293,1.0,,
2494,,,,,1.3251107335090637,161.5499038696289,0.31802658503875136,791.278784097638,784.5818977355957,0.9915366284340855,0,0,784.5818977355957,0.9999999403953552,,
2495,,,,,1.3251230716705322,161.61421966552734,0.31802948750555515,791.5968135851435,784.8997640609741,0.9915398225343537,0,0,784.8997640609741,1.0,,
2496,,,,,1.325040340423584,161.6785430908203,0.31800998328253627,791.9148235684261,785.2175912857056,0.9915429891152393,0,0,785.2175912857056,0.9999998807907104,,
2497,,,,,1.325050175189972,161.74285125732422,0.31801179982721806,792.2328353682533,785.5354309082031,0.9915461665295178,0,0,785.5354309082031,1.0000001192092896,,
2498,,,,,1.3250475525856018,161.8071746826172,0.31801156094297767,792.5508469291963,785.8532409667969,0.9915493043905627,0,0,785.8532409667969,1.0000001192092896,,
2499,,,,,1.325054109096527,161.87149047851562,0.31801291462033987,792.8688598438166,786.171067237854,0.9915524584894367,0,0,786.171067237854,0.9999999403953552,,
2500,8.428191530751992,7.740291476249695,70.23099040985107,0.3145732432603836,1.3250387907028198,161.93580627441406,0.3180095902644098,793.186869434081,786.4889087677002,0.9915556334522271,0,0,786.4889087677002,0.9999999403953552,100a1b07b61f48a796c876025f7ad24c114130cc1afb6ef24c2f84335d76a75f,True
2501,,,,,1.3251140713691711,162.0001220703125,0.31802739715203643,793.504896831233,786.8067626953125,0.9915587992428657,0,0,786.8067626953125,0.9999997615814209,,
2502,,,,,1.325136661529541,162.06444549560547,0.31803294038400054,793.822929771617,787.1245765686035,0.9915619051153616,0,0,787.1245765686035,1.0,,
2503,,,,,1.3251046538352966,162.1287612915039,0.31802497431635857,794.1409547459334,787.4424352645874,0.9915650748883867,0,0,787.4424352645874,1.0,,
2504,,,,,1.325127899646759,162.19308471679688,0.3180308463051915,794.4589855922386,787.7602853775024,0.9915682239911434,0,0,787.7602853775024,1.0,,
2505,,,,,1.3251363039016724,162.25740814208984,0.31803285237401724,794.7770184446126,788.0781383514404,0.9915713716706568,0,0,788.0781383514404,1.0000001192092896,,
2506,,,,,1.3251270651817322,162.3217315673828,0.3180300174281001,795.0950484620407,788.3959579467773,0.9915744783869268,0,0,788.3959579467773,0.9999999403953552,,
2507,,,,,1.3251304030418396,162.38604736328125,0.3180309277959168,795.4130793898366,788.7138175964355,0.9915776318406266,0,0,788.7138175964355,1.0,,
2508,,,,,1.3251181244850159,162.45038604736328,0.31802872801199555,795.7311081178486,789.0316619873047,0.9915807663390322,0,0,789.0316619873047,1.0,,
2509,,,,,1.325071930885315,162.5146942138672,0.3180174585431814,796.0491255763918,789.3494577407837,0.9915838512720454,0,0,789.3494577407837,0.9999998807907104,,
2510,8.435972710719621,7.739290833473206,70.22070789337158,0.2962697185575962,1.3251488208770752,162.57901763916016,0.3180357916280627,796.3671613680199,789.6673278808594,0.9915870043214082,0,0,789.6673278808594,0.9999998807907104,,
2511,,,,,1.3250840306282043,162.64334106445312,0.318019887432456,796.6851812554523,789.9851770401001,0.991590148313296,0,0,789.9851770401001,0.9999999403953552,,
2512,,,,,1.3251228332519531,162.70767211914062,0.3180293971672654,797.0032106526196,790.303032875061,0.9915932863406244,0,0,790.303032875061,0.9999999403953552,,
2513,,,,,1.3251073956489563,162.7719955444336,0.31802581809461117,797.3212364707142,790.6208944320679,0.991596433492345,0,0,790.6208944320679,1.0000001192092896,,
2514,,,,,1.325104534626007,162.83631896972656,0.31802516989409924,797.6392616406083,790.9387016296387,0.9915995107898917,0,0,790.9387016296387,1.0,,
2515,,,,,1.3251540660858154,162.90064239501953,0.31803693482652307,797.9572985754348,791.2565622329712,0.9916026379426227,0,0,791.2565622329712,0.9999999403953552,,
2516,,,,,1.3250636458396912,162.9649658203125,0.3180152620188892,798.2753138374537,791.574408531189,0.9916057716052207,0,0,791.574408531189,0.9999997615814209,,
2517,,,,,1.3250777125358582,163.029296875,0.31801853235810995,798.5933323698118,791.8922424316406,0.9916088831867819,0,0,791.8922424316406,0.9999999403953552,,
2518,,,,,1.3250391483306885,163.0936279296875,0.31800955440849066,798.9113419242203,792.2100448608398,0.991611964041916,0,0,792.2100448608398,0.9999999403953552,,
2519,,,,,1.3250600695610046,163.15794372558594,0.31801443407312036,799.2293563582934,792.5278806686401,0.9916150781545491,0,0,792.5278806686401,1.0,,
2520,8.44418608119605,7.73772668838501,70.19355964660645,0.3010205067694187,1.3250386118888855,163.22227478027344,0.3180088419467211,799.5473652002402,792.8457183837891,0.991618199110976,0,0,792.8457183837891,0.9999999403953552,,
2521,,,,,1.3251272439956665,163.2865982055664,0.31803046679124236,799.8653956670314,793.1635875701904,0.99162133012236,0,0,793.1635875701904,0.9999996423721313,,
2522,,,,,1.3250795006752014,163.3509292602539,0.3180191828869283,800.1834148499183,793.4813899993896,0.991624389201085,0,0,793.4813899993896,0.9999999403953552,,
2523,,,,,1.3251556754112244,163.41526794433594,0.3180372966453433,800.5014521465637,793.7992544174194,0.9916275008481582,0,0,793.7992544174194,0.9999998807907104,,
2524,,,,,1.3251163959503174,163.47958374023438,0.3180279200896621,800.8194800666533,794.1171083450317,0.9916306085348164,0,0,794.1171083450317,0.9999998807907104,,
2525,,,,,1.3251625895500183,163.54391479492188,0.3180393362417817,801.1375194028951,794.4349813461304,0.9916337234314512,0,0,794.4349813461304,0.9999999403953552,,
2526,,,,,1.3251503705978394,163.60826110839844,0.3180357487872243,801.4555551516823,794.7527847290039,0.991636753429938,0,0,794.7527847290039,0.9999998211860657,,
2527,,,,,1.3251506686210632,163.67259216308594,0.31803630804643035,801.7735914597288,795.0706987380981,0.9916399183098209,0,0,795.0706987380981,1.0,,
2528,,,,,1.3251357674598694,163.73692321777344,0.318032153416425,802.0916236131452,795.3885126113892,0.9916429609730097,0,0,795.3885126113892,0.9999999403953552,,
2529,,,,,1.3251330256462097,163.80125427246094,0.3180309790186584,802.4096545921639,795.7063703536987,0.9916460573472621,0,0,795.7063703536987,1.0,,
2530,8.452854143322543,7.735947966575623,70.15440082550049,0.3074091076850891,1.3251060843467712,163.86558532714844,0.3180255591869354,802.7276801513508,796.0242233276367,0.9916491520231977,0,0,796.0242233276367,1.0,,
2531,,,,,1.3251261711120605,163.92992401123047,0.31803036062046885,803.0457105119713,796.3420343399048,0.9916521860657301,0,0,796.3420343399048,1.0,,
2532,,,,,1.3251165747642517,163.99425506591797,0.3180279373191297,803.3637384492904,796.6598825454712,0.9916552669943002,0,0,796.6598825454712,1.0000001192092896,,
2533,,,,,1.325105369091034,164.05858612060547,0.31802532682195306,803.6817637761123,796.9777450561523,0.9916583665050926,0,0,796.9777450561523,0.9999999403953552,,
2534,,,,,1.3250969052314758,164.1229248046875,0.31802324298769236,803.9997870191,797.2955980300903,0.9916614542724357,0,0,797.2955980300903,1.0,,
2535,,,,,1.3251144289970398,164.187255859375,0.31802753917872906,804.3178145582788,797.6134061813354,0.9916644785735271,0,0,797.6134061813354,1.0,,
2536,,,,,1.325076937675476,164.25159454345703,0.31801833864301443,804.6358328969218,797.9312496185303,0.9916675556763933,0,0,797.9312496185303,1.0,,
2537,,,,,1.325050175189972,164.31591796875,0.31801191065460443,804.9538448075764,798.2490921020508,0.991670637082143,0,0,798.2490921020508,1.0,,
2538,,,,,1.325051724910736,164.38026428222656,0.31801251228898764,805.2718573198654,798.5669403076172,0.9916737224189546,0,0,798.5669403076172,1.0000001192092896,,
2539,,,,,1.3250425457954407,164.44459533691406,0.31801036186516285,805.5898676817305,798.884786605835,0.9916768055993653,0,0,798.884786605835,1.0,,
2540,8.461557221634296,7.734429597854614,70.10826206207275,0.3074566312134266,1.3250524401664734,164.5089340209961,0.31801243498921394,805.9078801167198,799.2025833129883,0.9916798222611233,0,0,799.2025833129883,1.0,,
2541,,,,,1.325186848640442,164.57327270507812,0.3180446969345212,806.2259248136543,799.5204591751099,0.9916828950395074,0,0,799.5204591751099,0.9999993443489075,,
2542,,,,,1.325162410736084,164.63761138916016,0.3180389543995261,806.5439637680538,799.8383312225342,0.9916859677255622,0,0,799.8383312225342,0.9999999403953552,,
2543,,,,,1.3251111507415771,164.70194244384766,0.3180267964489758,806.8619905645028,800.1561784744263,0.9916890222014474,0,0,800.1561784744263,0.9999999403953552,,
2544,,,,,1.325119137763977,164.76628875732422,0.318028490524739,807.1800190550275,800.4740314483643,0.9916920792780339,0,0,800.4740314483643,1.0,,
2545,,,,,1.3251243233680725,164.83062744140625,0.31802953826263547,807.4980485932902,800.7918529510498,0.9916950936860789,0,0,800.7918529510498,0.9999999403953552,,
2546,,,,,1.325139582157135,164.89496612548828,0.31803345354273915,807.8160820468329,801.109748840332,0.9916981929977062,0,0,801.109748840332,0.9999999403953552,,
2547,,,,,1.325109601020813,164.95931243896484,0.3180263894610107,808.1341084362939,801.4275732040405,0.9917012100315488,0,0,801.4275732040405,0.9999998807907104,,
2548,,,,,1.3251444697380066,165.02365112304688,0.31803457299247384,808.4521430092864,801.7454299926758,0.9917042547606499,0,0,801.7454299926758,0.9999999403953552,,
2549,,,,,1.3251538276672363,165.08799743652344,0.31803721049800515,808.7701802197844,802.0633001327515,0.9917073103694163,0,0,802.0633001327515,1.0000001192092896,,
2550,8.470403477236886,7.733164429664612,70.05209827423096,0.31826311722397804,1.325105369091034,165.15233612060547,0.31802493799477816,809.0882051577792,802.3811550140381,0.9917103597593119,0,0,802.3811550140381,0.9999999403953552,,
2551,,,,,1.325099229812622,165.2166748046875,0.3180235526524484,809.4062287104316,802.6989631652832,0.9917133507165671,0,0,802.6989631652832,0.9999999403953552,,
2552,,,,,1.3251168131828308,165.28102111816406,0.31802863674238324,809.724257347174,803.0168313980103,0.9917164072975414,0,0,803.0168313980103,1.0,,
2553,,,,,1.32515287399292,165.34536743164062,0.318036915268749,810.0422942624427,803.3346862792969,0.9917194348608004,0,0,803.3346862792969,0.9999999403953552,,
2554,,,,,1.3251541256904602,165.4097137451172,0.3180370316840708,810.3603312941268,803.6525545120239,0.9917224763811036,0,0,803.6525545120239,0.9999999403953552,,
2555,,,,,1.325119137763977,165.47406005859375,0.31802828423678875,810.6783595783636,803.9704055786133,0.9917255050409386,0,0,803.9704055786133,0.9999999403953552,,
2556,,,,,1.32505863904953,165.53839874267578,0.3180142012424767,810.9963737796061,804.2882080078125,0.9917284885744537,0,0,804.2882080078125,0.9999998807907104,,
2557,,,,,1.325031340122223,165.60272979736328,0.31800784170627594,811.3143816213124,804.6060562133789,0.9917315339652568,0,0,804.6060562133789,1.0,,
2558,,,,,1.3251509070396423,165.6670913696289,0.31803611293435097,811.6324177342467,804.9239053726196,0.9917345435999765,0,0,804.9239053726196,0.9999997615814209,,
2559,,,,,1.3250669836997986,165.7314224243164,0.3180159889161587,811.9504337231629,805.2417507171631,0.9917375707587981,0,0,805.2417507171631,0.9999998211860657,,
2560,8.479667722339807,7.731844544410706,69.97688293457031,0.3387218005955219,1.3250435590744019,165.79576873779297,0.3180103306658566,812.2684440538287,805.5595960617065,0.991740602455709,0,0,805.5595960617065,1.0,,
2561,,,,,1.325156807899475,165.86011505126953,0.31803775718435645,812.5864818110131,805.8774662017822,0.991743628820554,0,0,805.8774662017822,0.9999992847442627,,
2562,,,,,1.325124979019165,165.9244613647461,0.3180299177765846,812.9045117287897,806.1952743530273,0.9917465861254787,0,0,806.1952743530273,0.9999998211860657,,
2563,,,,,1.325162947177887,165.9888153076172,0.3180392561480403,813.2225509849377,806.5131435394287,0.9917496047823762,0,0,806.5131435394287,0.9999998211860657,,
2564,,,,,1.325134038925171,166.05316162109375,0.3180318558588624,813.5405828407966,806.8309936523438,0.9917526066554361,0,0,806.8309936523438,1.0,,
2565,,,,,1.3251414895057678,166.11751556396484,0.3180336793884635,813.858616520185,807.1488695144653,0.9917556355987117,0,0,807.1488695144653,1.0,,
2566,,,,,1.325162649154663,166.18186950683594,0.3180390321649611,814.17665555235,807.4667320251465,0.9917586392566704,0,0,807.4667320251465,0.9999999403953552,,
2567,,,,,1.3251651525497437,166.24622344970703,0.318039707839489,814.4946952601895,807.7846040725708,0.9917616514549844,0,0,807.7846040725708,1.0,,
2568,,,,,1.3251680135726929,166.3105697631836,0.31804007571190596,814.8127353359014,808.1024751663208,0.9917646596836568,0,0,808.1024751663208,1.0,,
2569,,,,,1.3251618146896362,166.37493133544922,0.3180386801250279,815.1307740160264,808.4203281402588,0.9917676450335603,0,0,808.4203281402588,1.0,,
2570,8.489966955096282,7.730183839797974,69.88325691223145,0.3665665090084076,1.3251472115516663,166.43927001953125,0.31803529942408204,815.4488093154505,808.7381687164307,0.9917706169628793,0,0,808.7381687164307,1.0000001192092896,,
2571,,,,,1.3251229524612427,166.50362396240234,0.3180293245241046,815.7668386399746,809.056022644043,0.9917736102056799,0,0,809.056022644043,0.9999999403953552,,
2572,,,,,1.325093388557434,166.56798553466797,0.3180220853537321,816.0848607253283,809.3738746643066,0.9917766075760086,0,0,809.3738746643066,0.9999999403953552,,
2573,,,,,1.325106918811798,166.63232421875,0.3180254129692912,816.4028861382976,809.6917362213135,0.9917796102501182,0,0,809.6917362213135,1.0,,
2574,,,,,1.3251511454582214,166.6966781616211,0.31803625309839845,816.720922391396,810.0095529556274,0.9917825425408249,0,0,810.0095529556274,0.9999998807907104,,
2575,,,,,1.3251284956932068,166.7610321044922,0.3180307508446276,817.0389531422406,810.3274154663086,0.9917855352549334,0,0,810.3274154663086,0.9999999403953552,,
2576,,,,,1.3250986337661743,166.82538604736328,0.3180235135369003,817.3569766557775,810.6452751159668,0.9917885309216142,0,0,810.6452751159668,1.0,,
2577,,,,,1.3250789046287537,166.88973236083984,0.31801923364400864,817.6749958894216,810.9631118774414,0.9917915014575194,0,0,810.9631118774414,1.0,,
2578,,,,,1.325094223022461,166.95409393310547,0.31802249467000365,817.9930183840916,811.2809629440308,0.9917944832178138,0,0,811.2809629440308,0.9999999403953552,,
2579,,,,,1.3250868916511536,167.01844787597656,0.3180206259712577,818.3110390100628,811.5988264083862,0.9917974800757942,0,0,811.5988264083862,1.0,,
2580,8.499716563433765,7.728561878204346,69.78303718566895,0.35960403457283974,1.3250874876976013,167.0828094482422,0.31802097242325544,818.6290599824861,811.9166612625122,0.9918004392366446,0,0,811.9166612625122,1.0,,
2581,,,,,1.3251771926879883,167.14715576171875,0.31804241985082626,818.9471024023369,812.234540939331,0.9918034248569707,0,0,812.234540939331,0.9999995231628418,,
2582,,,,,1.3251675367355347,167.21150970458984,0.3180405041202903,819.2651429064572,812.5523538589478,0.9918063289941814,0,0,812.5523538589478,1.0,,
2583,,,,,1.3251286745071411,167.27587127685547,0.3180305352434516,819.5831734417006,812.8702239990234,0.9918093127577421,0,0,812.8702239990234,0.9999999403953552,,
2584,,,,,1.325173020362854,167.3402328491211,0.3180415774695575,819.9012150191702,813.1880950927734,0.9918122820122411,0,0,813.1880950927734,0.9999999403953552,,
2585,,,,,1.3251203298568726,167.4045867919922,0.3180288043804467,820.2192438235506,813.5059661865234,0.991815264409387,0,0,813.5059661865234,0.9999998807907104,,
2586,,,,,1.325161099433899,167.46895599365234,0.3180388296023011,820.5372826531529,813.823823928833,0.9918182161051677,0,0,813.823823928833,0.9999999403953552,,
2587,,,,,1.3251468539237976,167.53330993652344,0.31803534366190434,820.8553179968148,814.1416940689087,0.9918211848291476,0,0,814.1416940689087,1.0,,
2588,,,,,1.3251988291740417,167.59767150878906,0.318047815002501,821.1733658118173,814.4595575332642,0.9918241280610497,0,0,814.4595575332642,0.9999999403953552,,
2589,,,,,1.3251535892486572,167.6620330810547,0.31803719606250525,821.4914030078799,814.7774276733398,0.991827089961066,0,0,814.7774276733398,0.9999999403953552,,
2590,8.509391924489542,7.726925849914551,69.6689567565918,0.35403236001729965,1.3251384496688843,167.72637939453125,0.3180331368930638,821.8094361447729,815.0952606201172,0.9918300092097337,0,0,815.0952606201172,0.9999999403953552,,
2591,,,,,1.325095534324646,167.79075622558594,0.3180226404219866,822.1274587851949,815.4131021499634,0.9918329493030753,0,0,815.4131021499634,0.9999999403953552,,
2592,,,,,1.3251195549964905,167.85511016845703,0.3180282423272729,822.4454870275222,815.7309722900391,0.9918359151537791,0,0,815.7309722900391,1.0,,
2593,,,,,1.3251206874847412,167.91946411132812,0.3180292919278145,822.76351631945,816.0488405227661,0.9918388751281506,0,0,816.0488405227661,1.0,,
2594,,,,,1.3251230716705322,167.98383331298828,0.31802943255752325,823.0815457520075,816.366702079773,0.9918418245350155,0,0,816.366702079773,1.0,,
2595,,,,,1.325113296508789,168.04818725585938,0.31802714383229613,823.3995728958398,816.6845169067383,0.9918447176678922,0,0,816.6845169067383,1.0,,
2596,,,,,1.3250940442085266,168.11255645751953,0.31802235217764974,823.7175952480175,817.0024156570435,0.9918477162200802,0,0,817.0024156570435,1.0,,
2597,,,,,1.3251079320907593,168.17691802978516,0.3180259973742068,824.0356212453917,817.3202180862427,0.991850591180754,0,0,817.3202180862427,1.0,,
2598,,,,,1.3250702619552612,168.24127960205078,0.3180170590057969,824.3536383043975,817.6381244659424,0.9918536007771263,0,0,817.6381244659424,0.9999999403953552,,
2599,,,,,1.325087070465088,168.3056411743164,0.31802146742120385,824.6716597718187,817.9559707641602,0.9918565298951613,0,0,817.9559707641602,0.9999999403953552,,
2600,8.519211824576693,7.725427031517029,69.55166721343994,0.3524380028247833,1.3250781297683716,168.3699951171875,0.3180184429511428,824.9896782147698,818.2737808227539,0.9918594164637917,0,0,818.2737808227539,0.9999999403953552,2a9ef457d11b94b509b1848a4861f73a7ad2cd78d270cf94ba948504887971a4,True
2601,,,,,1.3251469135284424,168.43435668945312,0.3180350032635033,825.3077132180333,818.591649055481,0.9918623513933171,0,0,818.591649055481,0.9999996423721313,,
2602,,,,,1.3251444101333618,168.49872589111328,0.3180348565801978,825.6257480746135,818.9095010757446,0.9918652646013858,0,0,818.9095010757446,1.0,,
2603,,,,,1.3251659870147705,168.56309509277344,0.31803979771211743,825.9437878723256,819.2273921966553,0.9918682169727637,0,0,819.2273921966553,1.0,,
2604,,,,,1.3251710534095764,168.62745666503906,0.3180410419590771,826.2618289142847,819.5452136993408,0.9918710813208319,0,0,819.5452136993408,1.0000001192092896,,
2605,,,,,1.3251264691352844,168.69183349609375,0.3180304281413555,826.5798593424261,819.8630704879761,0.9918739988900838,0,0,819.8630704879761,1.0,,
2606,,,,,1.3251531720161438,168.75618743896484,0.3180369329638779,826.8978962753899,820.1809387207031,0.9918769202522547,0,0,820.1809387207031,1.0000001192092896,,
2607,,,,,1.325148582458496,168.820556640625,0.3180358214303851,827.2159320968203,820.4988088607788,0.9918798430066307,0,0,820.4988088607788,1.0,,
2608,,,,,1.3251591324806213,168.8849334716797,0.3180378186516464,827.533969915472,820.8166952133179,0.9918827807119008,0,0,820.8166952133179,0.9999999403953552,,
2609,,,,,1.3251520991325378,168.9492950439453,0.31803598487749696,827.8520059003495,821.1345491409302,0.9918856791895858,0,0,821.1345491409302,0.9999999403953552,,
2610,8.528954429677125,7.724364399909973,69.4434814453125,0.3465188927948475,1.3251281380653381,169.01365661621094,0.3180306851863861,828.1700365855359,821.4524164199829,0.9918885979100982,0,0,821.4524164199829,0.9999999403953552,,
2611,,,,,1.3251469135284424,169.07803344726562,0.3180354447104037,828.4880720302463,821.7702884674072,0.9918915144470604,0,0,821.7702884674072,0.9999999403953552,,
2612,,,,,1.3251280784606934,169.14240264892578,0.31803141348063946,828.8061034437269,822.0881595611572,0.9918944324195281,0,0,822.0881595611572,1.0,,
2613,,,,,1.3251230716705322,169.20677947998047,0.3180295745842159,829.1241330183111,822.4059772491455,0.991897285941117,0,0,822.4059772491455,1.0000001192092896,,
2614,,,,,1.3251230716705322,169.2711410522461,0.3180296220816672,829.4421626403928,822.7238321304321,0.9919001820590179,0,0,822.7238321304321,1.0,,
2615,,,,,1.3251595497131348,169.33550262451172,0.31803841423243284,829.7602010546252,823.0417098999023,0.991903093030752,0,0,823.0417098999023,1.0,,
2616,,,,,1.325096845626831,169.3998794555664,0.3180229035206139,830.0782239581458,823.3595657348633,0.991905993881822,0,0,823.3595657348633,0.9999998211860657,,
2617,,,,,1.325065553188324,169.46424865722656,0.318015290889889,830.3962392490357,823.6774225234985,0.9919089027527216,0,0,823.6774225234985,1.0,,
2618,,,,,1.3251542448997498,169.52861785888672,0.31803659815341234,830.7142758471891,823.9952306747437,0.9919117254057128,0,0,823.9952306747437,0.9999999403953552,,
2619,,,,,1.325075924396515,169.59300231933594,0.31801810674369335,831.0322939539328,824.3131256103516,0.9919146723990551,0,0,824.3131256103516,0.9999998807907104,,
2620,8.53864866056607,7.723536491394043,69.34509372711182,0.341524638235569,1.3250712752342224,169.65736389160156,0.31801658729091287,831.3503105412237,824.6309795379639,0.9919175696237047,0,0,824.6309795379639,0.9999999403953552,,
2621,,,,,1.3251859545707703,169.72174072265625,0.31804470298811793,831.6683552442119,824.948802947998,0.9919203944050009,0,0,824.948802947998,0.9999992847442627,,
2622,,,,,1.32513427734375,169.78610229492188,0.31803220650181174,831.9863874507137,825.2666921615601,0.9919233110174501,0,0,825.2666921615601,0.9999999403953552,,
2623,,,,,1.3251668810844421,169.8504867553711,0.3180403537116945,832.3044278044254,825.5845613479614,0.9919261916289552,0,0,825.5845613479614,1.0,,
2624,,,,,1.3251777291297913,169.91486358642578,0.31804224848747253,832.6224700529128,825.9024353027344,0.9919290735094473,0,0,825.9024353027344,1.0000001192092896,,
2625,,,,,1.3251514434814453,169.97924041748047,0.3180367727763951,832.9405068256892,826.2203054428101,0.9919319551302761,0,0,826.2203054428101,1.0000001192092896,,
2626,,,,,1.3251605033874512,170.04360961914062,0.3180385963059962,833.2585454219952,826.5381345748901,0.9919347831666069,0,0,826.5381345748901,0.9999998807907104,,
2627,,,,,1.3251778483390808,170.10799407958984,0.3180431453511119,833.5765885673463,826.8560485839844,0.9919377054543801,0,0,826.8560485839844,0.9999998807907104,,
2628,,,,,1.325140118598938,170.17236328125,0.31803360814228654,833.8946221754886,827.1738758087158,0.991940532786696,0,0,827.1738758087158,0.9999999403953552,,
2629,,,,,1.3251693844795227,170.2367401123047,0.3180402866564691,834.2126624621451,827.4917478561401,0.9919434037525042,0,0,827.4917478561401,1.0,,
2630,8.548332970202523,7.722678780555725,69.25050258636475,0.3479497469961643,1.3251396417617798,170.3011245727539,0.318033451680094,834.5306959138252,827.8096160888672,0.991946276083231,0,0,827.8096160888672,1.0,,
2631,,,,,1.3251310586929321,170.3655014038086,0.3180313943885267,834.8487273082137,828.1274871826172,0.9919491520969689,0,0,828.1274871826172,1.0,,
2632,,,,,1.3251062631607056,170.42986297607422,0.3180254907347262,835.1667527989484,828.445351600647,0.9919520249389998,0,0,828.445351600647,1.0,,
2633,,,,,1.3251578211784363,170.49424743652344,0.31803770177066326,835.4847905007191,828.7632074356079,0.9919548708228622,0,0,828.7632074356079,0.9999998807907104,,
2634,,,,,1.3251429200172424,170.55863189697266,0.31803508289158344,835.8028255836107,829.0810832977295,0.991957741610662,0,0,829.0810832977295,1.0,,
2635,,,,,1.3251327276229858,170.62300872802734,0.3180317650549114,836.1208573486656,829.3989028930664,0.9919605468557315,0,0,829.3989028930664,1.0,,
2636,,,,,1.3251081109046936,170.68738555908203,0.31802575569599867,836.4388831043616,829.7167701721191,0.9919634141023012,0,0,829.7167701721191,0.9999998211860657,,
2637,,,,,1.3250779509544373,170.75177001953125,0.31801860593259335,836.7569017102942,830.0346193313599,0.9919662659905221,0,0,830.0346193313599,0.9999998807907104,,
2638,,,,,1.3250757455825806,170.8161392211914,0.3180177793838084,837.074919489678,830.3524703979492,0.991969118969867,0,0,830.3524703979492,1.0,,
2639,,,,,1.3251199126243591,170.8805160522461,0.3180285352282226,837.3929480249062,830.6703271865845,0.9919719638740941,0,0,830.6703271865845,1.0,,
2640,8.558152546065736,7.7216867208480835,69.15399742126465,0.3574386313557625,1.325126588344574,170.9449005126953,0.31803033920004964,837.7109783641063,830.988208770752,0.9919748340812202,0,0,830.988208770752,1.0,,
2641,,,,,1.3251605033874512,171.00928497314453,0.3180386032909155,838.0290169673972,831.3060760498047,0.9919776752576873,0,0,831.3060760498047,0.9999998211860657,,
2642,,,,,1.3251507878303528,171.07366180419922,0.318036075681448,838.3470530430786,831.6239404678345,0.9919805138565929,0,0,831.6239404678345,0.9999999403953552,,
2643,,,,,1.32516747713089,171.13804626464844,0.3180400771088898,838.6650931201875,831.941816329956,0.991983359215275,0,0,831.941816329956,0.9999999403953552,,
2644,,,,,1.3252137899398804,171.20243072509766,0.31805112212896347,838.9831442423165,832.2596998214722,0.9919861984510818,0,0,832.2596998214722,0.9999999403953552,,
2645,,,,,1.3251789808273315,171.2668228149414,0.31804280215874314,839.3011870444752,832.5775880813599,0.9919890510499658,0,0,832.5775880813599,1.0,,
2646,,,,,1.3251771330833435,171.3311996459961,0.3180429581552744,839.6192300026305,832.8954610824585,0.9919918831299851,0,0,832.8954610824585,0.9999999403953552,,
2647,,,,,1.3251782059669495,171.3955841064453,0.3180426866747439,839.9372726893052,833.2132921218872,0.9919946634277935,0,0,833.2132921218872,0.9999999403953552,,
2648,,,,,1.3251213431358337,171.4599609375,0.31802920112386346,840.2553018904291,833.5312032699585,0.9919975528802454,0,0,833.5312032699585,0.9999998807907104,,
2649,,,,,1.325154960155487,171.52435302734375,0.3180369115434587,840.5733388019726,833.849027633667,0.9920003278025801,0,0,833.849027633667,0.9999999403953552,,
2650,8.56827138062334,7.720480918884277,69.0547227859497,0.37200581282377243,1.325167179107666,171.58873748779297,0.31803978933021426,840.8913785913028,834.166953086853,0.9920032174479945,0,0,834.166953086853,1.0,,
2651,,,,,1.325190246105194,171.6531219482422,0.31804535584524274,841.209423947148,834.4847812652588,0.9920059827072114,0,0,834.4847812652588,1.0,,
2652,,,,,1.3251845240592957,171.71752166748047,0.31804457725957036,841.5274685244076,834.8027114868164,0.9920088680534886,0,0,834.8027114868164,1.0,,
2653,,,,,1.3251307606697083,171.78189849853516,0.3180311918258667,841.8454997162335,835.1205320358276,0.9920116367163884,0,0,835.1205320358276,0.9999998807907104,,
2654,,,,,1.325153648853302,171.8462905883789,0.31803713738918304,842.1635368536226,835.4383878707886,0.9920144381838703,0,0,835.4383878707886,0.9999999403953552,,
2655,,,,,1.325167179107666,171.91067504882812,0.31803998816758394,842.4815768417902,835.7562789916992,0.9920172760628153,0,0,835.7562789916992,1.0,,
2656,,,,,1.3251062631607056,171.97505950927734,0.3180254087783396,842.7996022505686,836.0741271972656,0.9920200780406818,0,0,836.0741271972656,0.9999998807907104,,
2657,,,,,1.3251031041145325,172.03944396972656,0.3180248783901334,843.1176271289587,836.3919973373413,0.992022904544742,0,0,836.3919973373413,1.0,,
2658,,,,,1.3250605463981628,172.10382843017578,0.31801448855549097,843.4356416175142,836.709846496582,0.9920257162620794,0,0,836.709846496582,0.9999998807907104,,
2659,,,,,1.3250883221626282,172.168212890625,0.31802126578986645,843.7536628833041,837.0276947021484,0.9920285167614296,0,0,837.0276947021484,0.9999999403953552,,
2660,8.578759311711487,7.718939900398254,68.95269393920898,0.3871693015098572,1.3251194953918457,172.23260498046875,0.3180281105451286,844.0716909938492,837.3455171585083,0.9920312765999506,0,0,837.3455171585083,1.0,,
2661,,,,,1.3251915574073792,172.2969970703125,0.31804620614275336,844.3897371999919,837.6634387969971,0.992034130560018,0,0,837.6634387969971,0.999999463558197,,
2662,,,,,1.3251901865005493,172.36138916015625,0.3180456720292568,844.7077828720212,837.9813203811646,0.9920369355802695,0,0,837.9813203811646,0.9999999403953552,,
2663,,,,,1.3251416087150574,172.42577362060547,0.31803358253091574,845.0258164545521,838.2991943359375,0.9920397436532314,0,0,838.2991943359375,1.0,,
2664,,,,,1.325204074382782,172.49016571044922,0.3180493675172329,845.3438658220693,838.6170263290405,0.9920424814504472,0,0,838.6170263290405,0.9999998807907104,,
2665,,,,,1.3251938223838806,172.5545654296875,0.3180463733151555,845.6619121953845,838.9349212646484,0.9920452951306824,0,0,838.9349212646484,0.9999998807907104,,
2666,,,,,1.3251788020133972,172.61895751953125,0.31804255628958344,845.9799547516741,839.252836227417,0.9920481348447165,0,0,839.252836227417,0.9999998807907104,,
2667,,,,,1.3251617550849915,172.683349609375,0.3180386330932379,846.2979933847673,839.5706644058228,0.9920508744773934,0,0,839.5706644058228,1.0000001192092896,,
2668,,,,,1.3251553773880005,172.74774169921875,0.3180372272618115,846.6160306120291,839.8885507583618,0.9920536824127876,0,0,839.8885507583618,1.0,,
2669,,,,,1.3251680731773376,172.8121337890625,0.3180404044687748,846.9340710164979,840.2064113616943,0.992056454114864,0,0,840.2064113616943,1.0000001192092896,,
2670,8.589646686690736,7.716929912567139,68.84611129760742,0.40034693479537964,1.3251949548721313,172.87652587890625,0.3180469209328294,847.2521179374307,840.5243005752563,0.9920592498741062,0,0,840.5243005752563,0.9999999403953552,,
2671,,,,,1.3251674175262451,172.94091796875,0.3180404994636774,847.5701584368944,840.8421716690063,0.9920620296728038,0,0,840.8421716690063,0.9999999403953552,,
2672,,,,,1.325141966342926,173.00531005859375,0.31803374039009213,847.8881921772845,841.160041809082,0.9920648141697477,0,0,841.160041809082,0.9999999403953552,,
2673,,,,,1.3251769542694092,173.06970977783203,0.3180425548925996,848.2062347321771,841.4779357910156,0.9920676143776673,0,0,841.4779357910156,1.0,,
2674,,,,,1.3251781463623047,173.13410186767578,0.31804243149235845,848.5242771636695,841.7958059310913,0.9920703845326969,0,0,841.7958059310913,1.0,,
2675,,,,,1.3251364827156067,173.19849395751953,0.31803299440070987,848.8423101580702,842.1136779785156,0.9920731658883702,0,0,842.1136779785156,0.9999999403953552,,
2676,,,,,1.3251205682754517,173.26288604736328,0.3180288774892688,849.1603390355594,842.4315319061279,0.9920759286319533,0,0,842.4315319061279,0.9999999403953552,,
2677,,,,,1.3251239657402039,173.32728576660156,0.31802989495918155,849.4783689305186,842.7493982315063,0.9920787027131898,0,0,842.7493982315063,1.0,,
2678,,,,,1.3251108527183533,173.39168548583984,0.3180266604758799,849.7963955909945,843.0672645568848,0.9920814784941151,0,0,843.0672645568848,0.9999999403953552,,
2679,,,,,1.3251274228096008,173.4560775756836,0.31803108332678676,850.1144266743213,843.3851375579834,0.9920842548894693,0,0,843.3851375579834,0.9999999403953552,,
2680,8.600947641724767,7.714409947395325,68.73241901397705,0.4131210818886757,1.3250977993011475,173.5204620361328,0.318023560103029,850.4324502344243,843.7029876708984,0.9920870110710476,0,0,843.7029876708984,0.9999999403953552,,
2681,,,,,1.3251930475234985,173.58486938476562,0.318046722561121,850.7504969569854,844.020881652832,0.9920897897465528,0,0,844.020881652832,0.9999995231628418,,
2682,,,,,1.325191617012024,173.64927673339844,0.3180464478209615,851.0685434048064,844.3387155532837,0.9920924960701752,0,0,844.3387155532837,0.9999999403953552,,
2683,,,,,1.3251822590827942,173.71367645263672,0.31804400170221925,851.3865874065086,844.6565933227539,0.9920952547487779,0,0,844.6565933227539,1.0,,
2684,,,,,1.3251557350158691,173.77806854248047,0.3180374321527779,851.7046248386614,844.9744701385498,0.9920980178998235,0,0,844.9744701385498,1.0,,
2685,,,,,1.3251602053642273,173.84246826171875,0.31803800631314516,852.0226628449745,845.2923450469971,0.9921007760808787,0,0,845.2923450469971,1.0000001192092896,,
2686,,,,,1.3251619935035706,173.90687561035156,0.31803902331739664,852.340701868292,845.6102180480957,0.9921035287820418,0,0,845.6102180480957,1.0000001192092896,,
2687,,,,,1.3251565098762512,173.97125244140625,0.31803693948313594,852.6587388077751,845.928108215332,0.992106301986824,0,0,845.928108215332,1.0,,
2688,,,,,1.3251500725746155,174.0356674194336,0.31803608825430274,852.9767748960294,846.2459716796875,0.9921090428081546,0,0,846.2459716796875,1.0,,
2689,,,,,1.325148582458496,174.10006713867188,0.318035168107599,853.294810064137,846.5638456344604,0.9921117949502452,0,0,846.5638456344604,0.9999999403953552,,
2690,8.61262372385458,7.7114503383636475,68.6131591796875,0.4199877679347992,1.3251781463623047,174.16445922851562,0.3180428920313716,853.6128529561684,846.8817291259766,0.9921145472366283,0,0,846.8817291259766,0.9999999403953552,,
2691,,,,,1.325141429901123,174.2288589477539,0.3180340239778161,853.9308869801462,847.199592590332,0.9921172843230677,0,0,847.199592590332,0.9999999403953552,,
2692,,,,,1.3251628875732422,174.29327392578125,0.31803942611441016,854.2489264062606,847.517466545105,0.9921200253777606,0,0,847.517466545105,0.9999998807907104,,
2693,,,,,1.325192630290985,174.357666015625,0.3180462019518018,854.5669726082124,847.835355758667,0.9921227743812742,0,0,847.835355758667,1.0000001192092896,,
2694,,,,,1.3251417875289917,174.42208099365234,0.318033451680094,854.8850060598925,848.1532287597656,0.9921255171720064,0,0,848.1532287597656,1.0,,
2695,,,,,1.3251429796218872,174.4864730834961,0.3180343396961689,855.2030403995886,848.4710998535156,0.9921282546622746,0,0,848.4710998535156,1.0,,
2696,,,,,1.3251897096633911,174.5508804321289,0.3180454750545323,855.5210858746432,848.7889709472656,0.9921309772037986,0,0,848.7889709472656,0.9999999403953552,,
2697,,,,,1.3252102136611938,174.61529541015625,0.31805036263540387,855.8391362372786,849.1068506240845,0.9921337020847237,0,0,849.1068506240845,1.0,,
2698,,,,,1.325143575668335,174.6796875,0.3180342852137983,856.1571705224924,849.4247198104858,0.992136431319148,0,0,849.4247198104858,0.9999999403953552,,
2699,,,,,1.3251224160194397,174.7440948486328,0.31802923092618585,856.4751997534186,849.7425899505615,0.9921391654950471,0,0,849.7425899505615,0.9999999403953552,,
2700,8.624569300921316,7.7081708908081055,68.49051189422607,0.4196617528796196,1.3251644968986511,174.80850219726562,0.31803900422528386,856.7932387576438,850.0604553222656,0.9921418807586042,0,0,850.0604553222656,0.9999999403953552,b3b09601113aedb0053f1d126204f86828767a00dadf3725b5fe5204e34e31d4,True
2701,,,,,1.3252053260803223,174.8729019165039,0.31804964505136013,857.1112884026952,850.3783483505249,0.9921446139570524,0,0,850.3783483505249,0.9999995231628418,,
2702,,,,,1.3252032399177551,174.93730926513672,0.3180490154772997,857.4293374181725,850.6962375640869,0.9921473414073272,0,0,850.6962375640869,1.0,,
2703,,,,,1.3251658082008362,175.00171661376953,0.3180397409014404,857.747377159074,851.0141038894653,0.9921500508787205,0,0,851.0141038894653,0.9999998807907104,,
2704,,,,,1.3251913785934448,175.06612396240234,0.31804571067914367,858.0654228697531,851.3319883346558,0.9921527725559914,0,0,851.3319883346558,0.9999998807907104,,
2705,,,,,1.3251705169677734,175.1305389404297,0.318040959071368,858.3834638288245,851.6498651504517,0.9921554888204177,0,0,851.6498651504517,1.0,,
2706,,,,,1.325183391571045,175.1949462890625,0.31804457027465105,858.7015083990991,851.967752456665,0.9921582111169351,0,0,851.967752456665,0.9999999403953552,,
2707,,,,,1.3251692652702332,175.25934600830078,0.3180407718755305,859.0195491709746,852.2856435775757,0.9921609402255178,0,0,852.2856435775757,0.9999999403953552,,
2708,,,,,1.3252138495445251,175.32376098632812,0.31805137591436505,859.337600546889,852.6035165786743,0.9921636339851415,0,0,852.6035165786743,0.9999998807907104,,
2709,,,,,1.3251342177391052,175.38816833496094,0.3180319517850876,859.6556324986741,852.9214096069336,0.9921663714664815,0,0,852.9214096069336,0.9999998807907104,,
2710,8.636708893592298,7.7046568393707275,68.36743831634521,0.41422972083091736,1.3251392245292664,175.45257568359375,0.31803346052765846,859.9736659592018,853.2392807006836,0.9921690796764018,0,0,853.2392807006836,1.0000001192092896,,
2711,,,,,1.325153648853302,175.51698303222656,0.3180368193425238,860.2917027785443,853.5571517944336,0.9921717820102639,0,0,853.5571517944336,1.0000001192092896,,
2712,,,,,1.3251649737358093,175.58139038085938,0.3180397292599082,860.6097425078042,853.8750257492065,0.9921744823164866,0,0,853.8750257492065,1.0,,
2713,,,,,1.325173258781433,175.64580535888672,0.31804102985188365,860.9277835376561,854.192907333374,0.9921771879906016,0,0,854.192907333374,1.0,,
2714,,,,,1.3251827955245972,175.710205078125,0.31804385455325246,861.2458273922093,854.5107879638672,0.9921798873049564,0,0,854.5107879638672,0.9999999403953552,,
2715,,,,,1.3251470923423767,175.77462005615234,0.3180354153737426,861.5638628075831,854.8286638259888,0.9921825888104832,0,0,854.8286638259888,0.9999999403953552,,
2716,,,,,1.3250834345817566,175.8390350341797,0.3180198254995048,861.8818826330826,855.1465129852295,0.9921852752870529,0,0,855.1465129852295,0.9999998211860657,,
2717,,,,,1.3250918984413147,175.9034423828125,0.3180220304057002,862.1999046634883,855.4643907546997,0.9921879904273262,0,0,855.4643907546997,1.0,,
2718,,,,,1.3250754475593567,175.96783447265625,0.31801834143698215,862.5179230049253,855.7822036743164,0.9921906326222842,0,0,855.7822036743164,1.0,,
2719,,,,,1.3251277804374695,176.03225708007812,0.31803072011098266,862.8359537250362,856.1001052856445,0.9921933614259898,0,0,856.1001052856445,0.9999999403953552,,
2720,8.649006642700034,7.7009663581848145,68.24405288696289,0.4038664847612381,1.3251311779022217,176.0966567993164,0.31803133664652705,863.1539850616828,856.4179754257202,0.9921960510493592,0,0,856.4179754257202,1.0,,
2721,,,,,1.3252111673355103,176.16107940673828,0.3180506597273052,863.4720357214101,856.7358169555664,0.9921986833537502,0,0,856.7358169555664,0.999999463558197,,
2722,,,,,1.3252410292625427,176.22549438476562,0.3180577992461622,863.7900935206562,857.0537586212158,0.9922014214448961,0,0,857.0537586212158,1.0,,
2723,,,,,1.3251976370811462,176.28990936279297,0.3180474448017776,864.108140965458,857.3716039657593,0.9922040579409735,0,0,857.3716039657593,1.0,,
2724,,,,,1.3252059817314148,176.3543243408203,0.3180497959256172,864.4261907613836,857.6895446777344,0.992206800122846,0,0,857.6895446777344,1.0,,
2725,,,,,1.3251866698265076,176.41873931884766,0.3180446815676987,864.7442354429513,858.007417678833,0.9922094678541933,0,0,858.007417678833,0.9999999403953552,,
2726,,,,,1.3251566290855408,176.483154296875,0.3180375723168254,865.0622730152681,858.3252611160278,0.9922121076026599,0,0,858.3252611160278,0.9999998807907104,,
2727,,,,,1.3251973986625671,176.54757690429688,0.3180475989356637,865.3803206142038,858.643180847168,0.9922148220770086,0,0,858.643180847168,1.0,,
2728,,,,,1.3251823782920837,176.61199951171875,0.31804343638941646,865.6983640505932,858.9610729217529,0.9922175073806105,0,0,858.9610729217529,1.0,,
2729,,,,,1.3251734375953674,176.67639923095703,0.3180416929535568,866.0164057435468,859.2789058685303,0.9922201244337481,0,0,859.2789058685303,1.0,,
2730,8.661460278676959,7.697103261947632,68.11966800689697,0.3918216675519943,1.3251728415489197,176.74081420898438,0.31804152531549335,866.3344472688623,859.5967884063721,0.9922227969997824,0,0,859.5967884063721,1.0000001192092896,,
2731,,,,,1.3251541256904602,176.80523681640625,0.3180366768501699,866.6524839457124,859.914665222168,0.9922254665527878,0,0,859.914665222168,0.9999999403953552,,
2732,,,,,1.325188398361206,176.8696517944336,0.31804487528279424,866.9705288209952,860.2325496673584,0.9922281335643544,0,0,860.2325496673584,0.9999998807907104,,
2733,,,,,1.3251962065696716,176.93407440185547,0.3180466881021857,867.2885755090974,860.5504903793335,0.9922308614225551,0,0,860.5504903793335,1.0000001192092896,,
2734,,,,,1.3252058625221252,176.99849700927734,0.31804973306134343,867.6066252421588,860.8683242797852,0.9922334606879081,0,0,860.8683242797852,0.9999999403953552,,
2735,,,,,1.3251456022262573,177.06290435791016,0.31803484400734305,867.9246600861661,861.1862154006958,0.9922361409977655,0,0,861.1862154006958,0.9999998807907104,,
2736,,,,,1.3250961303710938,177.1273193359375,0.31802299292758107,868.2426830790937,861.5040664672852,0.9922387867549749,0,0,861.5040664672852,0.9999999403953552,,
2737,,,,,1.3251670598983765,177.19174194335938,0.3180400002747774,868.5607230793685,861.8219423294067,0.9922414396933915,0,0,861.8219423294067,0.9999999403953552,,
2738,,,,,1.3251575231552124,177.25615692138672,0.3180376118980348,868.8787606912665,862.1398086547852,0.9922440824412362,0,0,862.1398086547852,1.0,,
2739,,,,,1.325137734413147,177.3205795288086,0.31803262373432517,869.1967933150008,862.4576940536499,0.9922467508932586,0,0,862.4576940536499,1.0,,
2740,8.674076286001826,7.693057060241699,67.99331092834473,0.38226937502622604,1.3251218795776367,177.38499450683594,0.3180290423333645,869.5148223573342,862.7755546569824,0.9922493929636736,0,0,862.7755546569824,0.9999999403953552,,
2741,,,,,1.325195848941803,177.4494171142578,0.3180467267520726,869.8328690840863,863.0934400558472,0.9922520414348832,0,0,863.0934400558472,0.9999995231628418,,
2742,,,,,1.325206696987152,177.5138397216797,0.31804938381537795,870.1509184679016,863.4113388061523,0.9922547002839267,0,0,863.4113388061523,0.9999999403953552,,
2743,,,,,1.3252108693122864,177.57826232910156,0.3180503901094198,870.4689688580111,863.7292671203613,0.9922573900061105,0,0,863.7292671203613,0.9999999403953552,,
2744,,,,,1.32515949010849,177.6426773071289,0.3180382587015629,870.7870071167126,864.0471487045288,0.9922600379230492,0,0,864.0471487045288,1.0,,
2745,,,,,1.3252027034759521,177.7071075439453,0.3180484101176262,871.1050555268303,864.3649845123291,0.9922626197934004,0,0,864.3649845123291,1.0,,
2746,,,,,1.3251941204071045,177.77152252197266,0.31804640078917146,871.4231019276194,864.6828689575195,0.9922652578808259,0,0,864.6828689575195,0.9999999403953552,,
2747,,,,,1.325140357017517,177.83595275878906,0.3180337632074952,871.7411356908269,865.0007476806641,0.992267901864213,0,0,865.0007476806641,0.9999998807907104,,
2748,,,,,1.3251899480819702,177.9003677368164,0.3180455067194998,872.0591811975464,865.3186340332031,0.9922705393055,0,0,865.3186340332031,0.9999999403953552,,
2749,,,,,1.3251899480819702,177.9647979736328,0.3180454969406128,872.377226694487,865.6365690231323,0.992273230587533,0,0,865.6365690231323,1.0,,
2750,8.686855896725598,7.688801288604736,67.86275386810303,0.37665873020887375,1.3251686692237854,178.02922821044922,0.31803973903879523,872.6952664335258,865.9544486999512,0.9922758630728873,0,0,865.9544486999512,1.0000001192092896,,
2751,,,,,1.3251539468765259,178.09363555908203,0.3180369692854583,873.0133034028113,866.272289276123,0.9922784520001995,0,0,866.272289276123,1.0,,
2752,,,,,1.325154423713684,178.15806579589844,0.3180370545014739,873.3313404573128,866.5901594161987,0.9922810727969695,0,0,866.5901594161987,0.9999999403953552,,
2753,,,,,1.3251593112945557,178.22249603271484,0.3180380263365805,873.6493784836493,866.9080858230591,0.9922837549861343,0,0,866.9080858230591,0.9999999403953552,,
2754,,,,,1.3251370191574097,178.28691864013672,0.318032652605325,873.9674111362547,867.2259149551392,0.9922863300219034,0,0,867.2259149551392,1.0,,
2755,,,,,1.3251678943634033,178.3513412475586,0.31804005429148674,874.2854511905462,867.543797492981,0.9922889558686058,0,0,867.543797492981,1.0,,
2756,,,,,1.3251177668571472,178.4157485961914,0.31802860414609313,874.6034797946922,867.8617172241211,0.9922916353223808,0,0,867.8617172241211,0.9999998807907104,,
2757,,,,,1.3251262307167053,178.48018646240234,0.3180300509557128,874.921509845648,868.1795883178711,0.992294255596748,0,0,868.1795883178711,1.0,,
2758,,,,,1.3251847624778748,178.54460906982422,0.31804428435862064,875.2395541300066,868.4974746704102,0.9922968752637109,0,0,868.4974746704102,1.0,,
2759,,,,,1.3251135349273682,178.6090316772461,0.3180271377786994,875.5575812677853,868.8153305053711,0.9922994776052848,0,0,868.8153305053711,0.9999998807907104,,
2760,8.69974515998506,7.68431282043457,67.72655391693115,0.3731638342142105,1.3250920176506042,178.67345428466797,0.31802189722657204,875.8756031650119,869.1331949234009,0.99230209379363,0,0,869.1331949234009,0.9999999403953552,,
2761,,,,,1.3252156972885132,178.73788452148438,0.3180518774315715,876.1936550424434,869.4510908126831,0.9923047100478778,0,0,869.4510908126831,0.9999994039535522,,
2762,,,,,1.32520192861557,178.80231475830078,0.3180482485331595,876.5117032909766,869.7689666748047,0.9923073056630546,0,0,869.7689666748047,0.9999999403953552,,
2763,,,,,1.325245201587677,178.8667449951172,0.3180587040260434,876.8297619950026,870.086820602417,0.9923098625470412,0,0,870.086820602417,0.9999999403953552,,
2764,,,,,1.325219213962555,178.9311752319336,0.31805305927991867,877.1478150542825,870.4047622680664,0.9923125239891296,0,0,870.4047622680664,0.9999999403953552,,
2765,,,,,1.3251965045928955,178.99561309814453,0.3180467961356044,877.4658618504182,870.7226486206055,0.9923151275474199,0,0,870.7226486206055,0.9999999403953552,,
2766,,,,,1.3251603245735168,179.0600357055664,0.31803823402151465,877.7839000844397,871.0405378341675,0.9923177421576945,0,0,871.0405378341675,0.9999999403953552,,
2767,,,,,1.3251885175704956,179.1244659423828,0.3180448221974075,878.1019449066371,871.3584222793579,0.9923203419985624,0,0,871.3584222793579,1.0000001192092896,,
2768,,,,,1.3251655101776123,179.1888885498047,0.3180399062111974,878.4199848128483,871.6763067245483,0.9923229455102417,0,0,871.6763067245483,1.0,,
2769,,,,,1.3251677751541138,179.2533187866211,0.31803990714251995,878.7380247199908,871.9941558837891,0.9923255069810463,0,0,871.9941558837891,0.9999999403953552,,
2770,8.712631699763445,7.679638862609863,67.58714294433594,0.36830153316259384,1.325149953365326,179.31776428222656,0.31803621212020516,879.056060932111,872.3120727539062,0.9923281477963365,0,0,872.3120727539062,0.9999999403953552,,
2771,,,,,1.3251562714576721,179.3821792602539,0.3180370940826833,879.3740980261937,872.6299505233765,0.9923307412420312,0,0,872.6299505233765,0.9999999403953552,,
2772,,,,,1.3251475095748901,179.4466094970703,0.31803578324615955,879.6921338094398,872.9478311538696,0.9923333375434817,0,0,872.9478311538696,0.9999999403953552,,
2773,,,,,1.3251910209655762,179.51104736328125,0.31804541079327464,880.0101792202331,873.2657222747803,0.9923359330326951,0,0,873.2657222747803,0.9999999403953552,,
2774,,,,,1.325200080871582,179.57547760009766,0.31804775120690465,880.32822697144,873.5836029052734,0.9923385120918241,0,0,873.5836029052734,1.0,,
2775,,,,,1.325194001197815,179.63990783691406,0.3180463402532041,880.6462733116932,873.9014987945557,0.992341108204802,0,0,873.9014987945557,1.0,,
2776,,,,,1.3251349329948425,179.70433807373047,0.3180323583073914,880.9643056700006,874.2193689346313,0.9923436889645142,0,0,874.2193689346313,0.9999997615814209,,
2777,,,,,1.3251891136169434,179.7687759399414,0.3180450974032283,881.2823507674038,874.5372447967529,0.992346260009884,0,0,874.5372447967529,0.9999998211860657,,
2778,,,,,1.3251453638076782,179.8332061767578,0.3180346651934087,881.6003854325972,874.8551330566406,0.9923488550057203,0,0,874.8551330566406,0.9999998807907104,,
2779,,,,,1.3251263499259949,179.89763641357422,0.318029900547117,881.9184153331444,875.1730031967163,0.9923514329453241,0,0,875.1730031967163,0.9999999403953552,,
2780,8.725512403510956,7.6748785972595215,67.44912624359131,0.3691202625632286,1.325200617313385,179.96206665039062,0.31804809579625726,882.2364634289406,875.4908771514893,0.9923539928839092,0,0,875.4908771514893,0.9999998807907104,,
2781,,,,,1.325210988521576,180.0265121459961,0.3180504087358713,882.5545138376765,875.80881690979,0.9923566229370301,0,0,875.80881690979,0.9999998807907104,,
2782,,,,,1.3251996040344238,180.0909423828125,0.3180480618029833,882.8725618994795,876.126708984375,0.9923591997234664,0,0,876.126708984375,1.0,,
2783,,,,,1.3252207040786743,180.15538787841797,0.3180528408847749,883.1906147403643,876.4446029663086,0.9923617714438238,0,0,876.4446029663086,1.0,,
2784,,,,,1.3251881003379822,180.2198257446289,0.31804481660947204,883.5086595569737,876.7624521255493,0.9923642995929342,0,0,876.7624521255493,1.0,,
2785,,,,,1.3252227902412415,180.2842559814453,0.3180529521778226,883.8267125091515,877.0803833007812,0.9923669095843248,0,0,877.0803833007812,1.0000001192092896,,
2786,,,,,1.3251621723175049,180.34869384765625,0.31803954066708684,884.1447520498186,877.3982181549072,0.992369423808408,0,0,877.3982181549072,0.9999997615814209,,
2787,,,,,1.3251693844795227,180.41312408447266,0.3180408221669495,884.4627928719856,877.7161560058594,0.9923720512377691,0,0,877.7161560058594,0.9999999403953552,,
2788,,,,,1.3252118229866028,180.4775619506836,0.3180507109500468,884.7808435829356,878.0340404510498,0.9923746053264834,0,0,878.0340404510498,0.9999998807907104,,
2789,,,,,1.3251913189888,180.54200744628906,0.31804583966732025,885.098889422603,878.3519382476807,0.9923771781260231,0,0,878.3519382476807,1.0,,
2790,8.73850451060342,7.669973254203796,67.3104362487793,0.36929138749837875,1.3252044320106506,180.6064453125,0.3180487174540758,885.416938140057,878.6698150634766,0.9923797221558075,0,0,878.6698150634766,0.9999999403953552,,
2791,,,,,1.3251938223838806,180.67088317871094,0.31804614840075374,885.7349842884578,878.9877138137817,0.9923822920011482,0,0,878.9877138137817,1.0,,
2792,,,,,1.3251559138298035,180.73531341552734,0.31803692504763603,886.0530212135054,879.3056020736694,0.9923848584923327,0,0,879.3056020736694,1.0,,
2793,,,,,1.3251526951789856,180.7997589111328,0.3180366959422827,886.3710579094477,879.6234903335571,0.9923874233982706,0,0,879.6234903335571,1.0,,
2794,,,,,1.3251205086708069,180.86419677734375,0.3180287922732532,886.689086701721,879.9413528442383,0.9923899662703827,0,0,879.9413528442383,1.0,,
2795,,,,,1.3251577615737915,180.9286346435547,0.318037873134017,887.007124574855,880.259238243103,0.9923925229631191,0,0,880.259238243103,0.9999999403953552,,
2796,,,,,1.3251392841339111,180.9930648803711,0.31803323794156313,887.3251578127965,880.5771083831787,0.9923950658107651,0,0,880.5771083831787,0.9999999403953552,,
2797,,,,,1.3251529932022095,181.05750274658203,0.31803671224042773,887.643194525037,880.8949813842773,0.9923976061751124,0,0,880.8949813842773,1.0,,
2798,,,,,1.3251078128814697,181.12194061279297,0.3180255494080484,887.961220074445,881.2128524780273,0.9924001550474773,0,0,881.2128524780273,1.0,,
2799,,,,,1.3251070976257324,181.18638610839844,0.31802564626559615,888.2792457207106,881.5307235717773,0.9924027019865146,0,0,881.5307235717773,1.0000001192092896,,
2800,8.751670725950365,7.664875030517578,67.16872119903564,0.367590494453907,1.3252056241035461,181.25082397460938,0.31804862013086677,888.5972943408415,881.8486127853394,0.9924052418362254,0,0,881.8486127853394,0.9999997615814209,172cdb11ef3562eeee3e0c9232e8b220ab196719c138595c59cee8f987d652b1,True
2801,,,,,1.3252549171447754,181.3152618408203,0.31806093035265803,888.9153552711941,882.1665115356445,0.992407776853521,0,0,882.1665115356445,0.9999996423721313,,
2802,,,,,1.3252309560775757,181.37970733642578,0.318055281881243,889.2334105530754,882.484450340271,0.9924103614048783,0,0,882.484450340271,0.9999998807907104,,
2803,,,,,1.325193464756012,181.44415283203125,0.31804621452465653,889.5514567676,882.8023471832275,0.9924129070521699,0,0,882.8023471832275,0.9999999403953552,,
2804,,,,,1.3252270817756653,181.50859832763672,0.31805417593568563,889.8695109435357,883.120192527771,0.9924153841290625,0,0,883.120192527771,0.9999999403953552,,
2805,,,,,1.3252112865447998,181.5730438232422,0.3180503146722913,890.187561258208,883.4381332397461,0.992417970872427,0,0,883.4381332397461,0.9999999403953552,,
2806,,,,,1.325156033039093,181.63748168945312,0.3180378139950335,890.505599072203,883.7560043334961,0.9924204915210637,0,0,883.7560043334961,0.9999998807907104,,
2807,,,,,1.325179934501648,181.70191955566406,0.3180432436056435,890.8236423158087,884.0738554000854,0.9924229818393938,0,0,884.0738554000854,1.0,,
2808,,,,,1.3251792192459106,181.76637268066406,0.31804300006479025,891.1416853158735,884.3917865753174,0.9924255605457795,0,0,884.3917865753174,1.0,,
2809,,,,,1.3251941204071045,181.83081817626953,0.3180467006750405,891.4597320165485,884.7096405029297,0.99242804663947,0,0,884.7096405029297,1.0,,
2810,8.765035820260625,7.65956974029541,67.02259063720703,0.3668127506971359,1.3252041339874268,181.895263671875,0.31804884783923626,891.7777808643878,885.0275793075562,0.9924306237476676,0,0,885.0275793075562,0.9999999403953552,,
2811,,,,,1.3251745104789734,181.95970916748047,0.3180419635027647,892.0958228278905,885.345461845398,0.9924331436043549,0,0,885.345461845398,0.9999999403953552,,
2812,,,,,1.3251954913139343,182.0241470336914,0.31804655911400914,892.4138693870045,885.6633195877075,0.9924356287694913,0,0,885.6633195877075,1.0,,
2813,,,,,1.3251433372497559,182.08859252929688,0.31803452549502254,892.7319039124995,885.9812393188477,0.9924381949787306,0,0,885.9812393188477,1.0,,
2814,,,,,1.3252522945404053,182.15303802490234,0.31806063978001475,893.0499645522796,886.2991333007812,0.9924407015066802,0,0,886.2991333007812,0.9999998807907104,,
2815,,,,,1.325181245803833,182.2174835205078,0.3180435234680772,893.3680080757476,886.6170263290405,0.9924432241968802,0,0,886.6170263290405,0.9999999403953552,,
2816,,,,,1.325160801410675,182.28192901611328,0.31803882448002696,893.6860469002277,886.9348983764648,0.9924457268330636,0,0,886.9348983764648,0.9999998807907104,,
2817,,,,,1.3251463174819946,182.34637451171875,0.3180350032635033,894.0040819034912,887.2528171539307,0.9924482842011337,0,0,887.2528171539307,1.0,,
2818,,,,,1.3251401782035828,182.41082000732422,0.3180334409698844,894.322115344461,887.5707015991211,0.9924508030948775,0,0,887.5707015991211,1.0,,
2819,,,,,1.3251080513000488,182.47527313232422,0.3180256923660636,894.6401410368271,887.8885793685913,0.9924533213316226,0,0,887.8885793685913,0.9999999403953552,,
2820,8.778541044156707,7.654104828834534,66.8732681274414,0.36512037366628647,1.325147569179535,182.53971099853516,0.3180355769582093,894.9581766137853,888.2064437866211,0.9924558118987062,0,0,888.2064437866211,0.9999999403953552,,
2821,,,,,1.3252291083335876,182.6041717529297,0.3180555202998221,895.2762321340851,888.5243434906006,0.9924583180015949,0,0,888.5243434906006,0.9999995231628418,,
2822,,,,,1.325221836566925,182.66860961914062,0.31805319571867585,895.5942853298038,888.8421974182129,0.9924607737876471,0,0,888.8421974182129,1.0,,
2823,,,,,1.325246810913086,182.73306274414062,0.3180588725954294,895.9123442023993,889.1601428985596,0.992463323730792,0,0,889.1601428985596,1.0,,
2824,,,,,1.3252402544021606,182.79751586914062,0.31805745186284184,896.2304016542621,889.4780473709106,0.9924658276812648,0,0,889.4780473709106,0.9999999403953552,,
2825,,,,,1.3252108693122864,182.86196899414062,0.3180506541393697,896.5484523084015,889.7959318161011,0.9924683150420758,0,0,889.7959318161011,0.9999999403953552,,
2826,,,,,1.3251739740371704,182.9264144897461,0.31804176699370146,896.8664940753952,890.1138372421265,0.9924708338667159,0,0,890.1138372421265,0.9999999403953552,,
2827,,,,,1.3252031803131104,182.9908676147461,0.3180485493503511,897.1845426247455,890.4317150115967,0.9924733125769263,0,0,890.4317150115967,0.9999999403953552,,
2828,,,,,1.3251728415489197,183.0553207397461,0.31804150249809027,897.5025841272436,890.7496118545532,0.9924758185746527,0,0,890.7496118545532,1.0,,
2829,,,,,1.3251802921295166,183.1197738647461,0.31804356910288334,897.8206276963465,891.067497253418,0.9924783077659322,0,0,891.067497253418,0.9999999403953552,,
2830,8.792044452398738,7.648573637008667,66.7238883972168,0.36088624969124794,1.325178623199463,183.18421936035156,0.31804309040308,898.1386707867496,891.3854064941406,0.9924808222691333,0,0,891.3854064941406,1.0,,
2831,,,,,1.3252024054527283,183.24867248535156,0.31804848508909345,898.4567192718387,891.7032947540283,0.9924833056807848,0,0,891.7032947540283,0.9999999403953552,,
2832,,,,,1.325202763080597,183.31312561035156,0.31804822525009513,898.7747674970888,892.0211820602417,0.9924857865606803,0,0,892.0211820602417,1.0,,
2833,,,,,1.325206220149994,183.37757873535156,0.31804958591237664,899.0928170830011,892.3390836715698,0.9924882800939907,0,0,892.3390836715698,1.0,,
2834,,,,,1.3251456022262573,183.44202423095703,0.31803516624495387,899.4108522492461,892.6569671630859,0.9924907676294198,0,0,892.6569671630859,0.9999996423721313,,
2835,,,,,1.325154960155487,183.50647735595703,0.31803680770099163,899.7288890569471,892.9748582839966,0.9924932600752313,0,0,892.9748582839966,0.9999999403953552,,
2836,,,,,1.3251445293426514,183.57093048095703,0.31803376926109195,900.0469228262082,893.2927198410034,0.9924957212630681,0,0,893.2927198410034,0.9999998211860657,,
2837,,,,,1.3251330256462097,183.63538360595703,0.3180317999795079,900.3649546261877,893.6106033325195,0.9924982072447796,0,0,893.6106033325195,1.0000001192092896,,
2838,,,,,1.3251749873161316,183.6998291015625,0.3180420221760869,900.6829966483638,893.9285335540771,0.9925007320895116,0,0,893.9285335540771,1.0,,
2839,,,,,1.325172245502472,183.7642822265625,0.3180413618683815,901.0010380102322,894.246410369873,0.9925031966053257,0,0,894.246410369873,0.9999999403953552,,
2840,8.805381079847278,7.643064975738525,66.57792282104492,0.35406820103526115,1.3251460790634155,183.8287353515625,0.3180348607711494,901.3190728710033,894.5642986297607,0.9925056792377339,0,0,894.5642986297607,1.0,,
2841,,,,,1.3252099752426147,183.89319610595703,0.3180498890578747,901.6371227600612,894.882155418396,0.992508108671271,0,0,894.882155418396,0.9999995827674866,,
2842,,,,,1.3252038955688477,183.95764923095703,0.31804848182946444,901.9551712418906,895.200080871582,0.9925106140685367,0,0,895.200080871582,1.0,,
2843,,,,,1.3252622485160828,184.02210235595703,0.3180629489943385,902.273234190885,895.5179767608643,0.992513069019409,0,0,895.5179767608643,0.9999998807907104,,
2844,,,,,1.3252267241477966,184.0865707397461,0.31805451260879636,902.5912887034938,895.8359308242798,0.9925155959693356,0,0,895.8359308242798,1.0,,
2845,,,,,1.3252339959144592,184.15103149414062,0.3180557768791914,902.909344480373,896.1537942886353,0.9925180194079988,0,0,896.1537942886353,1.0,,
2846,,,,,1.3251625895500183,184.21546936035156,0.31803939305245876,903.2273838734254,896.4716720581055,0.9925204749812283,0,0,896.4716720581055,0.9999998211860657,,
2847,,,,,1.3251777291297913,184.2799301147461,0.31804267782717943,903.5454265512526,896.7895708084106,0.9925229484380996,0,0,896.7895708084106,1.0,,
2848,,,,,1.3252031803131104,184.34439086914062,0.31804840033873916,903.8634749515913,897.1074647903442,0.9925254085949098,0,0,897.1074647903442,1.0,,
2849,,,,,1.3251535892486572,184.40885162353516,0.31803686264902353,904.1815118142404,897.4253540039062,0.9925278744123192,0,0,897.4253540039062,0.9999998807907104,,
2850,8.818452946028387,7.6376025676727295,66.43661499023438,0.34638194367289543,1.325164020061493,184.47330474853516,0.3180391383357346,904.4995509525761,897.7432441711426,0.9925303370528828,0,0,897.7432441711426,1.0,,
2851,,,,,1.325185239315033,184.5377655029297,0.3180447234772146,904.8175956760533,898.0611410140991,0.9925327992136282,0,0,898.0611410140991,1.0000001192092896,,
2852,,,,,1.3251709938049316,184.6022186279297,0.31804129062220454,905.1356369666755,898.3790349960327,0.9925352602475285,0,0,898.3790349960327,0.9999999403953552,,
2853,,,,,1.3251870274543762,184.6666717529297,0.31804507225751877,905.453682038933,898.696907043457,0.9925376911823233,0,0,898.696907043457,1.0,,
2854,,,,,1.3252090811729431,184.73114013671875,0.3180506257340312,905.7717326646671,899.0148620605469,0.9925402059255666,0,0,899.0148620605469,0.9999999403953552,,
2855,,,,,1.3251979351043701,184.79559326171875,0.31804741686210036,906.0897800815292,899.332709312439,0.9925426034840794,0,0,899.332709312439,1.0,,
2856,,,,,1.3251386284828186,184.86005401611328,0.31803288124501705,906.4078129627742,899.6506280899048,0.9925450941880308,0,0,899.6506280899048,0.9999998211860657,,
2857,,,,,1.325143814086914,184.9245147705078,0.3180343476124108,906.7258473103866,899.9685115814209,0.9925475426238141,0,0,899.9685115814209,0.9999999403953552,,
2858,,,,,1.3251616954803467,184.9889678955078,0.3180381413549185,907.0438854517415,900.2863969802856,0.9925499872940642,0,0,900.2863969802856,1.0,,
2859,,,,,1.3251659870147705,185.05343627929688,0.31803977862000465,907.3619252303615,900.6042737960815,0.9925524190002073,0,0,900.6042737960815,0.9999999403953552,,
2860,8.831243645210824,7.632155776023865,66.29922580718994,0.34050993621349335,1.3251506090164185,185.11788940429688,0.31803562212735415,907.6799608524889,900.9221477508545,0.9925548503954098,0,0,900.9221477508545,0.9999999403953552,,
2861,,,,,1.3252183198928833,185.18235778808594,0.31805207347497344,907.9980129259638,901.2400493621826,0.9925572925627831,0,0,901.2400493621826,0.9999995827674866,,
2862,,,,,1.3252389430999756,185.24681091308594,0.31805712822824717,908.3160700541921,901.557957649231,0.9925597348458682,0,0,901.557957649231,1.0000001192092896,,
2863,,,,,1.3252322673797607,185.311279296875,0.3180555496364832,908.6341256038286,901.8758478164673,0.9925621572017548,0,0,901.8758478164673,1.0000001192092896,,
2864,,,,,1.3252309560775757,185.37574005126953,0.31805505882948637,908.9521806626581,902.193793296814,0.9925646392520693,0,0,902.193793296814,1.0,,
2865,,,,,1.3251738548278809,185.44020080566406,0.318042054772377,909.2702227174304,902.5116920471191,0.9925670823684142,0,0,902.5116920471191,0.9999998211860657,,
2866,,,,,1.325198471546173,185.50466918945312,0.31804804457351565,909.588270762004,902.8295936584473,0.9925695203854205,0,0,902.8295936584473,0.9999998807907104,,
2867,,,,,1.3251712918281555,185.56912994384766,0.3180411849170923,909.906311946921,903.1474857330322,0.9925719536999056,0,0,903.1474857330322,0.9999999403953552,,
2868,,,,,1.3251762986183167,185.63358306884766,0.31804209761321545,910.2243540445343,903.4653778076172,0.9925743843186738,0,0,903.4653778076172,0.9999999403953552,,
2869,,,,,1.325180470943451,185.69805145263672,0.3180431737564504,910.5423972182907,903.7832565307617,0.992576797403197,0,0,903.7832565307617,1.0,,
2870,8.843816725286354,7.626655101776123,66.16340255737305,0.3396294005215168,1.3252122402191162,185.7625274658203,0.3180505628697574,910.8604477811605,904.1011619567871,0.9925792300666476,0,0,904.1011619567871,1.0,,
2871,,,,,1.3251680731773376,185.82698822021484,0.3180411518551409,911.1784889330156,904.4190587997437,0.9925816618638701,0,0,904.4190587997437,1.0,,
2872,,,,,1.3251980543136597,185.89144134521484,0.31804766319692135,911.4965365962125,904.7369556427002,0.9925840848734812,0,0,904.7369556427002,1.0,,
2873,,,,,1.3251688480377197,185.9559097290039,0.3180407281033695,911.8145773243159,905.0548334121704,0.9925864928240314,0,0,905.0548334121704,0.9999998807907104,,
2874,,,,,1.325185775756836,186.0203857421875,0.31804485293105245,912.132622177247,905.3727283477783,0.9925889134264995,0,0,905.3727283477783,0.9999999403953552,,
2875,,,,,1.3252052068710327,186.08484649658203,0.3180493591353297,912.4506715363823,905.6906690597534,0.9925913776081206,0,0,905.6906690597534,1.0,,
2876,,,,,1.3251774907112122,186.1493148803711,0.31804239051416516,912.7687139268965,906.0085573196411,0.9925937901857165,0,0,906.0085573196411,0.9999999403953552,,
2877,,,,,1.3251397013664246,186.21377563476562,0.3180334959179163,913.0867474228144,906.3264303207397,0.9925961940405371,0,0,906.3264303207397,1.0,,
2878,,,,,1.3251535892486572,186.27823638916016,0.3180370279587805,913.4047844507731,906.6443109512329,0.9925986007358103,0,0,906.6443109512329,0.9999999403953552,,
2879,,,,,1.3251771330833435,186.34270477294922,0.31804235791787505,913.722826808691,906.9622001647949,0.9926010093591405,0,0,906.9622001647949,1.0,,
2880,8.85626932374668,7.621028900146484,66.02591323852539,0.34391897171735764,1.3251713514328003,186.40716552734375,0.31804100377485156,914.0408678124659,907.2800769805908,0.9926034042131437,0,0,907.2800769805908,1.0,,
2881,,,,,1.3252251148223877,186.47164154052734,0.3180542648769915,914.3589220773429,907.5980377197266,0.9926058747890192,0,0,907.5980377197266,0.9999996423721313,,
2882,,,,,1.325210690498352,186.53610229492188,0.3180503137409687,914.6769723910838,907.9158792495728,0.9926082176051314,0,0,907.9158792495728,1.0,,
2883,,,,,1.3252552151679993,186.60057830810547,0.3180605839006603,914.9950329749845,908.2338342666626,0.9926106716816376,0,0,908.2338342666626,0.9999998807907104,,
2884,,,,,1.325280785560608,186.66504669189453,0.31806782726198435,915.3131008022465,908.5517501831055,0.9926130734792107,0,0,908.5517501831055,0.9999999403953552,,
2885,,,,,1.3252057433128357,186.72952270507812,0.3180490816012025,915.6311498838477,908.8696460723877,0.9926154720573686,0,0,908.8696460723877,0.9999997615814209,,
2886,,,,,1.3251981139183044,186.7939910888672,0.3180475109256804,915.9491973947734,909.1875457763672,0.9926178748366838,0,0,909.1875457763672,0.9999999403953552,,
2887,,,,,1.3251978754997253,186.85845947265625,0.31804787274450064,916.2672452675179,909.5054388046265,0.9926202682701833,0,0,909.5054388046265,1.0,,
2888,,,,,1.3251557350158691,186.9229278564453,0.318037583027035,916.5852828505449,909.8233318328857,0.9926226711860017,0,0,909.8233318328857,1.0000001192092896,,
2889,,,,,1.3252007961273193,186.98739624023438,0.3180484054610133,916.9033312560059,910.141227722168,0.9926250638389807,0,0,910.141227722168,1.0,,
2890,8.868701560943725,7.615190625190735,65.88316249847412,0.35091958940029144,1.32522851228714,187.05187225341797,0.3180550513789058,917.2213863073848,910.459135055542,0.9926274601172703,0,0,910.459135055542,0.9999998807907104,,
2891,,,,,1.3251808881759644,187.11634063720703,0.3180431784130633,917.5394294857979,910.7770662307739,0.9926298935634682,0,0,910.7770662307739,0.9999998807907104,,
2892,,,,,1.3251779675483704,187.1808090209961,0.31804294884204865,917.8574724346399,911.0949573516846,0.9926322819325982,0,0,911.0949573516846,1.0,,
2893,,,,,1.3252180218696594,187.2452850341797,0.318052145652473,918.1755245802924,911.4128561019897,0.9926346670138099,0,0,911.4128561019897,0.9999999403953552,,
2894,,,,,1.3252066373825073,187.30975341796875,0.31804940197616816,918.4935739822686,911.7307224273682,0.992637018106093,0,0,911.7307224273682,0.9999999403953552,,
2895,,,,,1.325221598148346,187.3742218017578,0.3180533181875944,918.8116273004562,912.0486602783203,0.9926394411855595,0,0,912.0486602783203,0.9999999403953552,,
2896,,,,,1.3251566886901855,187.4386978149414,0.31803762819617987,919.1296649286523,912.3665370941162,0.992641813127572,0,0,912.3665370941162,0.9999998807907104,,
2897,,,,,1.325139582157135,187.50316619873047,0.31803319649770856,919.44769812515,912.6844100952148,0.9926441840642732,0,0,912.6844100952148,0.9999998807907104,,
2898,,,,,1.3251230716705322,187.56763458251953,0.31802879832684994,919.7657269234769,913.002275466919,0.9926465498130899,0,0,913.002275466919,0.9999999403953552,,
2899,,,,,1.3251909613609314,187.63211822509766,0.31804587645456195,920.0837727999315,913.3201904296875,0.9926489493998328,0,0,913.3201904296875,0.9999999403953552,,
2900,8.881195789757635,7.609057545661926,65.73238754272461,0.3568057231605053,1.3251694440841675,187.6965789794922,0.3180407239124179,920.4018135238439,913.6381072998047,0.9926513549575215,0,0,913.6381072998047,1.0,2946e020749b12b3c524b5dd2b2c901e5745e01ebae1bee3daf9f8ce522ad89c,True
2901,,,,,1.325240433216095,187.7610626220703,0.31805793661624193,920.7198714604601,913.9560222625732,0.9926537382242452,0,0,913.9560222625732,0.9999996423721313,,
2902,,,,,1.325232446193695,187.8255386352539,0.31805563531816006,921.0379270957783,914.2739315032959,0.9926561161125995,0,0,914.2739315032959,1.0,,
2903,,,,,1.3252776265144348,187.8900146484375,0.3180661923252046,921.3559932881035,914.5918464660645,0.9926584871957034,0,0,914.5918464660645,0.9999999403953552,,
2904,,,,,1.3252361416816711,187.9544906616211,0.3180565042421222,921.6740497923456,914.9097423553467,0.992660846382163,0,0,914.9097423553467,0.9999999403953552,,
2905,,,,,1.3252601623535156,188.01895904541016,0.31806172290816903,921.9921115152538,915.2276477813721,0.9926632086658902,0,0,915.2276477813721,0.9999999403953552,,
2906,,,,,1.3251993656158447,188.08343505859375,0.31804827274754643,922.3101597880013,915.5455627441406,0.9926655941365575,0,0,915.5455627441406,0.9999998807907104,,
2907,,,,,1.3252184391021729,188.14791870117188,0.3180521591566503,922.628211947158,915.8635177612305,0.992668017194432,0,0,915.8635177612305,1.0,,
2908,,,,,1.325186014175415,188.21239471435547,0.31804420286789536,922.9462561500259,916.1813774108887,0.9926703438103133,0,0,916.1813774108887,1.0,,
2909,,,,,1.325187861919403,188.27687072753906,0.3180453022941947,923.2643014523201,916.4992542266846,0.9926726862340557,0,0,916.4992542266846,1.0000001192092896,,
2910,8.893830018467796,7.6025495529174805,65.57226657867432,0.3619413822889328,1.3252058029174805,188.34133911132812,0.31804923014715314,923.5823506824672,916.8171577453613,0.9926750517351183,0,0,916.8171577453613,0.9999999403953552,,
2911,,,,,1.3252031803131104,188.40581512451172,0.3180486890487373,923.900399371516,917.1350555419922,0.9926774099955721,0,0,917.1350555419922,0.9999999403953552,,
2912,,,,,1.3251770734786987,188.47029876708984,0.31804283102974296,924.2184422025457,917.4529724121094,0.9926797935623161,0,0,917.4529724121094,1.0,,
2913,,,,,1.3252297639846802,188.53477478027344,0.31805540760979056,924.5364976101555,917.7708911895752,0.9926821640486126,0,0,917.7708911895752,0.9999998807907104,,
2914,,,,,1.3251530528068542,188.59925842285156,0.31803599651902914,924.8545336066745,918.0887966156006,0.9926845393029643,0,0,918.0887966156006,0.9999998211860657,,
2915,,,,,1.3252142071723938,188.66373443603516,0.31805159663781524,925.1725852033123,918.4066772460938,0.9926868693847724,0,0,918.4066772460938,0.9999998807907104,,
2916,,,,,1.325146734714508,188.72820281982422,0.3180352048948407,925.4906204082072,918.724573135376,0.9926892319342492,0,0,918.724573135376,0.9999997615814209,,
2917,,,,,1.3251948356628418,188.79268646240234,0.3180468608625233,925.8086672690697,919.0424537658691,0.992691563880947,0,0,919.0424537658691,1.0,,
2918,,,,,1.325131893157959,188.85716247558594,0.3180310861207545,926.1266983551905,919.3603820800781,0.9926939626218201,0,0,919.3603820800781,1.0000001192092896,,
2919,,,,,1.325135052204132,188.921630859375,0.3180318330414593,926.4447301882319,919.6782073974609,0.9926962477411931,0,0,919.6782073974609,1.0,,
2920,8.906646850099602,7.595609068870544,65.40176773071289,0.36667274311184883,1.325141966342926,188.98611450195312,0.3180340654216707,926.7627642536536,919.9961566925049,0.992698662675988,0,0,919.9961566925049,1.0,,
2921,,,,,1.3252353072166443,189.05059051513672,0.318056748714298,927.0808210023679,920.3140411376953,0.9927009817144559,0,0,920.3140411376953,0.999999463558197,,
2922,,,,,1.3252635598182678,189.11507415771484,0.31806318601593375,927.3988841883838,920.6319789886475,0.9927033498582873,0,0,920.6319789886475,0.9999998807907104,,
2923,,,,,1.3252394795417786,189.1795654296875,0.31805802369490266,927.7169422120787,920.9498748779297,0.9927056766711466,0,0,920.9498748779297,1.0,,
2924,,,,,1.3252902030944824,189.24405670166016,0.3180694398470223,928.0350116519257,921.2678375244141,0.9927080616113104,0,0,921.2678375244141,0.9999999403953552,,
2925,,,,,1.3252850770950317,189.30853271484375,0.31806832319125533,928.353079975117,921.5857563018799,0.9927103988566295,0,0,921.5857563018799,1.0,,
2926,,,,,1.3251742124557495,189.37300872802734,0.31804182939231396,928.6711218045093,921.9036407470703,0.992712725852517,0,0,921.9036407470703,0.999999463558197,,
2927,,,,,1.3251787424087524,189.43749237060547,0.3180430615320802,928.9891648660414,922.2215423583984,0.9927150684167346,0,0,922.2215423583984,0.9999999403953552,,
2928,,,,,1.3251999616622925,189.5019760131836,0.3180479179136455,929.307212783955,922.5394325256348,0.9927173918751294,0,0,922.5394325256348,0.9999999403953552,,
2929,,,,,1.3252013325691223,189.56645965576172,0.31804842920973897,929.6252612131648,922.8573703765869,0.9927197644911814,0,0,922.8573703765869,1.0,,
2930,8.919687201713977,7.588183164596558,65.21918392181396,0.3718058913946152,1.3251838684082031,189.63094329833984,0.31804404966533184,929.9433052628301,923.1752471923828,0.9927220745263223,0,0,923.1752471923828,1.0,,
2931,,,,,1.3251903653144836,189.69542694091797,0.31804538145661354,930.2613506442867,923.4931335449219,0.9927243918123888,0,0,923.4931335449219,1.0,,
2932,,,,,1.325211763381958,189.75990295410156,0.31805028254166245,930.5794009268284,923.81103515625,0.9927267186831792,0,0,923.81103515625,1.0,,
2933,,,,,1.3251904249191284,189.82437896728516,0.31804530089721084,930.8974462277256,924.128942489624,0.9927290554233116,0,0,924.128942489624,0.9999999403953552,,
2934,,,,,1.3251850605010986,189.8888702392578,0.3180442089214921,931.2154904366471,924.4468231201172,0.992731363056088,0,0,924.4468231201172,1.0,,
2935,,,,,1.3251873254776,189.95335388183594,0.3180449567735195,931.5335353934206,924.7647857666016,0.9927337563601922,0,0,924.7647857666016,1.0,,
2936,,,,,1.3252190947532654,190.01783752441406,0.3180524199269712,931.8515878133476,925.0826568603516,0.9927360418316389,0,0,925.0826568603516,0.9999999403953552,,
2937,,,,,1.3252078890800476,190.0823211669922,0.31804969860240817,932.16963751195,925.4005737304688,0.9927383777489798,0,0,925.4005737304688,1.0,,
2938,,,,,1.3251597881317139,190.1468048095703,0.31803817162290215,932.4876756835729,925.7184448242188,0.99274067525408,0,0,925.7184448242188,0.9999998807907104,,
2939,,,,,1.325156331062317,190.21129608154297,0.31803735811263323,932.8057130416855,926.0363502502441,0.9927430088636905,0,0,926.0363502502441,0.9999999403953552,,
2940,8.932970397057604,7.580230474472046,65.02379417419434,0.37726838886737823,1.3251709342002869,190.27577209472656,0.31804082076996565,933.1237538624555,926.3542327880859,0.9927453126701045,0,0,926.3542327880859,0.9999999403953552,,
2941,,,,,1.325228750705719,190.3402557373047,0.3180550201795995,933.4418088826351,926.6721572875977,0.9927476447587644,0,0,926.6721572875977,0.9999996423721313,,
2942,,,,,1.3252465724945068,190.40474700927734,0.3180589466355741,933.7598678292707,926.9900665283203,0.9927499547429799,0,0,926.9900665283203,1.0,,
2943,,,,,1.3252659440040588,190.46923065185547,0.31806378858163953,934.0779316178523,927.3079833984375,0.9927522661758104,0,0,927.3079833984375,1.0,,
2944,,,,,1.3252424597740173,190.53372955322266,0.3180581834167242,934.395989801269,927.6259632110596,0.9927546493519837,0,0,927.6259632110596,1.0,,
2945,,,,,1.32521253824234,190.59821319580078,0.3180509926751256,934.7140407939442,927.9438304901123,0.9927569181499807,0,0,927.9438304901123,1.0,,
2946,,,,,1.3251981139183044,190.66270446777344,0.3180476655252278,935.0320884594694,928.26171875,0.9927592113757026,0,0,928.26171875,0.9999999403953552,,
2947,,,,,1.3252078294754028,190.7271957397461,0.31804951885715127,935.3501379783265,928.5796527862549,0.9927615500151564,0,0,928.5796527862549,1.0000001192092896,,
2948,,,,,1.3251910209655762,190.79167938232422,0.3180458792485297,935.6681838575751,928.8975658416748,0.9927638685030549,0,0,928.8975658416748,1.0,,
2949,,,,,1.32520192861557,190.85616302490234,0.31804855400696397,935.986232411582,929.2154712677002,0.9927661744271197,0,0,929.2154712677002,1.0,,
2950,8.946526588956674,7.571712136268616,64.81534957885742,0.3837067000567913,1.3252370953559875,190.92066192626953,0.3180566197261214,936.3042890313081,929.5334014892578,0.9927684967148271,0,0,929.5334014892578,0.9999999403953552,,
2951,,,,,1.3252124190330505,190.98514556884766,0.3180506257340312,936.6223396570422,929.8512744903564,0.9927707626863074,0,0,929.8512744903564,0.9999998211860657,,
2952,,,,,1.3252237439155579,191.04964447021484,0.31805381970480084,936.940393476747,930.169189453125,0.9927730685209367,0,0,930.169189453125,1.0,,
2953,,,,,1.3251964449882507,191.11412048339844,0.31804672442376614,937.2584402011707,930.4871025085449,0.9927753782711485,0,0,930.4871025085449,1.0000001192092896,,
2954,,,,,1.3251771330833435,191.17860412597656,0.31804272439330816,937.576482925564,930.8049774169922,0.9927776500030766,0,0,930.8049774169922,0.9999999403953552,,
2955,,,,,1.3251951336860657,191.24310302734375,0.3180463295429945,937.894529255107,931.1228771209717,0.9927799428156229,0,0,931.1228771209717,0.9999999403953552,,
2956,,,,,1.3251811861991882,191.3075942993164,0.3180430391803384,938.2125722942874,931.4408111572266,0.9927822741487013,0,0,931.4408111572266,0.9999999403953552,,
2957,,,,,1.3251662850379944,191.37207794189453,0.3180400347337127,938.5306123290211,931.7587280273438,0.9927845887894126,0,0,931.7587280273438,1.0,,
2958,,,,,1.3251760601997375,191.4365692138672,0.31804182613268495,938.8486541551538,932.0765991210938,0.9927868512096286,0,0,932.0765991210938,1.0,,
2959,,,,,1.3252045512199402,191.50106048583984,0.31804936612024903,939.166703521274,932.3944797515869,0.9927891142815257,0,0,932.3944797515869,1.0,,
2960,8.96039176626826,7.562600016593933,64.59385204315186,0.39190682023763657,1.3252163529396057,191.5655517578125,0.3180518699809909,939.484755391255,932.7124500274658,0.9927914685949643,0,0,932.7124500274658,1.0,,
2961,,,,,1.3252898454666138,191.6300506591797,0.3180697010830045,939.802825092338,933.0303497314453,0.9927937273861372,0,0,933.0303497314453,0.9999991655349731,,
2962,,,,,1.3252301812171936,191.6945343017578,0.31805535312741995,940.1208804454654,933.3482570648193,0.9927960079160906,0,0,933.3482570648193,0.9999998211860657,,
2963,,,,,1.3252196907997131,191.759033203125,0.31805290235206485,940.4389333478175,933.6661586761475,0.9927982834062803,0,0,933.6661586761475,0.9999999403953552,,
2964,,,,,1.3252149820327759,191.8235321044922,0.31805100105702877,940.7569843488745,933.9840564727783,0.9928005553094192,0,0,933.9840564727783,1.0,,
2965,,,,,1.3252617120742798,191.88802337646484,0.3180623482912779,941.0750466971658,934.3020172119141,0.9928028805895729,0,0,934.3020172119141,0.9999998807907104,,
2966,,,,,1.325215458869934,191.95252227783203,0.3180516716092825,941.3930983687751,934.6199340820312,0.9928051689581311,0,0,934.6199340820312,0.9999998807907104,,
2967,,,,,1.325206458568573,192.0170135498047,0.31804919987916946,941.7111475686543,934.9378509521484,0.9928074583867947,0,0,934.9378509521484,1.0,,
2968,,,,,1.325209379196167,192.08150482177734,0.3180507514625788,942.0291983201168,935.255765914917,0.9928097426095925,0,0,935.255765914917,1.0,,
2969,,,,,1.325183629989624,192.14599609375,0.31804383918643,942.3472421593033,935.5736465454102,0.99281199614022,0,0,935.5736465454102,1.0,,
2970,8.974614757117363,7.552850246429443,64.35923290252686,0.4032305106520653,1.3251768946647644,192.21048736572266,0.3180425832979381,942.6652847426012,935.8915557861328,0.992814279823279,0,0,935.8915557861328,1.0,,
2971,,,,,1.3252134919166565,192.27498626708984,0.31805078173056245,942.9833355243318,936.2094268798828,0.9928165128807038,0,0,936.2094268798828,1.0000001192092896,,
2972,,,,,1.3252117037773132,192.3394775390625,0.31805116729810834,943.3013866916299,936.52734375,0.9928187925543193,0,0,936.52734375,1.0000001192092896,,
2973,,,,,1.3252219557762146,192.4039764404297,0.3180531649850309,943.6194398566149,936.8452606201172,0.9928210685893372,0,0,936.8452606201172,1.0,,
2974,,,,,1.325227439403534,192.46847534179688,0.3180542946793139,943.9374941512942,937.1631755828857,0.9928233398817361,0,0,937.1631755828857,1.0,,
2975,,,,,1.3252077102661133,192.53296661376953,0.3180496827699244,944.2555438340642,937.481050491333,0.9928255720742449,0,0,937.481050491333,1.0000001192092896,,
2976,,,,,1.3252325057983398,192.59746551513672,0.31805602507665753,944.5735998591408,937.7990112304688,0.992827886964358,0,0,937.7990112304688,0.9999999403953552,,
2977,,,,,1.3251913785934448,192.66195678710938,0.31804562313482165,944.8916454822756,938.1168823242188,0.9928301163520182,0,0,938.1168823242188,1.0,,
2978,,,,,1.3251717686653137,192.7264633178711,0.31804099725559354,945.2096864795312,938.4347953796387,0.9928323934923615,0,0,938.4347953796387,1.0,,
2979,,,,,1.325191855430603,192.79094696044922,0.3180462531745434,945.5277327327058,938.7526702880859,0.99283462323729,0,0,938.7526702880859,1.0000001192092896,,
2980,8.989226687001992,7.542413830757141,64.11124610900879,0.4162100814282894,1.3251768946647644,192.85546112060547,0.31804236862808466,945.8457751013339,939.0706329345703,0.9928369483216873,0,0,939.0706329345703,1.0,,
2981,,,,,1.3252191543579102,192.91995239257812,0.3180528278462589,946.1638279291801,939.3885307312012,0.9928391923280255,0,0,939.3885307312012,0.9999997615814209,,
2982,,,,,1.3252384066581726,192.9844512939453,0.31805770471692085,946.481885633897,939.7064247131348,0.9928414256800853,0,0,939.7064247131348,1.0,,
2983,,,,,1.3252232670783997,193.04894256591797,0.3180530029349029,946.7999386368319,940.0243835449219,0.9928437309558065,0,0,940.0243835449219,0.9999999403953552,,
2984,,,,,1.3252014517784119,193.11344146728516,0.31804835703223944,947.1179869938642,940.3423004150391,0.9928459952488792,0,0,940.3423004150391,1.0000001192092896,,
2985,,,,,1.3252615928649902,193.17794799804688,0.31806263513863087,947.4360496290028,940.6602172851562,0.9928482430592536,0,0,940.6602172851562,0.9999997615814209,,
2986,,,,,1.325220763683319,193.24244689941406,0.31805280363187194,947.7541024326347,940.9781341552734,0.9928504996602282,0,0,940.9781341552734,0.9999998807907104,,
2987,,,,,1.3251939415931702,193.30693817138672,0.318046189378947,948.0721486220136,941.2960395812988,0.9928527496029025,0,0,941.2960395812988,0.9999999403953552,,
2988,,,,,1.3252291679382324,193.3714370727539,0.31805525440722704,948.3902038764209,941.6139221191406,0.9928549644127659,0,0,941.6139221191406,0.9999999403953552,,
2989,,,,,1.325194239616394,193.43594360351562,0.31804613303393126,948.7082500094548,941.9318771362305,0.9928572636812658,0,0,941.9318771362305,0.9999999403953552,,
2990,9.00425252116534,7.531224608421326,63.84597969055176,0.4316323846578598,1.325226604938507,193.50043487548828,0.3180545885115862,949.0263045979664,942.249755859375,0.9928594721708339,0,0,942.249755859375,0.9999999403953552,,
2991,,,,,1.3251624703407288,193.56494140625,0.3180389730259776,949.3443435709924,942.5676803588867,0.9928617437308196,0,0,942.5676803588867,0.9999997615814209,,
2992,,,,,1.325244963169098,193.6294403076172,0.3180586565285921,949.6624022275209,942.8855400085449,0.9928639249031221,0,0,942.8855400085449,0.999999463558197,,
2993,,,,,1.325227439403534,193.6939468383789,0.31805447256192565,949.9804567000829,943.2035064697266,0.9928662214232299,0,0,943.2035064697266,0.9999999403953552,,
2994,,,,,1.325191617012024,193.7584457397461,0.31804595701396465,950.2985026570968,943.521390914917,0.992868438997608,0,0,943.521390914917,0.9999998807907104,,
2995,,,,,1.3252424597740173,193.8229522705078,0.31805846467614174,950.616561121773,943.8392963409424,0.992870664095275,0,0,943.8392963409424,0.9999998807907104,,
2996,,,,,1.3252028822898865,193.887451171875,0.3180490341037512,950.9346101558767,944.1572551727295,0.9928729537123091,0,0,944.1572551727295,0.9999998807907104,,
2997,,,,,1.3251971006393433,193.9519500732422,0.3180473200045526,951.2526574758813,944.4751720428467,0.9928751994753744,0,0,944.4751720428467,1.0,,
2998,,,,,1.3252008557319641,194.01644897460938,0.3180484976619482,951.5707059735432,944.7930450439453,0.9928773964067497,0,0,944.7930450439453,1.0,,
2999,,,,,1.325146734714508,194.08094787597656,0.3180356565862894,951.8887416301295,945.1109313964844,0.9928796192903395,0,0,945.1109313964844,1.0,,
3000,9.019699781602755,7.5192166566848755,63.560797691345215,0.4501241073012352,1.3251781463623047,194.14545440673828,0.3180428193882108,952.2067844495177,945.428876876831,0.9928818953158309,0,0,945.428876876831,1.0000001192092896,0bc0d41d27516d98ee754d0920c62ddffb7666e7282d3d08ffdb3212986b11a4,True
3001,9.019699781602755,7.5192166566848755,63.560797691345215,0.0,1.3251781463623047,194.14545440673828,0.3180428193882108,952.2067844495177,945.428876876831,0.9928818953158309,0,0,,,,
